tree
version=v4
num_class=1
num_tree_per_iteration=1
label_index=0
max_feature_idx=10
objective=regression
feature_names=lag_7 lag_28 rolling_mean_7 rolling_std_7 ema_7 ema_28 is_event discount_ratio day_of_week month is_weekend
feature_infos=[0:38] [0:38] [6.7142857142857144:24.142857142857142] [1.4960264830862091:12.581165060745144] [6.5202590187576988:24.23605465907896] [10.666414365067828:19.032241922423221] [0:1] [0:0.86629742314687896] [0:6] [1:5] [0:1]
tree_sizes=2207 2040 2360 2116 1688 2282 2284 1958 2050 2128 2475 2291 2028 2374 2118 1610 2134 1531 2129 1969 2111 1865 2294 1522 2375 1952 1452 2040 1706 1961 1524 1953 1949 2625 1448 1612 1530 2114 1451 1353 1356 2458 1532 1524 1275 1516 2472 1536 2300 1447 2310 1441 1454 2477 1624 1527 2365 1524 2554 930 2560 2038 926 1959 2462 2302 1612 2299 2038 1192 1442 2549 932 2461 1104 2129 1960 930 1875 1105 2123 933 2016 1109 2117 1786 1443 930 2114 1189 2200 1868 1856 1106 1960 1532 1530 1963 1113 2548 932 2201 1193 2383 929 2125 1780 1525 1104 1963 1189 1789 1441 1879 2212 1520 2365 1445 1101 2389 1696 1532 1110 1340 1954 1948 1362 1440 855 2129 1877 2280 1192 1454 1108 1278 1265 933 1441 1368 2385 2621 1598 1443 2126 1359 1438 1353 2543 1771 1448 854 1692 1627 1603 1533 1957 2034 1446 1770 1264 2033 1433 933 1773 1444 1369 1369 1434 1688 1443 2037 2392 1777 1789 1266 2391 1622 1340 1876 1114 1368 856 1792 937 1281 1860 2203 1525 2384 1629 1876 1856 1621 1863 1265 1534 1531 1617 2106

Tree=0
num_leaves=26
num_cat=0
split_feature=9 7 1 4 1 0 7 4 4 0 0 0 7 3 7 3 3 0 0 1 0 4 7 4 1
split_gain=341.907 297.976 408.091 498.149 388.699 393.709 358.317 352.988 290.69 301.373 376.432 352.955 235.426 168.304 158.941 315.232 252.973 251.278 241.089 214.136 243.075 165.058 147.713 145.455 15.6732
threshold=2.5000000000000004 0.41856757364393143 13.500000000000002 18.323573397838395 18.500000000000004 20.500000000000004 0.43907863847878786 19.205305226628635 17.444833100412477 11.500000000000002 22.500000000000004 3.5000000000000004 0.52905150949594704 8.7858106539118186 0.12348188893391697 3.0078843751231035 8.7858106539118186 19.500000000000004 16.500000000000004 14.500000000000002 16.500000000000004 15.287309407663331 0.11758336274351622 13.603894334081794 14.500000000000002
decision_type=2 2 2 2 2 2 2 2 2 2 2 2 2 2 2 2 2 2 2 2 2 2 2 2 2
left_child=14 8 3 6 12 -6 -3 -5 9 11 -11 -2 -4 22 19 -16 17 -17 -18 20 23 -21 -10 -1 -15
right_child=1 2 4 7 5 -7 -8 -9 13 10 -12 -13 -14 24 15 16 18 -19 -20 21 -22 -23 -24 -25 -26
leaf_value=14.565347227070941 14.518198474270887 14.585107381026761 14.518147421200144 14.607734776104921 14.554220696880073 14.530003793698626 14.54752950316589 14.558369156257362 14.510035917863563 14.533404546312903 14.551449601727359 14.551505965552215 14.537967268143493 14.539955325163231 14.570523112432813 14.533919411117152 14.534937528899899 14.518514519899909 14.568333315231522 14.51857671615217 14.590231291066877 14.550653779844403 14.530728121631412 14.527428653332178 14.552549708396675
leaf_weight=22 38 29 86 28 295 97 568 36 59 561 162 386 269 21 25 559 57 145 40 37 20 33 103 22 22
leaf_count=22 38 29 86 28 295 97 568 36 59 561 162 386 269 21 25 559 57 145 40 37 20 33 103 22 22
internal_value=14.5411 14.543 14.5464 14.5523 14.5411 14.5482 14.5494 14.58 14.5395 14.5415 14.5374 14.5485 14.5332 14.5281 14.5358 14.5341 14.5329 14.5307 14.5487 14.5463 14.5601 14.5337 14.5232 14.5464 14.5464
internal_weight=3720 2760 1408 661 747 392 597 64 1352 1147 723 424 355 205 960 826 801 704 97 134 64 70 162 44 43
internal_count=3720 2760 1408 661 747 392 597 64 1352 1147 723 424 355 205 960 826 801 704 97 134 64 70 162 44 43
is_linear=0
shrinkage=1


Tree=1
num_leaves=22
num_cat=0
split_feature=9 6 7 5 5 7 7 8 7 8 5 9 7 7 3 3 3 7 4 7 3
split_gain=334.814 293.999 285.848 265.235 355.21 353.676 339.231 248.885 278.825 227.84 220.121 200.259 197.45 155.644 308.692 247.725 237.207 211.3 267.148 189.886 138.4
threshold=2.5000000000000004 1.0000000180025095e-35 0.10179469516679256 16.291758455811983 14.654020148029447 0.42915757408335492 0.77279574640276405 1.5000000000000002 0.53158523097013355 4.5000000000000009 15.353289723986984 4.5000000000000009 0.60907250044297279 0.12348188893391697 3.0078843751231035 8.7858106539118186 9.8838433152543868 0.10523678859827851 16.789653788949249 0.23072550352129315 5.3117078709447698
decision_type=2 2 2 2 2 2 2 2 2 2 2 2 2 2 2 2 2 2 2 2 2
left_child=13 3 -3 4 6 9 -2 10 -9 -5 -4 -6 -7 17 -15 19 -17 18 20 -16 -1
right_child=1 2 7 5 11 12 -8 8 -10 -11 -12 -13 -14 14 15 16 -18 -19 -20 -21 -22
leaf_value=-0.026133065813915713 -0.0018140739345733582 -0.039291997308020923 -0.0056724741759118453 -0.027741720328414203 0.01233337764891987 0.019631168001941375 0.015090303376428109 -0.0097423921073875371 0.021075429755357644 0.0012358112547311878 -0.041038945861203234 0.0029713137863248674 -0.0053238727561191971 0.029087570455055816 -0.023355918121027545 0.016072579170878551 -0.023520349979211892 0.034664745232354244 0.033857330914994155 -0.008032286279089338 0.00092528871627078522
leaf_weight=31 1059 30 50 94 619 58 147 71 58 43 31 415 85 25 103 76 21 22 20 601 61
leaf_count=31 1059 30 50 94 619 58 147 71 58 43 31 415 85 25 103 76 21 22 20 601 61
internal_value=1.30322e-11 0.001845 -0.00918302 0.00289529 0.00409135 -0.00667323 0.00024641 -0.00488174 0.00411368 -0.0186466 -0.0192078 0.00857588 0.00479775 -0.00530437 -0.0069955 -0.00812169 0.00750091 0.00512006 -0.000683355 -0.0102742 -0.0081922
internal_weight=3720 2760 240 2520 2240 280 1206 210 129 137 81 1034 143 960 826 801 97 134 112 704 92
internal_count=3720 2760 240 2520 2240 280 1206 210 129 137 81 1034 143 960 826 801 97 134 112 704 92
is_linear=0
shrinkage=0.0104276


Tree=2
num_leaves=26
num_cat=0
split_feature=9 7 5 1 4 1 0 0 4 0 0 4 8 4 7 5 7 3 3 0 0 1 0 4 4
split_gain=327.868 286.597 407.192 399.57 487.499 379.956 385.351 355.531 345.711 316.954 549.952 276.231 391.435 360.606 229.946 159.569 152.415 302.288 242.585 246.164 234.919 210.8 237.224 159.816 142.841
threshold=2.5000000000000004 0.41856757364393143 15.61114557499099 13.500000000000002 18.323573397838395 18.500000000000004 20.500000000000004 17.500000000000004 19.205305226628635 23.500000000000004 17.500000000000004 14.324538393890881 5.5000000000000009 17.666244232755616 0.52905150949594704 16.203624186844724 0.12348188893391697 3.0078843751231035 8.7858106539118186 19.500000000000004 16.500000000000004 14.500000000000002 16.500000000000004 15.287309407663331 13.603894334081794
decision_type=2 2 2 2 2 2 2 2 2 2 2 2 2 2 2 2 2 2 2 2 2 2 2 2 2
left_child=16 2 11 4 7 14 -7 -3 -6 10 -4 12 -2 -13 -5 -11 21 -18 19 -19 -20 22 24 -23 -1
right_child=1 3 9 5 8 6 -8 -9 -10 15 -12 13 -14 -15 -16 -17 17 18 20 -21 -22 23 -24 -25 -26
leaf_value=0.023997809473420801 -0.0063943952228647238 0.002032674468018201 -0.0057260886334320575 -0.022764399284789998 0.065854816386138257 0.012898766300269572 -0.011059704349982057 0.01877905463573571 0.017000739215822059 0.031535601107323452 -0.036138613040222929 0.011644250081160412 0.01638936322591477 -0.022956285149459972 -0.0031765527582974795 -0.0033740527624486279 0.028784258527054768 -0.0070266732979003899 -0.0061714056683657625 -0.022274000448353214 0.026794294784320157 -0.02231898355267678 0.048522113886225453 0.0092445484276694901 -0.013578524854307068
leaf_weight=22 502 381 198 86 28 295 97 216 36 24 96 363 98 36 269 35 25 559 57 145 40 37 20 33 22
leaf_count=22 502 381 198 86 28 295 97 216 36 24 96 363 98 36 269 35 25 559 57 145 40 37 20 33 22
internal_value=-6.01484e-11 0.00182576 -0.00160333 0.00511847 0.0110237 -0.000106943 0.00697027 0.00809167 0.0383744 -0.0112303 -0.0156567 0.00179841 -0.00267305 0.0085224 -0.00792178 0.0108265 -0.00524906 -0.00692256 -0.008037 -0.0101671 0.0074227 0.00506667 0.0187448 -0.00743903 0.00520964
internal_weight=3720 2760 1352 1408 661 747 392 597 64 353 294 999 600 399 355 59 960 826 801 704 97 134 64 70 44
internal_count=3720 2760 1352 1408 661 747 392 597 64 353 294 999 600 399 355 59 960 826 801 704 97 134 64 70 44
is_linear=0
shrinkage=0.0104276


Tree=3
num_leaves=23
num_cat=0
split_feature=9 6 1 4 1 2 1 4 1 4 1 4 2 2 1 0 3 0 1 1 0 2
split_gain=321.066 287.82 240.869 324.011 277.736 419.381 239.553 237.462 230.314 346.213 496.845 297.543 237.297 205.203 324.755 164.461 550.03 221.237 210.66 473.057 109.604 91.1077
threshold=2.5000000000000004 1.0000000180025095e-35 13.500000000000002 10.000331866990015 18.500000000000004 16.500000000000004 15.500000000000002 18.323573397838395 19.500000000000004 12.793446320290638 11.500000000000002 14.40785398969893 14.928571428571431 18.071428571428573 13.500000000000002 19.500000000000004 8.520283806481908 22.500000000000004 8.5000000000000018 9.5000000000000018 9.5000000000000018 19.357142857142858
decision_type=2 2 2 2 2 2 2 2 2 2 2 2 2 2 2 2 2 2 2 2 2 2
left_child=13 2 3 -2 6 -6 -4 -5 9 10 -3 -11 -10 15 -15 18 17 -17 20 -20 -1 -16
right_child=1 8 4 7 5 -7 -8 -9 12 11 -12 -13 -14 14 21 16 -18 -19 19 -21 -22 -23
leaf_value=-0.02705696681819161 0.043448077480628546 0.050130867197007101 0.0025892012979237661 0.0039740412233443736 0.008625094529590465 -0.0098005660889935418 -0.010654351531080162 0.020290048065882048 -0.01350947711282395 -0.047440112585048495 -0.017427512340872347 -0.013295063779188409 0.035602307210375932 0.037939423440417619 0.0098522724880339679 -0.041432782463354231 0.022144003391250909 -0.014123452892968109 0.04482277655129055 -0.003462931539483145 -0.0086975271229839338 -0.019609681988447425
leaf_weight=55 25 20 249 1037 557 177 368 107 20 37 29 111 23 30 21 55 33 78 23 541 99 25
leaf_count=55 25 20 249 1037 557 177 368 107 20 37 29 111 23 30 21 55 33 78 23 541 99 25
internal_value=-1.4185e-10 0.00180672 0.00284591 0.00631165 -0.000152933 0.00418185 -0.00530971 0.0055001 -0.00910481 -0.0138772 0.0101473 -0.0218313 0.0127596 -0.00519433 0.0112479 -0.00660791 -0.0159619 -0.0254168 -0.00444528 -0.00149383 -0.0152545 -0.00615966
internal_weight=3720 2760 2520 1169 1351 734 617 1144 240 197 49 148 43 960 76 884 166 133 718 564 154 46
internal_count=3720 2760 2520 1169 1351 734 617 1144 240 197 49 148 43 960 76 884 166 133 718 564 154 46
is_linear=0
shrinkage=0.0104276


Tree=4
num_leaves=18
num_cat=0
split_feature=9 2 9 0 8 2 1 1 1 2 0 3 0 1 1 8 0
split_gain=314.405 222.644 215.222 304.306 277.277 200.945 318.017 176.108 399.29 281.674 161.049 538.619 216.647 206.29 463.243 120.913 107.33
threshold=2.5000000000000004 8.9285714285714306 4.5000000000000009 3.5000000000000004 2.5000000000000004 18.071428571428573 13.500000000000002 11.500000000000002 9.5000000000000018 12.928571428571431 19.500000000000004 8.520283806481908 22.500000000000004 8.5000000000000018 9.5000000000000018 2.5000000000000004 9.5000000000000018
decision_type=2 2 2 2 2 2 2 2 2 2 2 2 2 2 2 2 2
left_child=5 -2 7 -4 -5 10 -7 8 -3 -9 13 12 -12 16 -15 -8 -1
right_child=1 2 3 4 -6 6 15 9 -10 -11 11 -13 -14 14 -16 -17 -18
leaf_value=-0.02677482608380995 0.031584962267300974 0.0032440584855159913 -0.03848599893820448 0.0051958546675498702 -0.0065357302998345877 0.037543806305317798 -0.021590099953168955 -0.0077219427462112246 0.021966778240887774 0.004141225606093148 -0.041000738876928573 0.021913094202866697 -0.013976180397848719 0.044355382793910991 -0.0034268200542077122 0.012350609570929927 -0.0086068328712458238
leaf_weight=55 27 506 25 378 521 30 25 293 164 846 55 33 78 23 541 21 99
leaf_count=55 27 506 25 378 521 30 25 293 164 846 55 33 78 23 541 21 99
internal_value=1.62902e-10 0.00178788 0.00149351 -0.0026009 -0.00160298 -0.00514016 0.0111306 0.00358485 0.00782693 0.00108951 -0.006539 -0.0157955 -0.0251517 -0.00439892 -0.00147826 -0.00609543 -0.0150954
internal_weight=3720 2760 2733 924 899 960 76 1809 670 1139 884 166 133 718 564 46 154
internal_count=3720 2760 2733 924 899 960 76 1809 670 1139 884 166 133 718 564 46 154
is_linear=0
shrinkage=0.0104276


Tree=5
num_leaves=25
num_cat=0
split_feature=9 7 5 1 4 1 7 4 1 4 3 7 2 1 2 3 1 7 3 7 3 3 8 8
split_gain=307.882 280.702 399.039 384.462 472.254 365.89 350.928 338.934 269.725 256.196 230.874 225.404 196.776 311.419 195.02 188.585 357.373 157.014 321.401 232.377 231.611 177.087 120.361 118.405
threshold=2.5000000000000004 0.41856757364393143 15.61114557499099 13.500000000000002 18.323573397838395 18.500000000000004 0.43907863847878786 19.094209991429775 26.500000000000004 14.324538393890881 6.2029179001652457 0.52905150949594704 18.071428571428573 13.500000000000002 16.500000000000004 6.0395521751360359 16.500000000000004 0.12348188893391697 3.0078843751231035 0.10179469516679256 8.7858106539118186 5.7383418445233572 3.5000000000000004 2.5000000000000004
decision_type=2 2 2 2 2 2 2 2 2 2 2 2 2 2 2 2 2 2 2 2 2 2 2 2
left_child=12 2 8 4 6 11 -3 -6 9 -2 -10 -5 17 -14 -7 16 -4 19 -19 21 -20 -1 -17 -15
right_child=1 3 15 5 7 14 -8 -9 10 -11 -12 -13 13 23 -16 22 -18 18 20 -21 -22 -23 -24 -25
leaf_value=-0.020834602484377338 -0.0038694899526055303 0.043316559493056093 -0.0083644824928030895 -0.02246189109604186 0.068719741953044616 0.010920211420136142 0.0061281240959884919 0.019152281243563354 0.0059161625742881465 0.0071628420399617865 0.053040929004297917 -0.0030684541539692531 0.037152313523865478 -0.021364967437561631 -0.0064343309698739297 -0.012594761867325659 -0.047336067802343937 0.028577670269620901 -0.011590247596229611 0.033686139742028873 0.0063428252262132129 0.0086080113845171877 0.002198741828191179 0.012221821584909854
leaf_weight=36 571 29 71 86 24 300 568 40 26 382 20 269 30 25 92 134 40 25 652 24 89 58 108 21
leaf_count=36 571 29 71 86 24 300 568 40 26 382 20 269 30 25 92 134 40 25 652 24 89 58 108 21
internal_value=7.30971e-11 0.00176924 -0.0016244 0.0050279 0.0108205 -9.77668e-05 0.0079346 0.0377401 0.00174311 0.000552704 0.0264052 -0.00776658 -0.00508656 0.0110145 0.00684721 -0.0111545 -0.0224083 -0.00647082 -0.00819568 0.00472616 -0.00943634 -0.00266788 -0.0059927 -0.00603187
internal_weight=3720 2760 1352 1408 661 747 597 64 999 953 46 355 960 76 392 353 111 884 766 118 741 94 242 46
internal_count=3720 2760 1352 1408 661 747 597 64 999 953 46 355 960 76 392 353 111 884 766 118 741 94 242 46
is_linear=0
shrinkage=0.0104276


Tree=6
num_leaves=25
num_cat=0
split_feature=1 0 5 5 1 0 4 0 0 5 5 4 2 4 0 0 2 0 2 2 2 5 1 4
split_gain=249.74 324.014 456.51 503.582 363.834 351.655 296.117 317.353 293.009 293.716 289.09 411.703 287.162 280.158 264.209 227.944 208.223 286.382 172.512 168.879 165.908 123.084 97.6142 44.0629
threshold=13.500000000000002 18.500000000000004 16.291758455811983 12.951608688134103 18.500000000000004 15.500000000000002 18.323573397838395 10.500000000000002 22.500000000000004 14.654020148029447 15.732438912210188 14.379521341036289 9.3571428571428594 18.001988546380293 3.5000000000000004 23.500000000000004 19.785714285714288 17.500000000000004 19.357142857142858 18.928571428571434 14.071428571428573 17.294418306914732 24.500000000000004 13.469162894687928
decision_type=2 2 2 2 2 2 2 2 2 2 2 2 2 2 2 2 2 2 2 2 2 2 2 2
left_child=6 2 3 12 -5 22 13 -8 10 20 11 -3 -2 14 23 -16 17 -9 -11 -12 -10 -18 -4 -1
right_child=1 8 5 4 -6 -7 7 16 9 18 19 -13 -14 -15 15 -17 21 -19 -20 -21 -22 -23 -24 -25
leaf_value=-0.01154254887386374 0.01927230750654144 -0.02461826943029782 -0.021597527559374712 -0.0018564372817030631 0.010334627431745624 0.014113543572614294 0.047318334509115829 0.0032242626705701752 -0.0026447054151971729 0.010226526639306859 -0.045048737593348563 0.0053277753344520675 -0.018682186438816969 -0.028969231681359613 0.0015001001793979619 0.014089248373820794 -0.025385221625906205 0.045432179641293917 -0.015651761206347002 -0.012393966281536805 -0.02899053441494118 0.009985258636326837 -0.045874307729649087 -0.031323327940747957
leaf_weight=24 25 104 83 483 593 29 30 44 51 159 51 96 163 32 1343 177 23 29 34 26 53 20 23 25
leaf_count=24 25 104 83 483 593 29 30 44 51 159 51 96 163 32 1343 177 23 29 34 26 53 20 23 25
internal_value=-3.29981e-11 -0.00254238 0.000164385 0.00211106 0.00486224 -0.0180623 0.00287127 0.0170876 -0.00913952 -0.00194451 -0.016854 -0.0102442 -0.013635 0.00157484 0.00219779 0.00296607 0.00926936 0.0199918 0.00566766 -0.0340225 -0.0160709 -0.00893384 -0.0268651 -0.0216348
internal_weight=3720 1973 1399 1264 1076 135 1747 146 574 297 277 200 188 1601 1569 1520 116 73 193 77 104 43 106 49
internal_count=3720 1973 1399 1264 1076 135 1747 146 574 297 277 200 188 1601 1569 1520 116 73 193 77 104 43 106 49
is_linear=0
shrinkage=0.0104276


Tree=7
num_leaves=21
num_cat=0
split_feature=9 6 7 1 1 7 4 1 2 4 3 2 2 1 7 3 7 3 3 2
split_gain=301.503 282.111 276.618 265.535 224.752 426.387 433.563 263.187 402.4 252.308 236.317 221.094 192.589 300.838 153.777 314.245 227.615 227.22 173.232 87.8622
threshold=2.5000000000000004 1.0000000180025095e-35 0.10179469516679256 19.500000000000004 13.500000000000002 0.41856757364393143 18.323573397838395 18.500000000000004 16.500000000000004 10.510836053617371 7.8709834806319448 14.928571428571431 18.071428571428573 13.500000000000002 0.12348188893391697 3.0078843751231035 0.10179469516679256 8.7858106539118186 5.7383418445233572 19.357142857142858
decision_type=2 2 2 2 2 2 2 2 2 2 2 2 2 2 2 2 2 2 2 2
left_child=12 4 -3 11 5 9 -7 10 -9 -2 -6 -4 14 -14 16 -16 18 -17 -1 -15
right_child=1 2 3 -5 7 6 -8 8 -10 -11 -12 -13 13 19 15 17 -18 -19 -20 -21
leaf_value=-0.02060788746139066 0.031393206218669069 -0.038670797743457497 0.0014903893036419958 0.020125764442594053 -0.0090038663070525979 0.0093883155210610185 0.039619093142152353 0.0084549526396968024 -0.0095938173182289806 -0.0018589517524875841 0.005633179875869249 -0.022154605321081194 0.036585181728145844 0.0098651204067622036 0.028251638134201708 -0.011470190985917242 0.033339642437970961 0.0062920558686419851 0.0085125545109684623 -0.019067310288765595
leaf_weight=36 26 30 86 38 454 543 57 557 177 543 163 86 30 21 25 652 24 89 58 25
leaf_count=36 26 30 86 38 454 543 57 557 177 543 163 86 30 21 25 652 24 89 58 25
internal_value=-9.39819e-12 0.00175081 -0.00905195 -0.00482068 0.00277965 0.00612742 0.0122602 -0.000117131 0.00410259 -0.000339521 -0.00513703 -0.0103321 -0.00503359 0.0108953 -0.00640304 -0.00811003 0.00467793 -0.0093368 -0.00263996 -0.00585903
internal_weight=3720 2760 240 210 2520 1169 600 1351 734 569 617 172 960 76 884 766 118 741 94 46
internal_count=3720 2760 240 210 2520 1169 600 1351 734 569 617 172 960 76 884 766 118 741 94 46
is_linear=0
shrinkage=0.0104276


Tree=8
num_leaves=22
num_cat=0
split_feature=9 6 7 5 5 7 7 8 7 8 5 7 0 7 3 3 0 3 7 4 3
split_gain=295.247 276.258 270.879 251.725 345.374 333.292 326.895 243.063 268.093 221.619 213.964 192.564 188.284 143.647 283.228 221.692 232.899 229.701 199.226 256.963 128.628
threshold=2.5000000000000004 1.0000000180025095e-35 0.10179469516679256 16.291758455811983 14.654020148029447 0.42915757408335492 0.77279574640276405 1.5000000000000002 0.53158523097013355 4.5000000000000009 15.353289723986984 0.60907250044297279 11.500000000000002 0.12348188893391697 3.0078843751231035 8.7858106539118186 19.500000000000004 9.8838433152543868 0.10523678859827851 16.789653788949249 5.3117078709447698
decision_type=2 2 2 2 2 2 2 2 2 2 2 2 2 2 2 2 2 2 2 2 2
left_child=13 3 -3 4 6 9 -2 10 -9 -5 -4 -7 -6 18 -15 16 -16 -17 19 20 -1
right_child=1 2 7 5 12 11 -8 8 -10 -11 -12 -13 -14 14 15 17 -18 -19 -20 -21 -22
leaf_value=-0.025261817497843009 -0.0018981413398137218 -0.038267553621379416 -0.0055832610148064425 -0.027164296984229647 0.015281702983009533 0.019213247918819617 0.014696040080327427 -0.0094676293223235879 0.020751327255596013 0.001414918066320233 -0.040451597309090731 -0.0054310446287174057 0.0054864441194857954 0.027957041043170254 -0.0066661575060905079 0.015529435846727509 -0.02149696151063803 -0.023432011017018493 0.033721739374399103 0.033274172827347841 0.00082375704951001571
leaf_weight=31 1059 30 50 94 301 58 147 71 58 43 31 85 733 25 559 76 145 21 22 20 61
leaf_count=31 1059 30 50 94 301 58 147 71 58 43 31 85 733 25 559 76 145 21 22 20 61
internal_value=-9.83678e-11 0.00173256 -0.00895756 0.00275066 0.00391587 -0.00657097 0.000124533 -0.00477042 0.00411919 -0.0181942 -0.0189279 0.00456454 0.00833787 -0.0049811 -0.00660575 -0.00768449 -0.0097208 0.00709448 0.00503354 -0.00060164 -0.00796595
internal_weight=3720 2760 240 2520 2240 280 1206 210 129 137 81 143 1034 960 826 801 704 97 134 112 92
internal_count=3720 2760 240 2520 2240 280 1206 210 129 137 81 143 1034 960 826 801 704 97 134 112 92
is_linear=0
shrinkage=0.0104276


Tree=9
num_leaves=23
num_cat=0
split_feature=9 6 7 1 5 5 7 7 8 1 0 9 7 3 3 0 3 1 0 7 5 5
split_gain=289.122 270.527 265.259 259.15 246.502 338.209 326.377 320.113 217.021 212.19 203.777 188.384 140.667 277.352 217.093 228.067 224.935 205.549 229.21 152.526 90.4124 42.5861
threshold=2.5000000000000004 1.0000000180025095e-35 0.10179469516679256 19.500000000000004 16.291758455811983 14.654020148029447 0.42915757408335492 0.77279574640276405 4.5000000000000009 20.500000000000004 11.500000000000002 4.5000000000000009 0.12348188893391697 3.0078843751231035 8.7858106539118186 19.500000000000004 9.8838433152543868 14.500000000000002 16.500000000000004 0.053857989274094055 14.637273632418633 14.590649883729599
decision_type=2 2 2 2 2 2 2 2 2 2 2 2 2 2 2 2 2 2 2 2 2 2
left_child=12 4 -3 10 5 7 8 -2 -6 -8 -4 -7 17 -14 15 -15 -16 18 21 -19 -21 -1
right_child=1 2 3 -5 6 11 9 -9 -10 -11 -12 -13 13 14 16 -17 -18 19 -20 20 -22 -23
leaf_value=0.014985705842439854 -0.0018783481208119494 -0.037868515191012843 0.0045787168914769513 0.019924013661348116 -0.026881038483240152 0.011895313293591813 0.012708055746614093 0.014542795557307753 0.0014001640739520786 -0.015180725932571758 -0.018902697980080384 0.002815077286439446 0.027665516281006459 -0.0065966452941101112 0.015367501522057448 -0.021272799641453972 -0.023187672088296061 -0.026792882919521505 0.047757746763631807 -0.011385702202490784 0.018929046703394129 -0.0055529115843679826
leaf_weight=23 1059 30 64 38 94 619 101 147 43 42 108 415 25 559 76 145 21 27 20 20 23 21
leaf_count=23 1059 30 64 38 94 619 101 147 43 42 108 415 25 559 76 145 21 27 20 20 23 21
internal_value=-2.94894e-11 0.00171449 -0.00886415 -0.00472067 0.00272198 0.00387503 -0.00650246 0.000123234 -0.0180045 0.00451695 -0.0101654 0.00825092 -0.00492916 -0.00653687 -0.00760436 -0.00961943 0.00702051 0.00498105 0.0184877 -0.00736791 0.00482916 0.00518318
internal_weight=3720 2760 240 210 2520 2240 280 1206 137 143 172 1034 960 826 801 704 97 134 64 70 43 44
internal_count=3720 2760 240 210 2520 2240 280 1206 137 143 172 1034 960 826 801 704 97 134 64 70 43 44
is_linear=0
shrinkage=0.0104276


Tree=10
num_leaves=27
num_cat=0
split_feature=9 6 7 5 5 7 7 8 7 8 5 7 9 4 4 7 5 0 0 8 5 5 0 7 4 5
split_gain=283.124 264.914 259.756 241.388 331.192 319.606 313.472 237.294 262.136 212.519 209.307 189.251 185.548 138.055 178.945 209.105 169.24 271.347 176.654 152.097 217.073 235.698 212.178 200.111 139.194 90.7912
threshold=2.5000000000000004 1.0000000180025095e-35 0.10179469516679256 16.291758455811983 14.654020148029447 0.42915757408335492 0.77279574640276405 1.5000000000000002 0.53158523097013355 4.5000000000000009 15.353289723986984 0.80758286107890453 3.5000000000000004 13.227173792428646 13.909566044065995 0.52905150949594704 14.844811566387692 9.5000000000000018 11.500000000000002 1.5000000000000002 14.155188953057248 13.315096015820664 19.500000000000004 0.41856757364393143 12.911293469759967 14.080984461157408
decision_type=2 2 2 2 2 2 2 2 2 2 2 2 2 2 2 2 2 2 2 2 2 2 2 2 2 2
left_child=13 3 -3 4 6 9 -2 10 -9 -5 -4 -7 -6 19 15 25 18 -18 -16 20 21 -1 24 -24 -21 -15
right_child=1 2 7 5 12 11 -8 8 -10 -11 -12 -13 -14 14 16 -17 17 -19 -20 22 -22 -23 23 -25 -26 -27
leaf_value=-0.016553689586568627 -0.0018587614960839647 -0.037473637287564213 -0.0054612698051714091 -0.02660073315408561 0.015139730334211383 0.0095849430701444235 0.014391149446014136 -0.0093229910974475111 0.020558333770485746 0.0013855638317149036 -0.039948103518520885 -0.023663198980826416 0.0053673893450629628 0.042058967404658969 0.00049977084462240909 -0.0060233215292941622 -0.017233037039065577 0.0063802137688498926 -0.019471543888907941 0.0013352831857266383 0.0046209094391645765 -0.05488483748270287 -0.0027212202588933415 -0.047821104287361728 -0.024762375691389678 0.013521764761202659
leaf_weight=53 1059 30 50 94 296 121 147 71 58 43 31 22 738 22 80 39 69 227 121 200 28 26 20 23 25 27
leaf_count=53 1059 30 50 94 296 121 147 71 58 43 31 22 738 22 80 39 69 227 121 200 28 26 20 23 25 27
internal_value=2.58555e-11 0.00169661 -0.00877172 0.0026936 0.00383463 -0.00643465 0.000121949 -0.00467145 0.00411202 -0.0178167 -0.0186599 0.00446984 0.00816489 -0.00487776 -0.00171174 0.011994 -0.00413852 0.000875774 -0.0115228 -0.00981674 -0.0203268 -0.029169 -0.00562057 -0.0268444 -0.00156446 0.0263344
internal_weight=3720 2760 240 2520 2240 280 1206 210 129 137 81 143 1034 960 585 88 497 296 201 375 107 79 268 43 225 49
internal_count=3720 2760 240 2520 2240 280 1206 210 129 137 81 143 1034 960 585 88 497 296 201 375 107 79 268 43 225 49
is_linear=0
shrinkage=0.0104276


Tree=11
num_leaves=25
num_cat=0
split_feature=1 4 5 4 3 4 2 4 1 5 4 8 3 3 3 2 2 3 4 5 4 4 2 3
split_gain=241.77 284.806 276.227 420.331 417.017 271.096 261.608 410.015 252.479 339.286 248.763 242.05 230.536 325.203 247.921 213.079 175.231 166.113 164.829 285.201 156.192 140.862 52.2558 41.3798
threshold=13.500000000000002 18.323573397838395 16.291758455811983 15.207003296631548 5.8858179594575697 18.001988546380293 17.071428571428573 17.202787520125771 18.500000000000004 14.692097314451379 16.888714245503976 2.5000000000000004 7.1514234347336147 7.4097747539828704 6.2029179001652457 16.928571428571434 13.928571428571431 8.7545905269017208 19.205305226628635 16.737414395340434 16.955665422582989 19.964664922053675 19.357142857142858 7.6966288229389912
decision_type=2 2 2 2 2 2 2 2 2 2 2 2 2 2 2 2 2 2 2 2 2 2 2 2
left_child=1 5 3 8 22 12 10 -8 16 -10 -5 21 14 -14 -1 17 -2 -6 -13 -20 -17 23 -4 -3
right_child=2 11 4 6 15 -7 7 -9 9 -11 -12 18 13 -15 -16 20 -18 -19 19 -21 -22 -23 -24 -25
leaf_value=0.0024442807292240224 -0.0054730626446169396 0.003359400566316523 -0.031212232848010373 0.015497597657153422 -0.0090206384181833622 -0.028492373911549462 -0.024559792751006181 0.010824334250330917 -0.0047562525004454506 0.012467241784191861 -0.0027495438431457625 0.045676547771901797 0.024348681671894631 0.0038026866372594171 -0.0091491011548929854 0.027999706387028801 -0.017839049237052231 -0.046321468171660857 -0.011903271202948637 0.042442464954852377 -0.0036147778982517989 -0.017933651892093682 -0.05312190403557869 0.02358411246321784
leaf_weight=666 362 22 29 303 34 32 67 76 456 171 111 36 100 516 287 20 190 21 21 21 113 24 20 22
leaf_count=666 362 22 29 303 34 32 67 76 456 171 111 36 100 516 287 20 190 21 21 21 113 24 20 22
internal_value=-2.42682e-11 0.00282509 -0.00250148 -0.00105985 -0.0130613 0.00155365 0.00640524 -0.00575424 -0.00458662 -5.89359e-05 0.0106052 0.0167673 0.00216645 0.00713808 -0.00104712 -0.00599962 -0.00972947 -0.0232628 0.0293036 0.0152696 0.00113928 0.00238749 -0.040155 0.0134718
internal_weight=3720 1747 1973 1736 237 1601 557 143 1179 627 414 146 1569 616 953 188 552 55 78 42 133 68 49 44
internal_count=3720 1747 1973 1736 237 1601 557 143 1179 627 414 146 1569 616 953 188 552 55 78 42 133 68 49 44
is_linear=0
shrinkage=0.0104276


Tree=12
num_leaves=22
num_cat=0
split_feature=9 7 7 5 5 7 0 7 0 9 2 5 5 8 0 0 5 8 5 4 8
split_gain=276.305 256.376 560.427 337.583 280.786 354.39 248.762 232.763 276.126 204.26 187.595 226.415 236.404 181.016 150.084 261.091 295.38 179.721 192.887 158.602 83.6498
threshold=2.5000000000000004 0.54832137687450644 0.56555386899886984 11.894066739784435 13.894283638402309 0.7649510975891981 5.5000000000000009 0.011325859094010101 16.500000000000004 4.5000000000000009 18.071428571428573 16.912558006388416 15.89383194328604 3.5000000000000004 19.500000000000004 22.500000000000004 15.353289723986984 5.5000000000000009 13.659177539888379 18.044963471281324 2.5000000000000004
decision_type=2 2 2 2 2 2 2 2 2 2 2 2 2 2 2 2 2 2 2 2 2
left_child=10 3 13 -2 5 -4 -6 8 -5 -9 14 12 -12 -3 17 20 -17 19 -19 -1 -16
right_child=1 2 4 7 6 -7 -8 9 -10 -11 11 -13 -14 -15 15 16 -18 18 -20 -21 -22
leaf_value=-0.0051398274830635514 0.033956527076247592 0.056416261603928021 -0.01483862918403801 0.041841969432514253 0.032159403192487397 0.0098157376417416613 0.0059647708323184697 0.00056411303648444631 -0.0059738894306783016 -0.007165104645832622 0.00095595491315682291 -0.0102024915113901 0.049347000603555374 0.017701522100678414 -0.020689107136558933 -0.015936401739108721 0.023252440458244324 -0.0091750156819725027 0.021872341781727471 -0.034984292188024013 -0.044963989235456275
leaf_weight=607 30 29 160 29 42 105 642 1118 24 557 21 32 23 24 33 75 29 36 55 20 29
leaf_count=607 30 29 160 29 42 105 642 1118 24 557 21 32 23 24 33 75 29 36 55 20 29
internal_value=6.46596e-11 0.00167606 0.00588569 -0.000723291 0.00404273 -0.00506992 0.00757321 -0.00132537 0.0201895 -0.00200614 -0.00481866 0.0109023 0.0262513 0.0388851 -0.00617024 -0.0151061 -0.00500874 -0.00410429 0.00958987 -0.0060918 -0.0320435
internal_weight=3720 2760 1002 1758 949 265 684 1728 53 1675 960 76 44 53 884 166 104 718 91 627 62
internal_count=3720 2760 1002 1758 949 265 684 1728 53 1675 960 76 44 53 884 166 104 718 91 627 62
is_linear=0
shrinkage=0.0104276


Tree=13
num_leaves=26
num_cat=0
split_feature=1 0 5 5 7 0 0 5 5 4 4 7 7 4 0 3 1 5 4 7 3 0 5 7 7
split_gain=236.52 310.912 430.52 482.65 380.032 345.766 287.206 281.663 281.183 396.403 278.203 397.261 293.449 264.831 260.203 284.893 207.889 191.93 189.547 178.038 167.822 142.738 136.088 101.206 54.3234
threshold=13.500000000000002 18.500000000000004 16.291758455811983 12.951608688134103 0.80239188009922913 15.500000000000002 22.500000000000004 14.654020148029447 15.732438912210188 14.379521341036289 18.323573397838395 0.41856757364393143 0.60260375364927665 18.001988546380293 3.5000000000000004 7.1514234347336147 9.5000000000000018 15.980903400726087 19.458840530335202 0.37116367046161153 4.2426406871192945 25.500000000000004 16.071398020343995 0.42915757408335492 0.54832137687450644
decision_type=2 2 2 2 2 2 2 2 2 2 2 2 2 2 2 2 2 2 2 2 2 2 2 2 2
left_child=10 2 3 20 -5 23 8 21 9 -3 13 17 -13 14 24 -16 -14 -12 -19 -9 -2 -8 -10 -4 -1
right_child=1 6 5 4 -6 -7 7 19 22 -11 11 12 16 -15 15 -17 -18 18 -20 -21 -22 -23 -24 -25 -26
leaf_value=-0.030625799869540435 0.0080043984958455237 -0.02415992430189123 -0.036250350593857547 0.0031016020193547328 0.027902514492908505 0.014382359033778869 -0.005185333792709414 0.01681251917891716 -0.050393132414003686 0.0052244035261747677 -0.029505070959209873 0.05473615816072528 -0.0095172483142088801 -0.028159189432157127 -0.00067506494083273763 0.0085972295687781544 0.034986836206898263 0.031200286868894228 -0.011612604432525958 -0.0033376340011438974 -0.017893567261465806 -0.029912188046149982 -0.02212607940115861 -0.015868581246555921 -0.0082868699968907285
leaf_weight=29 33 104 54 1004 72 29 60 86 31 96 20 35 21 32 933 587 25 22 23 107 155 44 46 52 20
leaf_count=29 33 104 54 1004 72 29 60 86 31 96 20 35 21 32 933 587 25 22 23 107 155 44 46 52 20
internal_value=1.06513e-11 -0.00247418 0.000177294 0.00206775 0.00476114 -0.0175229 -0.00893656 -0.00181315 -0.0165743 -0.0100554 0.00279425 0.0165739 0.0319824 0.00153764 0.00214331 0.00290575 0.0146698 -0.00262746 0.00931814 0.00564119 -0.0133476 -0.0156467 -0.0335063 -0.0262517 -0.0215079
internal_weight=3720 1973 1399 1264 1076 135 574 297 277 200 1747 146 81 1601 1569 1520 46 65 45 193 188 104 77 106 49
internal_count=3720 1973 1399 1264 1076 135 574 297 277 200 1747 146 81 1601 1569 1520 46 65 45 193 188 104 77 106 49
is_linear=0
shrinkage=0.0104276


Tree=14
num_leaves=23
num_cat=0
split_feature=9 7 2 2 3 1 4 1 7 4 3 7 1 8 7 2 1 2 4 4 2 8
split_gain=269.751 249.489 377.198 384.825 449.75 355.538 430.467 347.112 344.685 327.063 258.749 464.001 336.862 247.442 216.028 183.387 288.95 181.543 146.49 470.783 179.952 113.713
threshold=2.5000000000000004 0.41856757364393143 17.357142857142858 16.642857142857149 7.0845229123514875 13.500000000000002 18.323573397838395 18.500000000000004 0.43907863847878786 19.205305226628635 6.0395521751360359 0.040506361211769308 15.500000000000002 5.5000000000000009 0.52905150949594704 18.071428571428573 13.500000000000002 16.500000000000004 18.001988546380293 17.444833100412477 17.214285714285719 2.5000000000000004
decision_type=2 2 2 2 2 2 2 2 2 2 2 2 2 2 2 2 2 2 2 2 2 2
left_child=15 2 3 13 -5 6 8 14 -3 -8 12 -12 -4 -2 -7 18 -17 -9 19 20 -1 -18
right_child=1 5 10 4 -6 7 9 17 -10 -11 11 -13 -14 -15 -16 16 21 -19 -20 -21 -22 -23
leaf_value=-0.0057838410404363822 -0.0029918123739549455 0.042609177537072121 -0.011082353629230246 0.0036977924663537153 0.052228265206805964 -0.022056717897892701 0.062728646887334968 0.010493282279490829 0.0057530478135154406 0.015210447910350882 0.038439238725820647 -0.014124160580808481 -0.061827860827762843 0.011401726805099351 -0.0030709479776999354 0.03595967612522976 -0.020663654539363814 -0.0062508771620398956 -0.030012516980114479 0.042270167547274078 -0.035361500822086792 0.012250946528241874
leaf_weight=812 892 29 33 56 33 86 28 300 568 36 21 140 25 152 269 30 25 92 27 22 23 21
leaf_count=812 892 29 33 56 33 86 28 300 568 36 21 140 25 152 269 30 25 92 27 22 23 21
internal_value=4.6615e-11 0.00165606 -0.00154334 0.000878177 0.0216922 0.00472821 0.0102986 -0.000200882 0.00754338 0.0359997 -0.0140711 -0.00726807 -0.0329554 -0.000896201 -0.00767032 -0.00476117 0.0107825 0.00656353 -0.0060975 -0.00534405 -0.00659856 -0.00563742
internal_weight=3720 2760 1352 1133 89 1408 661 747 597 64 219 161 58 1044 355 960 76 392 884 857 835 46
internal_count=3720 2760 1352 1133 89 1408 661 747 597 64 219 161 58 1044 355 960 76 392 884 857 835 46
is_linear=0
shrinkage=0.0104276


Tree=15
num_leaves=17
num_cat=0
split_feature=2 1 5 5 3 1 4 7 7 4 3 5 7 7 8 3
split_gain=230.672 225.244 313.68 330.113 316.263 291.842 278.218 381.973 285.914 252.06 199.68 187.923 112.592 537.04 63.5742 54.7766
threshold=8.9285714285714306 13.500000000000002 12.951608688134103 16.249782541634058 5.8858179594575697 18.500000000000004 18.323573397838395 0.41856757364393143 0.60260375364927665 18.001988546380293 7.1514234347336147 15.980903400726087 0.21570941858817763 0.29745207974185994 2.5000000000000004 6.152814630930604
decision_type=2 2 2 2 2 2 2 2 2 2 2 2 2 2 2 2
left_child=14 6 12 5 -5 -4 9 11 -9 10 -2 -8 15 -14 -1 -3
right_child=1 2 3 4 -6 -7 7 8 -10 -11 -12 -13 13 -15 -16 -17
leaf_value=0.0081727835729347078 -0.001257596168424039 -0.019124549146931916 -0.0045658395752986823 -0.035522783177158158 -0.0064763488197845222 0.0047048533007667918 -0.029208412896094466 0.053784279871855287 0.014235630674016266 -0.027797801504130078 0.0064061021216535409 0.0092074364452176625 0.031398684461464106 -0.019884239816086648 0.032339035151968711 -0.041767591891447055
leaf_weight=20 936 26 669 51 203 824 20 35 46 32 611 45 27 125 29 21
leaf_count=20 936 26 669 51 203 824 20 35 46 32 611 45 27 125 29 21
internal_value=2.72756e-11 -0.000299997 -0.00273188 -0.00131889 -0.0123085 0.000550738 0.00244345 0.0162154 0.0313246 0.00117004 0.00176924 -0.00261282 -0.0151363 -0.0107748 0.0224753 -0.0292417
internal_weight=3720 3671 1946 1747 254 1493 1725 146 81 1579 1547 65 199 152 49 47
internal_count=3720 3671 1946 1747 254 1493 1725 146 81 1579 1547 65 199 152 49 47
is_linear=0
shrinkage=0.0104276


Tree=16
num_leaves=23
num_cat=0
split_feature=1 0 1 0 4 7 7 4 0 3 4 1 1 4 1 7 8 8 1 7 8 7
split_gain=222.334 302.295 331.457 281.274 260.624 374.048 279.982 252.563 255.59 273.133 245.785 206.632 267.216 208.082 203.662 197.858 286.463 198.635 174.099 169.423 76.0791 53.0528
threshold=13.500000000000002 18.500000000000004 31.500000000000004 22.500000000000004 18.323573397838395 0.41856757364393143 0.60260375364927665 18.001988546380293 3.5000000000000004 7.1514234347336147 12.189326979287282 28.500000000000004 18.500000000000004 14.156439406523704 9.5000000000000018 0.45838697673384565 2.5000000000000004 1.0000000180025095e-35 19.500000000000004 0.79660847639780885 2.5000000000000004 0.54832137687450644
decision_type=2 2 2 2 2 2 2 2 2 2 2 2 2 2 2 2 2 2 2 2 2 2
left_child=4 2 11 15 7 20 -7 8 21 -10 18 12 -2 -13 -8 17 -17 -3 -5 -12 -6 -1
right_child=1 3 -4 10 5 6 14 -9 9 -11 19 13 -14 -15 -16 16 -18 -19 -20 -21 -22 -23
leaf_value=-0.030366891433011117 -0.0044186591219650181 -0.050931178614588575 0.03709964323724356 -0.045276352697163166 -0.014770822396346589 0.053223437917372593 -0.0098526285547914493 -0.027507937002238365 -0.00066611115790328229 0.0084128018092597765 0.0046712225648205142 -0.00075079247688348194 0.0049690438974503079 -0.041717706594333513 0.034196631138755255 0.011047151015736657 -0.019946749541042665 -0.019067129100171939 -0.003300829426694673 -0.026948945040504973 0.0078589139054732193 -0.008290758452542412
leaf_weight=29 651 26 26 22 30 35 21 32 933 587 234 28 668 26 25 55 79 117 21 20 35 20
leaf_count=29 651 26 26 22 30 35 21 32 933 587 234 28 668 26 25 55 79 117 21 20 35 20
internal_value=-2.37357e-11 -0.00239883 0.000215641 -0.00877104 0.00270915 0.0160464 0.0309979 0.00149289 0.00208437 0.00284002 -0.00172158 -0.000482817 0.000335689 -0.0204756 0.0140872 -0.0163295 -0.00722537 -0.0248606 -0.0247767 0.00218145 -0.00258558 -0.0213562
internal_weight=3720 1973 1399 574 1747 146 81 1601 1569 1520 297 1373 1319 54 46 277 134 143 43 254 65 49
internal_count=3720 1973 1399 574 1747 146 81 1601 1569 1520 297 1373 1319 54 46 277 134 143 43 254 65 49
is_linear=0
shrinkage=0.0104276


Tree=17
num_leaves=16
num_cat=0
split_feature=2 5 3 4 1 5 1 4 0 3 3 8 7 0 8
split_gain=226.072 216.145 413.376 378.028 327.946 316.96 297.402 473.579 291.466 262.876 242.688 323.81 242.366 234.873 62.2083
threshold=8.9285714285714306 14.010373983056075 3.8606685826112943 13.018793629486407 13.500000000000002 13.944406416322138 11.500000000000002 12.857556959421261 18.500000000000004 5.5891050480461777 3.6774675532904193 2.5000000000000004 0.41856757364393143 20.500000000000004 2.5000000000000004
decision_type=2 2 2 2 2 2 2 2 2 2 2 2 2 2 2
left_child=14 3 10 6 12 13 9 -8 -6 -2 11 -3 -4 -5 -1
right_child=1 2 4 5 8 -7 7 -9 -10 -11 -12 -13 -14 -15 -16
leaf_value=0.0081020642542839819 0.022525246074940677 0.01512768865305025 0.0015486564673022156 -0.0062659013647367407 0.0024656299063932031 -0.042526681428348055 -0.006702216534592147 0.038993136043244989 -0.0079667108363202857 0.0011406751416741978 -0.044907546881907887 -0.024685650423464531 0.011419131305451736 -0.031647477978419443 0.032007289494989641
leaf_weight=20 101 36 525 333 839 34 479 26 446 164 27 58 558 45 29
leaf_count=20 101 36 525 333 839 34 479 26 446 164 27 58 558 45 29
internal_value=-2.2681e-11 -0.000296991 0.00144667 -0.0039687 0.00240728 -0.0120306 0.00034491 -0.00434958 -0.00115524 0.00929102 -0.0173527 -0.00943799 0.00663428 -0.00928752 0.0222501
internal_weight=3720 3671 2489 1182 2368 412 770 505 1285 265 121 94 1083 378 49
internal_count=3720 3671 2489 1182 2368 412 770 505 1285 265 121 94 1083 378 49
is_linear=0
shrinkage=0.0104276


Tree=18
num_leaves=23
num_cat=0
split_feature=9 6 7 1 5 5 8 7 8 1 0 9 7 1 0 4 5 5 4 0 4 4
split_gain=264.333 258.622 252.31 253.11 231.357 313.141 301.573 301.41 205.697 196.771 196.237 181.323 137.675 198.553 224.162 158.742 201.765 196.099 163.339 185.35 152.356 140.846
threshold=2.5000000000000004 1.0000000180025095e-35 0.10179469516679256 19.500000000000004 16.291758455811983 14.654020148029447 2.5000000000000004 0.42915757408335492 4.5000000000000009 20.500000000000004 11.500000000000002 3.5000000000000004 0.12348188893391697 14.500000000000002 16.500000000000004 13.301115901108743 13.375670711973092 13.581554809909809 13.078717994363478 16.500000000000004 15.287309407663331 13.603894334081794
decision_type=2 2 2 2 2 2 2 2 2 2 2 2 2 2 2 2 2 2 2 2 2 2
left_child=12 4 -3 10 5 6 -2 8 -6 -9 -4 -7 13 14 21 18 -17 -18 19 -14 -15 -1
right_child=1 2 3 -5 7 11 -8 9 -10 -11 -12 -13 15 20 -16 16 17 -19 -20 -21 -22 -23
leaf_value=0.023865238180546412 0.006391540845896976 -0.036991472578112035 0.0044250690217884523 0.019692949936798113 -0.026007339692512892 0.014847063869241268 -0.0042120098883265851 0.012165270605841629 0.0015261113983303487 -0.014691126599390066 -0.018617879070253515 0.0051866232873066936 -0.0044672294568338178 -0.021574386664460557 0.047311906668124799 0.026331821373773684 -0.034464499934727708 -0.002570242479194644 -0.036939369712059238 -0.022129098052605906 0.0092436967379424268 -0.013447764414449505
leaf_weight=22 494 30 64 38 94 296 712 101 43 42 108 738 217 37 20 25 22 444 26 92 33 22
leaf_count=22 494 30 64 38 94 296 712 101 43 42 108 738 217 37 20 25 22 444 26 92 33 22
internal_value=-2.32866e-12 0.00163934 -0.00870391 -0.00466283 0.00262442 0.00374149 0.000131401 -0.00631215 -0.0173655 0.00427738 -0.0100438 0.00795209 -0.00471311 0.00509114 0.018366 -0.00630363 -0.00252772 -0.00407598 -0.0118379 -0.00972578 -0.00704586 0.00520874
internal_weight=3720 2760 240 210 2520 2240 1206 280 137 143 172 1034 960 134 64 826 491 466 335 309 70 44
internal_count=3720 2760 240 210 2520 2240 1206 280 137 143 172 1034 960 134 64 826 491 466 335 309 70 44
is_linear=0
shrinkage=0.0104276


Tree=19
num_leaves=21
num_cat=0
split_feature=9 6 7 1 5 5 7 7 10 1 9 7 7 3 3 3 7 4 1 7
split_gain=258.849 253.256 247.076 247.859 226.557 306.645 297.819 295.157 201.429 192.689 177.561 154.261 134.819 269.991 211.883 218.759 195.561 247.622 220.993 181.86
threshold=2.5000000000000004 1.0000000180025095e-35 0.10179469516679256 19.500000000000004 16.291758455811983 14.654020148029447 0.77279574640276405 0.42915757408335492 1.0000000180025095e-35 20.500000000000004 3.5000000000000004 0.69554457121156443 0.12348188893391697 3.0078843751231035 8.7858106539118186 9.8838433152543868 0.10523678859827851 16.789653788949249 14.500000000000002 0.23072550352129315
decision_type=2 2 2 2 2 2 2 2 2 2 2 2 2 2 2 2 2 2 2 2
left_child=12 4 -3 11 5 6 -2 8 -6 -9 -7 -4 16 -14 19 -16 17 18 -1 -15
right_child=1 2 3 -5 7 10 -8 9 -10 -11 -12 -13 13 14 15 -17 -18 -19 -20 -21
leaf_value=0.0076991146291906162 -0.0018005941514301603 -0.036605740136186053 -0.014106366753284338 0.019487600265981796 -0.025736144945480936 0.014692244639208596 0.01403841441443051 0.012038415944178732 0.0015101981658212154 -0.014537933820120977 0.0051325391008524074 0.013462190926981447 0.027507578474317805 -0.022084115072364411 0.015388791918971195 -0.022633361084311514 0.03346115946869125 0.03270933124922392 -0.02465434644992897 -0.0070878189568736906
leaf_weight=48 1059 30 146 38 94 296 147 101 43 42 738 26 25 103 76 21 22 20 44 601
leaf_count=48 1059 30 146 38 94 296 147 101 43 42 738 26 25 103 76 21 22 20 44 601
internal_value=2.785e-11 0.00162225 -0.00861315 -0.00461421 0.00259705 0.00370247 0.000130031 -0.00624633 -0.0171844 0.00423277 0.00786917 -0.00993903 -0.00466397 -0.0062379 -0.00729113 0.00715719 0.00503805 -0.000545064 -0.00777428 -0.00928188
internal_weight=3720 2760 240 210 2520 2240 1206 280 137 143 1034 172 960 826 801 97 134 112 92 704
internal_count=3720 2760 240 210 2520 2240 1206 280 137 143 1034 172 960 826 801 97 134 112 92 704
is_linear=0
shrinkage=0.0104276


Tree=20
num_leaves=23
num_cat=0
split_feature=9 6 5 5 8 1 1 2 2 2 2 2 1 9 3 5 3 5 1 8 9 5
split_gain=253.479 248.002 221.857 300.283 295.547 224.191 204.749 314.636 480.735 235.096 191.961 176.875 275.9 173.889 137.059 199.357 142.28 183.124 169.063 110.525 102.249 74.1804
threshold=2.5000000000000004 1.0000000180025095e-35 16.291758455811983 14.654020148029447 2.5000000000000004 20.500000000000004 19.500000000000004 14.928571428571431 15.642857142857144 14.928571428571431 16.214285714285719 18.071428571428573 13.500000000000002 4.5000000000000009 3.50509832753866 14.233363705059547 8.8209706840870865 14.764147859965599 8.5000000000000018 2.5000000000000004 3.5000000000000004 16.631158824022542
decision_type=2 2 2 2 2 2 2 2 2 2 2 2 2 2 2 2 2 2 2 2 2 2
left_child=11 2 3 4 -2 10 7 20 -9 -8 -4 14 -13 -5 15 -1 18 -18 -16 -14 -3 -7
right_child=1 6 5 13 -6 21 9 8 -10 -11 -12 12 19 -15 16 -17 17 -19 -20 -21 -22 -23
leaf_value=0.029949328636999534 0.0063259484077279578 -0.012801495380588239 -0.02975944757704618 0.011288492244040084 -0.0041711179935059539 -0.035219318700871027 -0.014055108260356294 -0.061717265077897467 -0.011432881516781911 0.034828439972510485 0.0028226820959742177 0.035251910174555895 -0.020209103199352905 0.0025645663462303125 -0.018020723584008847 -0.012888705200549888 -0.010427693771068775 0.01938723034492348 -0.0058428612173606134 0.012240816295898247 0.0092046986214422769 -0.013601825932262841
leaf_weight=27 494 38 22 619 712 28 20 29 72 23 185 30 25 415 157 21 42 48 589 21 58 45
leaf_count=27 494 38 22 619 712 28 20 29 72 23 185 30 25 415 157 21 42 48 589 21 58 45
internal_value=-8.47926e-12 0.00160533 0.00256997 0.00366386 0.000128675 -0.0061812 -0.00852334 -0.0130231 -0.025871 0.0120919 -0.000640153 -0.00461533 0.0106498 0.00778711 -0.00592772 0.0112077 -0.00691157 0.0054736 -0.00840576 -0.00539501 0.000493913 -0.0218935
internal_weight=3720 2760 2520 2240 1206 280 240 197 101 43 207 960 76 1034 884 48 836 90 746 46 96 73
internal_count=3720 2760 2520 2240 1206 280 240 197 101 43 207 960 76 1034 884 48 836 90 746 46 96 73
is_linear=0
shrinkage=0.0104276


Tree=21
num_leaves=20
num_cat=0
split_feature=9 6 5 5 8 0 0 2 5 5 4 5 5 5 8 4 4 2 2
split_gain=248.22 242.857 217.254 294.053 289.415 249.131 178.745 173.205 223.659 232.169 162.701 147.973 203.334 168.282 164.431 146.316 488.983 176.959 144.016
threshold=2.5000000000000004 1.0000000180025095e-35 16.291758455811983 14.654020148029447 2.5000000000000004 13.500000000000002 11.500000000000002 18.071428571428573 16.912558006388416 15.89383194328604 17.289398909768494 16.498026898258573 15.418808269111151 15.051173405337753 1.5000000000000002 17.948171698864105 17.444833100412477 17.214285714285719 16.785714285714288
decision_type=2 2 2 2 2 2 2 2 2 2 2 2 2 2 2 2 2 2 2
left_child=7 2 3 4 -2 10 -5 15 9 -9 -4 12 13 -3 -14 16 17 -1 -7
right_child=1 11 5 6 -6 18 -8 8 -10 -11 -12 -13 14 -15 -16 -17 -18 -19 -20
leaf_value=-0.0055405890681610474 0.0062599837034911761 -0.010007047045654877 -0.046789862435219882 0.014471575137425204 -0.0041276232962475521 -0.023938160528961073 0.0049276477635458275 0.00072633640709129975 -0.010437220286281679 0.048681951648410431 -0.012955978333809716 0.018721575567385854 -0.050194664233183292 0.017333769794151667 -0.01381412873396724 -0.029322398356315019 0.0445981334044444 -0.034871273930802693 0.003873930157669527
leaf_weight=812 494 133 20 301 712 23 733 21 32 23 68 20 22 30 35 28 21 23 169
leaf_count=812 494 133 20 301 712 23 733 21 32 23 68 20 22 30 35 28 21 23 169
internal_value=-6.70404e-12 0.00158859 0.00254317 0.00362566 0.000127333 -0.00611674 0.00770591 -0.00456721 0.0105388 0.025794 -0.0206455 -0.00843446 -0.0109032 -0.00497499 -0.0278557 -0.00586591 -0.00509864 -0.0063485 0.000542273
internal_weight=3720 2760 2520 2240 1206 280 1034 960 76 44 88 240 220 163 57 884 856 835 192
internal_count=3720 2760 2520 2240 1206 280 1034 960 76 44 88 240 220 163 57 884 856 835 192
is_linear=0
shrinkage=0.0104276


Tree=22
num_leaves=25
num_cat=0
split_feature=9 6 7 8 5 7 5 7 1 1 8 1 9 3 7 3 3 3 1 7 7 3 5 7
split_gain=243.07 237.818 241.511 318.684 212.747 288.439 287.952 292.094 210.887 304.215 197.034 185.506 172.091 165.28 131.715 260.759 204.127 212.549 191.987 177.719 147.133 118.286 86.7087 75.4207
threshold=2.5000000000000004 1.0000000180025095e-35 0.52492508816270844 1.5000000000000002 16.291758455811983 0.42915757408335492 14.654020148029447 0.77279574640276405 8.5000000000000018 18.500000000000004 4.5000000000000009 20.500000000000004 3.5000000000000004 6.6278630192806824 0.12348188893391697 3.0078843751231035 8.7858106539118186 9.8838433152543868 14.500000000000002 0.23072550352129315 0.053857989274094055 5.3117078709447698 14.637273632418633 0.068925873025850362
decision_type=2 2 2 2 2 2 2 2 2 2 2 2 2 2 2 2 2 2 2 2 2 2 2 2
left_child=14 4 8 -4 6 10 7 -2 -3 -10 -6 -7 -8 -5 18 -16 19 -18 21 -17 -20 -1 -22 -23
right_child=1 2 3 13 5 11 12 -9 9 -11 -12 -13 -14 -15 15 16 17 -19 20 -21 22 23 -24 -25
leaf_value=-0.0021619048019212205 -0.0017859713135293831 0.0050686277641109551 -0.019873252303416678 0.0034637017448700532 -0.025323783089783877 0.011964998911592492 0.014342710216959915 0.013900044449179017 -0.035769776001085614 0.0018328602560399876 0.001623681799502746 -0.014111325278477613 0.0049314110809849047 0.038495647405580952 0.027088244784022879 -0.021719953688103057 0.015184985471741262 -0.022293672705849723 -0.025942990284359091 -0.0068953938683890218 -0.010764320963581084 0.042165503179043821 0.018923027607388048 0.014537901984672533
leaf_weight=21 1059 36 36 32 94 101 296 147 75 34 43 42 738 27 25 103 76 21 27 601 20 21 23 22
leaf_count=21 1059 36 36 32 94 101 296 147 75 34 43 42 738 27 25 103 76 21 27 601 20 21 23 22
internal_value=-5.83993e-11 0.00157203 -0.00834651 0.00457667 0.00251665 -0.00605296 0.00358785 0.000126006 -0.0168134 -0.0240405 -0.0168658 0.00430622 0.00762555 0.0194953 -0.00451958 -0.00607529 -0.00711036 0.00707105 0.00507009 -0.00906433 -0.00686454 0.0181236 0.00511496 0.0280305
internal_weight=3720 2760 240 95 2520 280 2240 1206 145 109 137 143 1034 59 960 826 801 97 134 704 70 64 43 43
internal_count=3720 2760 240 95 2520 280 2240 1206 145 109 137 143 1034 59 960 826 801 97 134 704 70 64 43 43
is_linear=0
shrinkage=0.0104276


Tree=23
num_leaves=16
num_cat=0
split_feature=9 2 9 8 1 2 1 3 5 5 3 4 4 2 8
split_gain=238.027 214.382 201.44 275.477 320.23 169.907 270.106 165.467 254.177 235.483 146.104 143.872 477.737 172.988 107.418
threshold=2.5000000000000004 8.9285714285714306 4.5000000000000009 2.5000000000000004 13.500000000000002 18.071428571428573 13.500000000000002 4.0708019567928604 14.010373983056075 14.080984461157408 4.9809159608975344 17.948171698864105 17.444833100412477 17.214285714285719 2.5000000000000004
decision_type=2 2 2 2 2 2 2 2 2 2 2 2 2 2 2
left_child=5 -2 7 4 -4 11 -7 9 -9 -3 -5 12 13 -1 -8
right_child=1 2 3 10 -6 6 14 8 -10 -11 -12 -13 -14 -15 -16
leaf_value=-0.0054345072264217901 0.030794586229466289 0.01100124541387015 0.014558431588258803 -0.019992049078718637 -0.0045000917116542428 0.034831376539602735 -0.019990889623498032 -0.0018687993996721257 0.0067801066456666713 -0.022240614802256354 -0.0051586082928419853 -0.029018414815254839 0.044124065129452023 -0.034434260140308967 0.011999768832898989
leaf_weight=812 27 37 173 86 215 30 25 540 1170 62 450 28 21 23 21
leaf_count=812 27 37 173 86 215 30 25 540 1170 62 450 28 21 23 21
internal_value=-3.36246e-12 0.00155564 0.00126678 -0.00269437 0.00399765 -0.00447245 0.010489 0.00329005 0.00404887 -0.00981689 -0.0075386 -0.00575873 -0.0049979 -0.0062333 -0.00538646
internal_weight=3720 2760 2733 924 388 960 76 1809 1710 99 536 884 856 835 46
internal_count=3720 2760 2733 924 388 960 76 1809 1710 99 536 884 856 835 46
is_linear=0
shrinkage=0.0104276


Tree=24
num_leaves=26
num_cat=0
split_feature=1 0 5 5 7 0 0 5 4 5 4 7 7 4 0 3 1 5 4 7 3 0 5 7 7
split_gain=208.963 292.026 399.228 455.697 364.002 338.098 274.823 271.59 382.549 268.146 248.063 356.934 272.461 244.593 250.519 262.432 199.27 188.485 187.001 174.554 159.908 142.424 137.408 95.0584 51.0688
threshold=13.500000000000002 18.500000000000004 16.291758455811983 12.951608688134103 0.80239188009922913 15.500000000000002 22.500000000000004 15.732438912210188 14.379521341036289 14.654020148029447 18.323573397838395 0.41856757364393143 0.60260375364927665 18.001988546380293 3.5000000000000004 7.1514234347336147 9.5000000000000018 15.980903400726087 19.458840530335202 0.37116367046161153 4.2426406871192945 25.500000000000004 16.071398020343995 0.42915757408335492 0.54832137687450644
decision_type=2 2 2 2 2 2 2 2 2 2 2 2 2 2 2 2 2 2 2 2 2 2 2 2 2
left_child=10 2 3 20 -5 23 7 8 -3 21 13 17 -13 14 24 -16 -14 -12 -19 -11 -2 -8 -9 -4 -1
right_child=1 6 5 4 -6 -7 9 22 -10 19 11 12 16 -15 15 -17 -18 18 -20 -21 -22 -23 -24 -25 -26
leaf_value=-0.030025556076578863 0.007928254778601351 -0.023509025453768432 -0.035122393880259957 0.0030575012380896481 0.027329724938372584 0.014748784415351756 -0.0046681195965183938 -0.049669092286659083 0.0053572743671736044 0.016714295477003722 -0.029197738013262385 0.052168734518445829 -0.010118559116488597 -0.02709971360410339 -0.00066673502767458713 0.0082325403095062193 0.033453175410889081 0.031010119149469311 -0.01151417414240526 -0.0032377580847696152 -0.017351655560494915 -0.029367823013936197 -0.021265274770562545 -0.01536933624407893 -0.0083661490798138359
leaf_weight=29 33 104 54 1004 72 29 60 31 96 86 20 35 21 32 933 587 25 22 23 107 155 44 46 52 20
leaf_count=29 33 104 54 1004 72 29 60 31 96 86 20 35 21 32 933 587 25 22 23 107 155 44 46 52 20
internal_value=-7.27316e-12 -0.00232558 0.000244101 0.00206455 0.00468166 -0.0168007 -0.00858862 -0.0160599 -0.0096532 -0.00162048 0.00262643 0.0156383 0.0302438 0.00143984 0.00202191 0.00277002 0.0135617 -0.00256243 0.00927548 0.00565279 -0.0129142 -0.015118 -0.0327006 -0.0254322 -0.021185
internal_weight=3720 1973 1399 1264 1076 135 574 277 200 297 1747 146 81 1601 1569 1520 46 65 45 193 188 104 77 106 49
internal_count=3720 1973 1399 1264 1076 135 574 277 200 297 1747 146 81 1601 1569 1520 46 65 45 193 188 104 77 106 49
is_linear=0
shrinkage=0.0104276


Tree=25
num_leaves=21
num_cat=0
split_feature=9 6 7 9 7 7 7 2 2 7 0 3 0 4 4 2 2 3 2 3
split_gain=232.351 233.535 239.094 190.409 259.569 206.462 167.58 166.102 200.529 165.276 140.327 491.489 203.845 136.816 439.116 127.869 176.95 156.822 126.977 114.181
threshold=2.5000000000000004 1.0000000180025095e-35 0.10179469516679256 4.5000000000000009 0.50399924115190464 0.43907863847878786 0.52176338884580831 18.071428571428573 19.071428571428573 0.69554457121156443 19.500000000000004 8.520283806481908 22.500000000000004 17.948171698864105 17.337805258350489 10.214285714285717 9.6428571428571441 4.0059303218556899 20.071428571428573 5.4772255750516559
decision_type=2 2 2 2 2 2 2 2 2 2 2 2 2 2 2 2 2 2 2 2
left_child=7 3 -3 15 5 -5 -6 10 -9 19 13 12 -12 14 -1 16 -2 -17 -10 -4
right_child=1 2 9 4 6 -7 -8 8 18 -11 11 -13 -14 -15 -16 17 -18 -19 -20 -21
leaf_value=-0.0042916225083553146 0.0061326604085398502 -0.035828572294626194 -0.022024672614111063 -0.0037148017959069439 0.031268812623502125 -0.023372897220339639 0.0032989884009257757 0.030235961746784078 -0.021784964066038505 0.017459989345292581 -0.038642198754855347 0.021689980358031567 -0.012428275571952122 -0.028714772617886356 0.045287635397023351 -0.01086817729554051 0.041331869410406459 0.0046798503874852428 0.013643438049811453 -0.0032055384349465427
leaf_weight=675 44 30 48 437 25 67 341 32 22 32 55 33 78 23 20 74 24 1508 22 130
leaf_count=675 44 30 48 437 25 67 341 32 22 32 55 33 78 23 20 74 24 1508 22 130
internal_value=3.54886e-11 0.00153698 -0.00829184 0.00247305 -0.00147434 -0.00632808 0.0052095 -0.0044188 0.0103742 -0.00435802 -0.0056906 -0.0143311 -0.0232686 -0.00369294 -0.00286488 0.00455441 0.0185559 0.00395257 -0.00407076 -0.00828036
internal_weight=3720 2760 240 2520 870 504 366 960 76 210 884 166 133 718 695 1650 68 1582 44 178
internal_count=3720 2760 240 2520 870 504 366 960 76 210 884 166 133 718 695 1650 68 1582 44 178
is_linear=0
shrinkage=0.0104276


Tree=26
num_leaves=15
num_cat=0
split_feature=2 1 0 0 1 0 4 3 4 4 7 4 7 3
split_gain=222.099 202.874 286.506 275.43 332.642 283.774 279.356 239.057 314.118 235.431 217.289 206.905 82.5107 53.4429
threshold=8.9285714285714306 13.500000000000002 3.5000000000000004 18.500000000000004 31.500000000000004 22.500000000000004 10.177354237885803 4.0059303218556899 12.088152283535379 12.189326979287282 0.45838697673384565 18.323573397838395 0.54832137687450644 5.214446791510122
decision_type=2 2 2 2 2 2 2 2 2 2 2 2 2 2
left_child=13 2 12 4 6 10 -3 8 -4 -7 -5 -9 -2 -1
right_child=1 3 7 5 -6 9 -8 11 -10 -11 -12 -13 -14 -15
leaf_value=0.013009927696335499 -0.034974269097100649 -0.023375182773000498 0.021591743616747452 -0.025285840739573091 0.03687233687924299 -0.024179289765124991 0.00021374235576364896 0.0028418947782619017 -0.022134352868020415 0.0022048729703868491 -0.006737729869551473 0.016080004159993624 -0.0070300565497913806 0.035167074014395332
leaf_weight=29 27 57 23 142 26 43 1291 1434 80 254 133 141 20 20
leaf_count=29 27 57 23 142 26 43 1291 1434 80 254 133 141 20 20
internal_value=2.63959e-11 -0.000294369 0.00230928 -0.00260233 -7.11523e-05 -0.00868248 -0.000783712 0.00302051 -0.0123703 -0.00161506 -0.0163153 0.00402702 -0.0230831 0.0220537
internal_weight=3720 3671 1725 1946 1374 572 1348 1678 103 297 275 1575 47 49
internal_count=3720 3671 1725 1946 1374 572 1348 1678 103 297 275 1575 47 49
is_linear=0
shrinkage=0.0104276


Tree=27
num_leaves=22
num_cat=0
split_feature=9 6 7 8 7 3 9 8 3 2 2 7 3 7 3 3 7 2 2 2 7
split_gain=227.605 228.612 234.18 226.001 241.155 199.112 185.507 284.854 305.83 161.982 196.247 139.52 277.401 215.465 198.17 159.101 125.009 296.742 227.597 124.359 104.308
threshold=2.5000000000000004 1.0000000180025095e-35 0.10179469516679256 1.5000000000000002 0.53158523097013355 7.8891124493250286 4.5000000000000009 2.5000000000000004 4.4614753058558785 18.071428571428573 19.071428571428573 0.12348188893391697 3.0078843751231035 0.10179469516679256 8.7858106539118186 5.7383418445233572 0.36351628482193138 17.357142857142858 15.214285714285717 20.071428571428573 0.50399924115190464
decision_type=2 2 2 2 2 2 2 2 2 2 2 2 2 2 2 2 2 2 2 2 2
left_child=9 6 -3 5 -5 -4 16 8 -8 11 -11 13 -13 15 -14 -1 17 -2 -18 -12 -9
right_child=1 2 3 4 -6 -7 7 20 -10 10 19 12 14 -15 -16 -17 18 -19 -20 -21 -22
leaf_value=-0.019413955366296164 0.0045438071878377596 -0.03545572528608365 -0.0082896268362086922 -0.0086245077077955114 0.020036053960175042 -0.045596679420868431 0.039406041078640548 -0.010471723122877993 0.0029161936576794149 0.029883465321869609 -0.02158550870969211 0.026908284727575622 -0.010400257447313953 0.032811716630181523 0.0061877334133465904 0.0084934808639045619 0.0025325847933852603 -0.012408479717425805 0.012878620393917758 0.013475649599786664 -0.00091574120382542992
leaf_weight=36 567 30 60 71 58 21 27 296 333 32 22 25 652 24 89 58 537 140 406 22 214
leaf_count=36 567 30 60 71 58 21 27 296 333 32 22 25 652 24 89 58 537 140 406 22 214
internal_value=8.67767e-12 0.00152119 -0.00820345 -0.00431027 0.00426164 -0.0179618 0.00244735 -0.0014489 0.00565293 -0.00437344 0.0102349 -0.00562936 -0.00725529 0.00492543 -0.00840791 -0.00219447 0.00450174 0.00118692 0.00698698 -0.00405493 -0.00646196
internal_weight=3720 2760 240 210 129 81 2520 870 360 960 76 884 766 118 741 94 1650 707 943 44 510
internal_count=3720 2760 240 210 129 81 2520 870 360 960 76 884 766 118 741 94 1650 707 943 44 510
is_linear=0
shrinkage=0.0104276


Tree=28
num_leaves=18
num_cat=0
split_feature=9 6 7 1 2 1 1 2 4 4 4 2 1 4 4 2 8
split_gain=222.883 223.869 229.321 235.424 211.948 191.037 452.403 369.412 229.508 224.382 197.972 158.621 259.926 138.86 457.012 168.702 104.104
threshold=2.5000000000000004 1.0000000180025095e-35 0.10179469516679256 19.500000000000004 14.928571428571431 15.500000000000002 18.500000000000004 16.500000000000004 10.000331866990015 14.44037533637051 15.724205690360398 18.071428571428573 13.500000000000002 17.948171698864105 17.444833100412477 17.214285714285719 2.5000000000000004
decision_type=2 2 2 2 2 2 2 2 2 2 2 2 2 2 2 2 2
left_child=11 5 -3 4 -4 8 10 -8 -2 -10 -7 13 -13 14 15 -1 -14
right_child=1 2 3 -5 -6 6 7 -9 9 -11 -12 12 16 -15 -16 -17 -18
leaf_value=-0.0052426657160428471 0.032561968297844995 -0.035086006933626686 0.0021205165125857896 0.019224147066873389 -0.021030234348757639 -0.015723095271443846 0.008065952986577472 -0.0092271863615783385 -0.00028735356954042856 0.0081399108627756081 0.00045788061879415884 0.034007485332896027 -0.019822580318637192 -0.02842163467662322 0.043221453285541327 -0.033880887339670221 0.011670609001192322
leaf_weight=812 32 30 86 38 86 244 557 177 629 757 124 30 25 28 21 23 21
leaf_count=812 32 30 86 38 86 244 557 177 629 757 124 30 25 28 21 23 21
internal_value=4.21809e-11 0.00150533 -0.00811791 -0.00426532 -0.00945486 0.00242183 -0.000834968 0.00389581 0.00495286 0.00431542 -0.0102708 -0.00432783 0.0101282 -0.00557066 -0.00482319 -0.0060315 -0.00544525
internal_weight=3720 2760 240 210 172 2520 1102 734 1418 1386 368 960 76 884 856 835 46
internal_count=3720 2760 240 210 172 2520 1102 734 1418 1386 368 960 76 884 856 835 46
is_linear=0
shrinkage=0.0104276


Tree=29
num_leaves=21
num_cat=0
split_feature=9 7 7 6 9 1 1 4 8 1 1 8 7 3 3 3 7 4 1 7
split_gain=218.259 221.29 547.057 309.864 268.714 224.526 208.934 194.9 176.137 166.795 285.34 142.746 127.333 250.036 192.918 206.294 186.796 235.424 212.103 172.047
threshold=2.5000000000000004 0.54832137687450644 0.56555386899886984 1.0000000180025095e-35 4.5000000000000009 3.5000000000000004 3.5000000000000004 14.630058591059756 3.5000000000000004 19.500000000000004 8.5000000000000018 1.0000000180025095e-35 0.12348188893391697 3.0078843751231035 8.7858106539118186 9.8838433152543868 0.10523678859827851 16.789653788949249 14.500000000000002 0.23072550352129315
decision_type=2 2 2 2 2 2 2 2 2 2 2 2 2 2 2 2 2 2 2 2
left_child=12 3 8 4 11 -6 -4 -8 -3 10 -5 -2 16 -14 19 -16 17 18 -1 -15
right_child=1 2 6 9 5 -7 7 -9 -10 -11 -12 -13 13 14 15 -17 -18 -19 -20 -21
leaf_value=0.0077996437034658387 -0.0049245797897583925 0.055297322046170251 -0.02679558428838151 0.0039635662460355599 0.02733067894889555 -0.0066687378721131362 -0.00052854106683542965 0.0090469582627804909 0.017107880171579451 0.0079488332173862589 -0.030667690953262782 0.0053852469741393063 0.026662149986283041 -0.021177481394071686 0.014954301817189056 -0.021968770913803712 0.032924904068980014 0.032114555777036279 -0.023896424185640842 -0.0065913957459185308
leaf_weight=48 175 29 24 37 22 528 452 473 24 28 86 882 25 103 76 21 22 20 44 601
leaf_count=48 175 29 24 37 22 528 452 473 24 28 86 882 25 103 76 21 22 20 44 601
internal_value=3.9133e-12 0.00148964 0.00540063 -0.000739496 0.000602469 -0.00530876 0.00357979 0.0043679 0.038004 -0.0150212 -0.0202502 0.00367832 -0.0042827 -0.00581232 -0.00682588 0.00696065 0.00514611 -0.000310434 -0.00735935 -0.00872544
internal_weight=3720 2760 1002 1758 1607 550 949 925 53 151 123 1057 960 826 801 97 134 112 92 704
internal_count=3720 2760 1002 1758 1607 550 949 925 53 151 123 1057 960 826 801 97 134 112 92 704
is_linear=0
shrinkage=0.0104276


Tree=30
num_leaves=16
num_cat=0
split_feature=2 1 4 7 7 4 2 4 7 4 3 2 8 8 3
split_gain=217.354 196.04 245.209 346.731 265.849 231.935 221.998 282.1 265.813 243.375 179.047 138.498 70.5496 58.8295 17.1364
threshold=8.9285714285714306 13.500000000000002 18.323573397838395 0.41856757364393143 0.60260375364927665 18.001988546380293 19.500000000000004 15.207003296631548 0.7649510975891981 16.725429451197371 7.1514234347336147 20.357142857142858 2.5000000000000004 2.5000000000000004 7.7613204571190906
decision_type=2 2 2 2 2 2 2 2 2 2 2 2 2 2 2
left_child=13 2 5 12 -5 10 7 8 -3 -9 -2 14 -4 -1 -8
right_child=1 6 3 4 -6 -7 11 9 -10 -11 -12 -13 -14 -15 -16
leaf_value=0.0080584103499497552 -0.001218678571153283 -0.0068029687430893526 -0.014475291378701332 0.051250014073305282 0.013114314775018112 -0.026714595396895732 -0.040011751797357997 0.0092044672153952772 0.00875412633571181 -0.0030703553103704441 0.0060382817661466482 -0.0038959709383343069 0.0073165517330175019 0.031305376286816219 -0.02652486899997358
leaf_weight=20 936 1035 30 35 46 32 20 368 135 336 611 31 35 29 21
leaf_count=20 936 1035 30 35 46 32 20 368 135 336 611 31 35 29 21
internal_value=5.31755e-11 -0.000291208 0.00226821 0.0151975 0.0295927 0.00107273 -0.00255997 -0.00186962 -0.00500792 0.00334603 0.00164752 -0.0205282 -0.00274122 0.0218168 -0.0331038
internal_weight=3720 3671 1725 146 81 1579 1946 1874 1170 704 1547 72 65 49 41
internal_count=3720 3671 1725 146 81 1579 1946 1874 1170 704 1547 72 65 49 41
is_linear=0
shrinkage=0.0104276


Tree=31
num_leaves=21
num_cat=0
split_feature=9 7 7 5 0 5 7 3 3 8 8 8 7 3 4 5 7 4 7 3
split_gain=213.35 215.204 535.485 333.674 296.531 261.236 231.234 337.107 186.706 172.735 170.627 153.95 125.128 244.654 190.083 206.295 183.081 231.284 179.814 118.517
threshold=2.5000000000000004 0.54832137687450644 0.56555386899886984 12.144052712212881 12.500000000000002 12.878615001663253 0.011325859094010101 7.2735659689564907 5.7383418445233572 3.5000000000000004 2.5000000000000004 4.5000000000000009 0.12348188893391697 3.0078843751231035 13.301115901108743 13.375670711973092 0.10523678859827851 16.789653788949249 0.6487464738147366 5.3117078709447698
decision_type=2 2 2 2 2 2 2 2 2 2 2 2 2 2 2 2 2 2 2 2
left_child=12 3 9 4 -2 11 7 -5 -8 -3 -7 -4 16 -14 18 -16 17 19 -15 -1
right_child=1 2 5 6 -6 10 8 -9 -10 -11 -12 -13 13 14 15 -17 -18 -19 -20 -21
leaf_value=-0.023878319332501542 0.0013344448380138017 0.054711826822980529 -0.0039952151613639915 -0.0049286095640069926 0.051173503691359319 0.010779140360309785 0.0031930364784687991 0.04775280261097109 -0.0044807884773067855 0.016892965981009957 0.0013562096726752505 -0.033102421798473981 0.026372463292408551 -0.01777141571475729 0.026592096756143369 -0.0041794087063554705 0.032613701925748646 0.03184912685346495 -0.00048639535517886563 0.0011610391062748106
leaf_weight=31 27 29 62 28 25 360 490 25 1163 24 498 29 25 233 25 452 22 20 91 61
leaf_count=31 27 29 62 28 25 360 490 25 1163 24 498 29 25 233 25 452 22 20 91 61
internal_value=-2.57041e-11 0.00147279 0.00532962 -0.000725474 0.0252955 0.00352814 -0.00151861 0.0199211 -0.00220603 0.0375863 0.00530989 -0.0132711 -0.00423427 -0.00575058 -0.00675317 -0.00256665 0.00511253 -0.000289482 -0.0129167 -0.00727614
internal_weight=3720 2760 1002 1758 52 949 1706 53 1653 53 858 91 960 826 801 477 134 112 324 92
internal_count=3720 2760 1002 1758 52 949 1706 53 1653 53 858 91 960 826 801 477 134 112 324 92
is_linear=0
shrinkage=0.0104276


Tree=32
num_leaves=21
num_cat=0
split_feature=9 7 7 5 0 5 7 3 3 8 8 8 7 3 3 0 0 7 4 3
split_gain=208.924 210.739 524.376 326.751 290.379 255.816 226.436 330.113 182.832 169.152 167.087 150.756 122.532 239.578 187.549 214.448 208.806 179.282 226.485 116.058
threshold=2.5000000000000004 0.54832137687450644 0.56555386899886984 12.144052712212881 12.500000000000002 12.878615001663253 0.011325859094010101 7.2735659689564907 5.7383418445233572 3.5000000000000004 2.5000000000000004 4.5000000000000009 0.12348188893391697 3.0078843751231035 8.7858106539118186 16.500000000000004 19.500000000000004 0.10523678859827851 16.789653788949249 5.3117078709447698
decision_type=2 2 2 2 2 2 2 2 2 2 2 2 2 2 2 2 2 2 2 2
left_child=12 3 9 4 -2 11 7 -5 -8 -3 -7 -4 17 -14 16 -16 -15 18 19 -1
right_child=1 2 5 6 -6 10 8 -9 -10 -11 -12 -13 13 14 15 -17 -18 -19 -20 -21
leaf_value=-0.023629325060296174 0.0013205297193455629 0.054141313244758862 -0.0039535547419149745 -0.004877216061488548 0.050639885873403949 0.010666739873700138 0.0031597406903340086 0.04725485573980396 -0.0044340646043242761 0.016716813496905965 0.0013420677200119474 -0.032757242758795727 0.026097460789614731 -0.0056633688534588949 -0.00607772557756319 0.025418898379964552 -0.019706127384309116 0.032273618912301974 0.031517016001944946 0.0011489323501739047
leaf_weight=31 27 29 62 28 25 360 490 25 1163 24 498 29 25 559 57 40 145 22 20 61
leaf_count=31 27 29 62 28 25 360 490 25 1163 24 498 29 25 559 57 40 145 22 20 61
internal_value=5.21339e-12 0.00145743 0.00527405 -0.000717909 0.0250318 0.00349135 -0.00150278 0.0197134 -0.00218303 0.0371944 0.00525452 -0.0131328 -0.00419012 -0.00569062 -0.00668275 0.00691057 -0.0085557 0.00505922 -0.000286463 -0.00720026
internal_weight=3720 2760 1002 1758 52 949 1706 53 1653 53 858 91 960 826 801 97 704 134 112 92
internal_count=3720 2760 1002 1758 52 949 1706 53 1653 53 858 91 960 826 801 97 704 134 112 92
is_linear=0
shrinkage=0.0104276


Tree=33
num_leaves=29
num_cat=0
split_feature=1 0 5 5 7 0 0 5 4 5 4 7 7 0 3 5 5 0 1 5 4 7 7 3 0 5 5 1
split_gain=193.531 277.341 391.183 439.306 346.924 329.946 261.655 266.529 370.052 259.093 228.262 338.738 261.266 234.491 334.392 304.087 287.443 222.261 193.975 182.581 182.796 175.182 154.651 153.37 141.129 133.75 96.1456 94.0909
threshold=13.500000000000002 18.500000000000004 16.291758455811983 12.951608688134103 0.80239188009922913 15.500000000000002 22.500000000000004 15.732438912210188 14.379521341036289 14.654020148029447 18.323573397838395 0.41856757364393143 0.60260375364927665 23.500000000000004 8.5007001359099181 16.307379035362978 16.270583358154429 3.5000000000000004 9.5000000000000018 15.980903400726087 19.458840530335202 0.37116367046161153 0.26616315684262332 4.2426406871192945 25.500000000000004 16.071398020343995 14.820459052377052 24.500000000000004
decision_type=2 2 2 2 2 2 2 2 2 2 2 2 2 2 2 2 2 2 2 2 2 2 2 2 2 2 2 2
left_child=10 2 3 23 -5 27 7 8 -3 24 13 19 -13 16 15 -15 17 -1 -14 -12 -21 -11 -18 -2 -8 -9 -16 -4
right_child=1 6 5 4 -6 -7 9 25 -10 21 11 12 18 14 26 -17 22 -19 -20 20 -22 -23 -24 -25 -26 -27 -28 -29
leaf_value=-0.020768816921986281 0.007773223959590461 -0.022912588040687135 -0.019961183272642218 0.0030522028806446817 0.026748191851641644 0.014560808240866273 -0.0044079271235280184 -0.048857689961922461 0.0054782722281915075 0.016688380854123355 -0.028936255639335391 0.050707457920410412 -0.01046166304176889 -0.003650862910702506 0.052444757038764694 0.040646595583907305 -0.042096408599468831 0.001854000981445913 0.032527270209450697 0.030418518363452496 -0.011624961255220835 -0.0032995010649389178 -0.0094432614722713779 -0.016984506636529922 -0.028995028002645348 -0.02083450707780439 0.023631534561263434 -0.043795809552940872
leaf_weight=49 33 104 83 1004 72 29 60 31 96 86 20 35 21 107 20 20 24 1301 25 22 23 107 46 155 44 46 34 23
leaf_count=49 33 104 83 1004 72 29 60 31 96 86 20 35 21 107 20 20 24 1301 25 22 23 107 46 155 44 46 34 23
internal_value=-3.52263e-11 -0.00223806 0.000266177 0.0020682 0.00463781 -0.0166061 -0.00834159 -0.0156317 -0.00928498 -0.00154243 0.00252759 0.0150093 0.0292376 0.00138934 0.0125672 0.00332511 -3.5437e-05 0.00103288 0.0129019 -0.00272141 0.00892963 0.00560702 -0.0206386 -0.0126387 -0.0148102 -0.0321166 0.0343031 -0.0251328
internal_weight=3720 1973 1399 1264 1076 135 574 277 200 297 1747 146 81 1601 181 127 1420 1350 46 65 45 193 70 188 104 77 54 106
internal_count=3720 1973 1399 1264 1076 135 574 277 200 297 1747 146 81 1601 181 127 1420 1350 46 65 45 193 70 188 104 77 54 106
is_linear=0
shrinkage=0.0104276


Tree=34
num_leaves=15
num_cat=0
split_feature=2 9 6 7 1 1 1 4 2 1 4 7 8 8
split_gain=213.073 205.958 242.231 271.552 240.616 207.831 380.997 276.635 159.936 249.648 142.705 149.83 100.295 57.5787
threshold=8.9285714285714306 2.5000000000000004 1.0000000180025095e-35 0.10179469516679256 19.500000000000004 15.500000000000002 18.500000000000004 10.000331866990015 18.071428571428573 13.500000000000002 9.6868193392815005 0.12348188893391697 2.5000000000000004 2.5000000000000004
decision_type=2 2 2 2 2 2 2 2 2 2 2 2 2 2
left_child=13 8 5 -4 -5 7 -7 -3 10 -10 -2 -12 -11 -1
right_child=1 2 3 4 -6 6 -8 -9 9 12 11 -13 -14 -15
leaf_value=0.0079895341122588909 -0.027749790037769315 0.038460259640596413 -0.038808980179261925 -0.010050690630669839 0.018973654332994999 -0.0099737520825650319 0.0030834359405149769 0.0041280177113223234 0.033399243083077686 -0.019377490837138057 0.0061409067989360291 -0.0067289189466704967 0.01153429247915686 0.030988035260990157
leaf_weight=20 31 26 29 170 38 366 723 1381 30 25 114 717 21 29
leaf_count=20 31 26 29 170 38 366 723 1381 30 25 114 717 21 29
internal_value=8.7612e-12 -0.000288326 0.00115866 -0.00891595 -0.00474817 0.00211526 -0.00130493 0.00476244 -0.00450432 0.00999684 -0.00578285 -0.00496338 -0.00526559 0.0216009
internal_weight=3720 3671 2733 237 208 2496 1089 1407 938 76 862 831 46 49
internal_count=3720 3671 2733 237 208 2496 1089 1407 938 76 862 831 46 49
is_linear=0
shrinkage=0.0104276


Tree=35
num_leaves=17
num_cat=0
split_feature=2 9 6 1 2 2 1 1 4 2 1 0 3 1 2 3
split_gain=208.653 201.685 237.206 205.705 254.581 229.803 203.519 373.093 270.896 156.618 244.469 143.71 483.526 194.974 76.4964 53.535
threshold=8.9285714285714306 2.5000000000000004 1.0000000180025095e-35 19.500000000000004 14.928571428571431 14.928571428571431 15.500000000000002 18.500000000000004 10.000331866990015 18.071428571428573 13.500000000000002 19.500000000000004 8.520283806481908 8.5000000000000018 19.357142857142858 5.214446791510122
decision_type=2 2 2 2 2 2 2 2 2 2 2 2 2 2 2 2
left_child=15 9 6 4 -4 -5 8 -8 -3 11 -11 13 -13 -2 -12 -1
right_child=1 2 3 5 -6 -7 7 -9 -10 10 14 12 -14 -15 -16 -17
leaf_value=0.012324124073751918 -0.014182816052498284 0.038059211764179118 -0.00094818041848402138 -0.01403914983863188 -0.024859128326688407 0.034290919813431721 -0.0098697496111219852 0.0030512830285031474 0.0040849724436852024 0.033050968728262992 0.0094612260270843448 -0.023398661195047396 0.021227829300557832 -0.00076290330480297951 -0.017535085497009256 0.034500352781874535
leaf_weight=29 150 26 93 20 101 23 366 723 1381 30 21 132 33 547 25 20
leaf_count=29 150 26 93 20 101 23 366 723 1381 30 21 132 33 547 25 20
internal_value=1.07244e-11 -0.000285319 0.00114658 -0.00882297 -0.0133967 0.0118118 0.0020932 -0.00129132 0.00471278 -0.00445735 0.0098926 -0.00572255 -0.0144734 -0.00365098 -0.00521068 0.0213756
internal_weight=3720 3671 2733 237 194 43 2496 1089 1407 938 76 862 165 697 46 49
internal_count=3720 3671 2733 237 194 43 2496 1089 1407 938 76 862 165 697 46 49
is_linear=0
shrinkage=0.0104276


Tree=36
num_leaves=16
num_cat=0
split_feature=2 1 5 0 5 0 0 3 4 5 3 3 5 3 2
split_gain=204.324 183.597 280.021 397.831 484.433 290.127 274.211 232.002 307.994 213.988 107.647 207.735 74.475 52.4243 31.717
threshold=8.9285714285714306 13.500000000000002 12.951608688134103 18.500000000000004 16.291758455811983 22.500000000000004 3.5000000000000004 4.0059303218556899 12.088152283535379 14.010373983056075 7.1280799525204452 6.5683222471843683 12.65415813906198 5.214446791510122 12.928571428571431
decision_type=2 2 2 2 2 2 2 2 2 2 2 2 2 2 2
left_child=13 6 10 4 -4 -5 14 8 -8 -9 11 -3 -12 -1 -2
right_child=1 2 3 5 -6 -7 7 9 -10 -11 12 -13 -14 -15 -16
leaf_value=0.012195613466446905 -0.030019593453838211 -0.014488075223566352 0.0045559348412502112 -0.016530965347686825 -0.016408432246490398 -0.0012832144216869072 0.021357647618740535 -0.0015850326223247595 -0.02194011355446154 0.0065841935581392548 -0.01632039229187254 0.021727460834252033 -0.040920232044461026 0.034140596430720545 -0.012694221998955505
leaf_weight=29 27 124 1068 259 135 285 23 521 80 1054 32 20 23 20 20
leaf_count=29 27 124 1068 259 135 285 23 521 80 1054 32 20 23 20 20
internal_value=3.70421e-13 -0.000282344 -0.00247792 -0.00114289 0.00220333 -0.00854271 0.00219452 0.00289032 -0.0122717 0.00388187 -0.0141979 -0.00945814 -0.0266076 0.0211527 -0.0226471
internal_weight=3720 3671 1946 1747 1203 544 1725 1678 103 1575 199 144 55 49 47
internal_count=3720 3671 1946 1747 1203 544 1725 1678 103 1575 199 144 55 49 47
is_linear=0
shrinkage=0.0104276


Tree=37
num_leaves=23
num_cat=0
split_feature=9 7 5 4 7 0 0 4 0 0 3 8 5 7 3 4 4 7 7 4 3 0
split_gain=195.418 205.59 345.588 309.191 390.069 285.969 525.625 264.754 236.658 320.194 234.784 195.569 139.691 117.667 233.519 183.973 202.017 175.26 174.935 220.901 113.069 87.044
threshold=2.5000000000000004 0.41856757364393143 15.61114557499099 18.49255432513057 0.42915757408335492 23.500000000000004 17.500000000000004 19.205305226628635 3.5000000000000004 11.500000000000002 3.4364987719369018 2.5000000000000004 16.203624186844724 0.12348188893391697 3.0078843751231035 13.301115901108743 13.909566044065995 0.6487464738147366 0.10523678859827851 16.789653788949249 5.3117078709447698 10.500000000000002
decision_type=2 2 2 2 2 2 2 2 2 2 2 2 2 2 2 2 2 2 2 2 2 2
left_child=13 2 8 4 -3 6 -4 21 -2 -10 -6 -9 -7 18 -15 17 -17 -16 19 20 -1 -5
right_child=1 3 5 7 10 12 -8 11 9 -11 -12 -13 -14 14 15 16 -18 -19 -20 -21 -22 -23
leaf_value=-0.023313162376069122 -0.023541484215774136 0.03810968783765737 -0.0048596657403893609 0.021156395944911078 -0.03197413117080921 0.029963613223015835 -0.034591937628838068 -0.017390071685865763 0.010594562377016786 -0.0019098988564868477 0.0023928650028658279 0.020089418445769881 -0.0026993706579215076 0.025860738358154875 -0.017358846708447832 0.014701218545703467 -0.0050790805876298637 -0.00029408271248039226 0.031893896503595469 0.031139934192541179 0.0011439667200541586 0.048478068551036556
leaf_weight=31 39 33 198 21 22 24 96 24 351 609 1235 41 35 25 233 65 412 91 22 20 61 32
leaf_count=31 39 33 198 21 22 24 96 24 351 609 1235 41 35 25 233 65 412 91 22 20 61 32
internal_value=1.42487e-11 0.00140954 -0.00149478 0.00419834 0.00272045 -0.0103637 -0.0145682 0.020355 0.00163908 0.00266204 0.00179137 0.00625084 0.0105873 -0.00405241 -0.00552283 -0.00650234 -0.00238365 -0.012566 0.00501148 -0.000268994 -0.00709702 0.0376525
internal_weight=3720 2760 1352 1408 1290 353 294 118 999 960 1257 65 59 960 826 801 477 324 134 112 92 53
internal_count=3720 2760 1352 1408 1290 353 294 118 999 960 1257 65 59 960 826 801 477 324 134 112 92 53
is_linear=0
shrinkage=0.0104276


Tree=38
num_leaves=15
num_cat=0
split_feature=2 1 0 0 1 4 0 4 3 4 7 4 7 3
split_gain=200.325 180.052 266.664 254.395 326.278 265.443 264.101 226.893 225.958 301.317 206.896 184.459 77.4291 51.3152
threshold=8.9285714285714306 13.500000000000002 3.5000000000000004 18.500000000000004 31.500000000000004 10.177354237885803 22.500000000000004 12.189326979287282 4.0059303218556899 12.088152283535379 0.45838697673384565 18.323573397838395 0.54832137687450644 5.214446791510122
decision_type=2 2 2 2 2 2 2 2 2 2 2 2 2 2
left_child=13 2 12 4 5 -3 10 -8 9 -4 -5 -10 -2 -1
right_child=1 3 8 6 -6 -7 7 -9 11 -11 -12 -13 -14 -15
leaf_value=0.012082853178404834 -0.033843245752719686 -0.02274866599501758 0.021159020085302998 -0.02441408161940551 0.036567165381227923 0.00024535454151728282 -0.023630475933509705 0.0022708679589296438 0.0027189720669822362 -0.021666829740395365 -0.0063149552665120066 0.01521841412721006 -0.0067732023073049877 0.03379445036580387
leaf_weight=29 27 57 23 142 26 1291 43 254 1434 80 133 141 20 20
leaf_count=29 27 57 23 142 26 1291 43 254 1434 80 133 141 20 20
internal_value=-2.84785e-11 -0.000279567 0.00217326 -0.00245384 -2.12336e-05 -0.000726945 -0.0082972 -0.00147916 0.00285942 -0.0121038 -0.0156607 0.00383797 -0.0223241 0.0209447
internal_weight=3720 3671 1725 1946 1374 1348 572 297 1678 103 275 1575 47 49
internal_count=3720 3671 1725 1946 1374 1348 572 297 1678 103 275 1575 47 49
is_linear=0
shrinkage=0.0104276


Tree=39
num_leaves=14
num_cat=0
split_feature=2 9 6 9 0 5 5 5 4 2 5 0 3
split_gain=196.169 192.782 231.593 198.028 208.22 154.341 153 174.217 152.552 135.607 215.527 147.688 50.2506
threshold=8.9285714285714306 2.5000000000000004 1.0000000180025095e-35 4.5000000000000009 3.5000000000000004 14.894500689213002 16.498026898258573 15.418808269111151 9.6868193392815005 18.071428571428573 16.912558006388416 19.500000000000004 5.214446791510122
decision_type=2 2 2 2 2 2 2 2 2 2 2 2 2
left_child=12 8 3 5 -5 -3 7 -4 -2 11 -11 -10 -1
right_child=1 2 6 4 -6 -7 -8 -9 9 10 -12 -13 -14
leaf_value=0.011956857843876654 -0.027102053436599903 0.0013102892100724985 -0.0056944700629234625 -0.03292949021253818 -0.0011289510204599718 0.0077613041265478478 0.018869993750206104 -0.02692505794526558 -0.0026508396609802869 0.024729851901342661 -0.010836622912342523 -0.01379986324283165 0.033442054591499439
leaf_weight=29 31 901 160 23 842 730 20 57 671 44 32 160 20
leaf_count=29 31 901 160 23 842 730 20 57 671 44 32 160 20
internal_value=6.73271e-11 -0.000276652 0.00112328 0.00205864 -0.00197451 0.00419762 -0.00872761 -0.0112712 -0.00435556 -0.00357811 0.00975449 -0.00479746 0.0207263
internal_weight=3720 3671 2733 2496 865 1631 237 217 938 907 76 831 49
internal_count=3720 3671 2733 2496 865 1631 237 217 938 907 76 831 49
is_linear=0
shrinkage=0.0104276


Tree=40
num_leaves=14
num_cat=0
split_feature=2 9 9 0 8 3 5 5 4 8 3 2 8
split_gain=192.099 188.782 180.973 272.442 255.717 154.949 236.117 224.769 149.387 145.803 324.817 155.896 56.1546
threshold=8.9285714285714306 2.5000000000000004 4.5000000000000009 3.5000000000000004 2.5000000000000004 4.0708019567928604 14.010373983056075 14.080984461157408 9.6868193392815005 5.5000000000000009 6.2373681873657283 10.214285714285717 2.5000000000000004
decision_type=2 2 2 2 2 2 2 2 2 2 2 2 2
left_child=12 8 5 -4 -5 7 -7 -3 -2 11 -11 -10 -1
right_child=1 2 3 4 -6 6 -8 -9 9 10 -12 -13 -14
leaf_value=0.0070682155626453575 -0.026819444638558707 0.010684796095514358 -0.036597322030874367 0.004830426060877884 -0.0064358231260781412 -0.0019399476230111616 0.0063960239908170185 -0.021792032405141701 0.02288981755548861 0.026073768267637569 -0.0089078682832283238 -0.0059063515111508272 0.029780534746817432
leaf_weight=20 31 37 25 378 521 540 1170 62 21 54 62 770 29
leaf_count=20 31 37 25 378 521 540 1170 62 21 54 62 770 29
internal_value=3.86788e-11 -0.000273767 0.00111157 -0.00264296 -0.00169874 0.0030293 0.00376361 -0.00965423 -0.00431014 -0.0035408 0.00737669 -0.00514185 0.0205102
internal_weight=3720 3671 2733 924 899 1809 1710 99 938 907 116 791 49
internal_count=3720 3671 2733 924 899 1809 1710 99 938 907 116 791 49
is_linear=0
shrinkage=0.0104276


Tree=41
num_leaves=27
num_cat=0
split_feature=1 0 5 5 7 0 0 5 4 5 8 0 7 3 0 7 3 0 5 3 5 4 5 4 8 1
split_gain=178.891 257.417 377.022 422.003 338.211 324.751 243.59 258.993 362.205 247.656 216.444 250.11 210.548 372.362 243.841 172.186 146.708 139.326 132.628 219.84 204.97 174.425 129.706 102.951 98.6096 92.3203
threshold=13.500000000000002 18.500000000000004 16.291758455811983 12.951608688134103 0.80239188009922913 15.500000000000002 22.500000000000004 15.732438912210188 14.379521341036289 14.654020148029447 5.5000000000000009 3.5000000000000004 0.41856757364393143 7.1514234347336147 11.500000000000002 0.37116367046161153 4.2426406871192945 25.500000000000004 13.581554809909809 6.1023024538361961 15.42565256174097 14.771306808755488 16.071398020343995 18.390028135169299 1.5000000000000002 24.500000000000004
decision_type=2 2 2 2 2 2 2 2 2 2 2 2 2 2 2 2 2 2 2 2 2 2 2 2 2 2
left_child=10 2 3 16 -5 25 7 8 -3 17 11 24 14 -14 -13 -11 -2 -8 19 -12 21 -20 -9 -22 -1 -4
right_child=1 6 5 4 -6 -7 9 22 -10 15 18 12 13 -15 -16 -17 -18 -19 20 -21 23 -23 -24 -25 -26 -27
leaf_value=-0.0055114732110875869 0.0075793188158284237 -0.022291887921009081 -0.019639775278500513 0.0029829007591337399 0.026379426463488415 0.014617356398448519 -0.0041076916364885243 -0.047802175743992668 0.0057963560051711898 0.016504348421050072 0.05066026796476477 0.0059750321066807006 -0.00047210828949889773 0.014256741734434097 -0.0068674486337136267 -0.0033118644973344573 -0.016634763851924136 -0.028537241570153131 0.010032565401314697 0.0086639354750215596 0.01296949021368834 -0.018115156247046162 -0.02020585884072304 0.040962499225353867 -0.036309406108352295 -0.043249077167668008
leaf_weight=20 33 104 83 1004 72 29 60 31 96 86 23 248 458 315 457 107 155 44 54 33 50 43 46 20 26 23
leaf_count=20 33 104 83 1004 72 29 60 31 96 86 23 248 458 315 457 107 155 44 54 33 50 43 46 20 26 23
internal_value=-2.0601e-11 -0.00215174 0.000260867 0.00202997 0.00454847 -0.0163032 -0.00803195 -0.0150659 -0.00880953 -0.0014717 0.0024301 0.00102609 0.00177133 0.00552995 -0.00234981 0.00551816 -0.0123844 -0.0144433 0.0120252 0.0259124 0.00736845 -0.00244529 -0.0313161 0.0209675 -0.022919 -0.0247625
internal_weight=3720 1973 1399 1264 1076 135 574 277 200 297 1747 1524 1478 773 705 193 188 104 223 56 167 97 77 70 46 106
internal_count=3720 1973 1399 1264 1076 135 574 277 200 297 1747 1524 1478 773 705 193 188 104 223 56 167 97 77 70 46 106
is_linear=0
shrinkage=0.0104276


Tree=42
num_leaves=16
num_cat=0
split_feature=2 9 6 5 5 0 5 5 2 5 5 0 0 8 8
split_gain=188.557 184.512 227.27 196.302 305.1 233.998 149.531 170.809 148.726 211.342 227.697 134.752 214.896 190.874 54.9241
threshold=8.9285714285714306 2.5000000000000004 1.0000000180025095e-35 16.291758455811983 14.654020148029447 13.500000000000002 16.498026898258573 15.418808269111151 18.071428571428573 16.912558006388416 15.89383194328604 19.500000000000004 22.500000000000004 5.5000000000000009 2.5000000000000004
decision_type=2 2 2 2 2 2 2 2 2 2 2 2 2 2 2
left_child=14 8 3 4 -3 -5 7 -4 11 10 -10 13 -13 -2 -1
right_child=1 2 6 5 -6 -7 -8 -9 9 -11 -12 12 -14 -15 -16
leaf_value=0.0070263577629651967 -0.0055898442505301167 -0.00055444316692380535 -0.0056528488350530235 -0.020282440161024005 0.0072012717712680628 0.00025174287413734763 0.018622781766433349 -0.026674792674037266 -0.00027382660735227179 -0.010668197924686859 0.047217746729053718 -0.02930668796263473 -0.0047354684896199397 0.010682843620722825 0.029488444981591911
leaf_weight=20 607 1182 160 88 1034 192 20 57 21 32 23 62 103 90 29
leaf_count=20 607 1182 160 88 1034 192 20 57 21 32 23 62 103 90 29
internal_value=-4.70484e-11 -0.000271232 0.00109835 0.00202494 0.00306442 -0.00620186 -0.00866018 -0.0111747 -0.0042617 0.00972205 0.0245513 -0.0054946 -0.0139683 -0.00348864 0.0203202
internal_weight=3720 3671 2733 2496 2216 280 237 217 938 76 44 862 165 697 49
internal_count=3720 3671 2733 2496 2216 280 237 217 938 76 44 862 165 697 49
is_linear=0
shrinkage=0.0104276


Tree=43
num_leaves=16
num_cat=0
split_feature=2 9 6 7 1 7 3 7 2 1 7 1 3 2 3
split_gain=184.645 180.684 222.555 265.527 232.996 195.763 268.135 219.583 145.64 235.911 136.895 201.48 167.814 73.7051 49.4962
threshold=8.9285714285714306 2.5000000000000004 1.0000000180025095e-35 0.10179469516679256 19.500000000000004 0.011325859094010101 7.2735659689564907 0.16775933788214709 18.071428571428573 13.500000000000002 0.12348188893391697 14.500000000000002 8.7858106539118186 19.357142857142858 5.214446791510122
decision_type=2 2 2 2 2 2 2 2 2 2 2 2 2 2 2
left_child=14 8 5 -4 -5 6 -3 -7 10 -10 11 -2 -12 -11 -1
right_child=1 2 3 4 -6 7 -8 -9 9 13 12 -13 -14 -15 -16
leaf_value=0.01140496616214995 0.018616084609028312 -0.0007605579740865609 -0.038129391356759752 -0.0096664858865155301 0.018894576513979498 -0.005019571529919691 0.046632157458221558 0.0030586365412457349 0.032370068288489297 0.0091858374274588345 -0.0089070079943468286 -0.0087525766406506347 0.0063521239890033856 -0.017313354536753405 0.032728267645538142
leaf_weight=29 59 27 29 170 38 448 25 1996 30 21 656 58 89 25 20
leaf_count=29 59 27 29 170 38 448 25 1996 30 21 656 58 89 25 20
internal_value=-5.37942e-11 -0.000268404 0.00108689 -0.00856988 -0.0044486 0.00200382 0.0220244 0.00157785 -0.00421726 0.00962067 -0.00543731 0.00504871 -0.0070841 -0.0052159 0.0201084
internal_weight=3720 3671 2733 237 208 2496 52 2444 938 76 862 117 745 46 49
internal_count=3720 3671 2733 237 208 2496 52 2444 938 76 862 117 745 46 49
is_linear=0
shrinkage=0.0104276


Tree=44
num_leaves=13
num_cat=0
split_feature=2 9 9 0 8 1 1 4 8 3 2 8
split_gain=180.815 176.936 177.399 264.903 251.068 159.575 181.509 145.379 138.917 316.662 152.681 53.7697
threshold=8.9285714285714306 2.5000000000000004 4.5000000000000009 3.5000000000000004 2.5000000000000004 2.5000000000000004 11.500000000000002 9.6868193392815005 5.5000000000000009 6.2373681873657283 10.214285714285717 2.5000000000000004
decision_type=2 2 2 2 2 2 2 2 2 2 2 2
left_child=11 7 5 -4 -5 -3 -7 -2 10 -10 -9 -1
right_child=1 2 3 4 -6 6 -8 8 9 -11 -12 -13
leaf_value=0.0067452236655238902 -0.026378616969001113 -0.024938212163949709 -0.036122963935828561 0.004758907253855145 -0.0064044695936009864 0.0077239140350867375 0.00081122360322317987 0.022763999628195752 0.025703140653986833 -0.0088365879285209562 -0.0057336966933366615 0.028970016829985359
leaf_weight=20 31 22 25 378 521 648 1139 21 54 62 770 29
leaf_count=20 31 22 25 378 521 648 1139 21 54 62 770 29
internal_value=3.73839e-12 -0.000265605 0.00107556 -0.00264171 -0.00171064 0.00297426 0.0033179 -0.00417328 -0.00341433 0.00724225 -0.00497712 0.0198987
internal_weight=3720 3671 2733 924 899 1809 1787 938 907 116 791 49
internal_count=3720 3671 2733 924 899 1809 1787 938 907 116 791 49
is_linear=0
shrinkage=0.0104276


Tree=45
num_leaves=16
num_cat=0
split_feature=2 9 7 7 5 5 7 8 2 1 7 7 3 8 8
split_gain=177.063 173.265 180.58 524.19 398.202 302.136 215.65 164.034 142.643 231.147 133.858 197.474 164.917 94.899 52.6542
threshold=8.9285714285714306 2.5000000000000004 0.54832137687450644 0.56555386899886984 12.951608688134103 11.894066739784435 0.011325859094010101 3.5000000000000004 18.071428571428573 13.500000000000002 0.12348188893391697 0.10179469516679256 8.7858106539118186 2.5000000000000004 2.5000000000000004
decision_type=2 2 2 2 2 2 2 2 2 2 2 2 2 2 2
left_child=14 8 5 7 -5 -3 -7 -4 10 -10 11 -2 -12 -11 -1
right_child=1 2 3 4 -6 6 -8 -9 9 13 12 -13 -14 -15 -16
leaf_value=0.0066748867921934451 -0.0018501134884683561 0.035028733928474949 0.053207687692669675 -0.017668533601035572 0.0050624015502470348 0.019221238059747191 -0.0021454771584353306 0.016353631239480925 0.032083545511934652 -0.018848008612234079 -0.0087727186910229009 0.031699362847846767 0.0063541485761811163 0.01122070363918979 0.02866792856648202
leaf_weight=20 93 25 29 93 847 53 1662 24 30 25 656 24 89 21 29
leaf_count=20 93 25 29 93 847 53 1662 24 30 25 656 24 89 21 29
internal_value=4.21874e-12 -0.000262835 0.00106434 0.00461248 0.00281349 -0.00096054 -0.00148516 0.0365191 -0.00412976 0.00956501 -0.00533719 0.00503183 -0.00696562 -0.00512099 0.0196912
internal_weight=3720 3671 2733 993 940 1740 1715 53 938 76 862 117 745 46 49
internal_count=3720 3671 2733 993 940 1740 1715 53 938 76 862 117 745 46 49
is_linear=0
shrinkage=0.0104276


Tree=46
num_leaves=27
num_cat=0
split_feature=1 5 3 4 9 4 7 5 5 8 7 9 7 3 7 3 7 3 3 5 3 5 9 4 1 7
split_gain=172.761 228.796 396.284 352.306 458.209 328.622 217.298 266.047 241.792 208.486 238.376 334.882 389.106 221.966 199.961 207.682 205.595 190.738 177.807 130.314 214.48 200.466 238.468 170.696 99.9498 72.2549
threshold=13.500000000000002 16.291758455811983 5.8858179594575697 15.207003296631548 4.5000000000000009 15.374103592775327 0.7649510975891981 14.907456202380375 12.951608688134103 5.5000000000000009 0.41856757364393143 2.5000000000000004 0.43536188261105441 7.5498344352707463 0.068925873025850362 6.3919581492782198 0.099120481556777815 9.4818121635456389 5.4160256030906444 13.581554809909809 6.1023024538361961 15.42565256174097 3.5000000000000004 14.771306808755488 25.500000000000004 0.37116367046161153
decision_type=2 2 2 2 2 2 2 2 2 2 2 2 2 2 2 2 2 2 2 2 2 2 2 2 2 2
left_child=9 3 25 6 5 -5 7 -2 -8 10 14 13 -13 -12 15 -1 -16 24 -6 20 -11 23 -23 -21 -4 -3
right_child=1 2 17 4 18 -7 8 -9 -10 19 11 12 -14 -15 16 -17 -18 -19 -20 21 -22 22 -24 -25 -26 -27
leaf_value=-0.006126315843903842 -0.0082633743111105735 -0.052758080011705254 0.0032998738293916904 0.040971797680161341 -0.038491980396687414 0.0087666520297328392 -0.020699717251372516 0.0048651800509572803 0.015287610870692525 0.050014976719688346 -0.012576007616390068 0.049384751353957611 0.0073216789419283338 0.010316582457453148 -0.027236726633318428 0.020991002362786108 -0.0040651898070899473 -0.029434880872351559 -0.0050941319955426969 0.0098276476339815358 0.0085337604823881447 0.041611329409642309 0.0029762630082425167 -0.018017572067335421 -0.019054459538893724 -0.027170582040380063
leaf_weight=56 836 21 133 38 20 369 25 210 108 23 158 25 550 65 45 68 557 29 130 54 33 32 38 43 26 28
leaf_count=56 836 21 133 38 20 369 25 210 108 23 158 25 550 65 45 68 557 29 130 54 33 32 38 43 26 28
internal_value=5.41127e-11 -0.00211456 -0.0117251 -0.000802522 0.00603186 0.0117735 -0.00403132 -0.00562762 0.00852308 0.0023881 0.00101015 0.00494375 0.00915051 -0.00590328 -0.00331357 0.00874447 -0.00579728 -0.00484119 -0.00954718 0.0118052 0.0255707 0.00718921 0.020638 -0.00251611 -0.000355552 -0.0381367
internal_weight=3720 1973 237 1736 557 407 1179 1046 133 1747 1524 798 575 223 726 124 602 188 150 223 56 167 70 97 159 49
internal_count=3720 1973 237 1736 557 407 1179 1046 133 1747 1524 798 575 223 726 124 602 188 150 223 56 167 70 97 159 49
is_linear=0
shrinkage=0.0104276


Tree=47
num_leaves=16
num_cat=0
split_feature=2 9 6 7 1 5 5 7 2 1 7 1 7 8 8
split_gain=174.099 167.567 218.47 259.59 229.212 189.643 295.502 259.878 139.915 225.812 130.753 197.348 138.279 92.992 51.6122
threshold=8.9285714285714306 2.5000000000000004 1.0000000180025095e-35 0.10179469516679256 19.500000000000004 16.291758455811983 14.654020148029447 0.42915757408335492 18.071428571428573 13.500000000000002 0.12348188893391697 14.500000000000002 0.19167603529873947 2.5000000000000004 2.5000000000000004
decision_type=2 2 2 2 2 2 2 2 2 2 2 2 2 2 2
left_child=14 8 5 -4 -5 6 -3 -7 10 -10 11 -2 -12 -11 -1
right_child=1 2 3 4 -6 7 -8 -9 9 13 12 -13 -14 -15 -16
leaf_value=0.0066387831141113416 0.018416313164169272 -0.00058676240491839678 -0.037750370647843444 -0.0096235886795432019 0.018704597031445253 -0.016396601443038328 0.0070459883755846645 0.0036998972474890451 0.031756921984072768 -0.01860419132829436 -0.020005797827054281 -0.0086702327303448748 -0.005332425394958676 0.011160873635881301 0.028413120640632727
leaf_weight=20 59 1182 29 170 38 137 1034 143 30 25 78 58 667 21 29
leaf_count=20 59 1182 29 170 38 137 1034 143 30 25 78 58 667 21 29
internal_value=-4.77741e-12 -0.000260625 0.00104455 -0.00852319 -0.00444825 0.00195302 0.00297473 -0.00613303 -0.00406344 0.00949975 -0.00525927 0.00498879 -0.0068687 -0.00501579 0.0195256
internal_weight=3720 3671 2733 237 208 2496 2216 280 938 76 862 117 745 46 49
internal_count=3720 3671 2733 237 208 2496 2216 280 938 76 862 117 745 46 49
is_linear=0
shrinkage=0.0104276


Tree=48
num_leaves=25
num_cat=0
split_feature=9 6 5 5 3 0 3 0 3 5 5 5 8 4 3 4 3 3 0 3 3 0 8 3
split_gain=163.906 189.197 194.911 256.896 281.991 228.457 172.854 167.089 166.547 137.076 189.461 160.424 160.29 109.845 211.614 184.285 202.712 343.362 243.873 128.07 356.655 94.3055 79.0176 12.9171
threshold=2.5000000000000004 1.0000000180025095e-35 16.291758455811983 14.654020148029447 5.7383418445233572 13.500000000000002 7.5277265270908105 11.500000000000002 5.8858179594575697 16.498026898258573 15.418808269111151 15.051173405337753 1.5000000000000002 13.227173792428646 3.8606685826112943 13.909566044065995 7.6749437720912281 7.2735659689564907 16.500000000000004 7.3694993859810323 6.1023024538361961 5.5000000000000009 5.5000000000000009 6.4770657671804592
decision_type=2 2 2 2 2 2 2 2 2 2 2 2 2 2 2 2 2 2 2 2 2 2 2 2
left_child=13 2 3 4 -2 6 -4 -5 -7 10 11 -3 -12 14 -1 19 17 -17 -18 20 -15 23 -23 -16
right_child=1 9 5 7 -6 8 -8 -9 -10 -11 12 -13 -14 15 21 16 18 -19 -20 -21 -22 22 -24 -25
leaf_value=0.017100322917874732 0.0071139682406248439 -0.0091226945622425084 -0.0053675005149213051 0.01351386957435808 -0.0036300607628418267 -0.015420272806082179 -0.034596398124092667 0.0042863660509403186 0.0063046312837144909 0.018581183810635681 -0.048351756730707914 0.017572118456516503 -0.012432231196460331 0.0022879031621709906 -0.0014300482104363345 -0.0041793234691347757 -0.0027088585470528559 -0.036804273725569346 0.023914094453570168 -0.0075208910453674503 0.053590898185890107 -0.014686725081669454 0.00072810161503838457 0.01042127604184165
leaf_weight=33 395 133 44 301 811 53 44 733 139 20 22 30 35 41 20 285 117 40 55 24 23 260 42 20
leaf_count=33 395 133 44 301 811 53 44 733 139 20 22 30 35 41 20 285 117 40 55 24 23 260 42 20
internal_value=-9.15459e-12 0.0012909 0.00213344 0.00315876 -0.000111079 -0.00606908 -0.0199819 0.00697252 0.000307653 -0.00755582 -0.00993192 -0.00420954 -0.0262959 -0.00371133 -0.00811689 -0.000887258 -0.00334998 -0.0081947 0.0058043 0.0130215 0.0207249 -0.0105501 -0.0125429 0.00449561
internal_weight=3720 2760 2520 2240 1206 280 88 1034 192 240 220 163 57 960 375 585 497 325 172 88 64 342 302 40
internal_count=3720 2760 2520 2240 1206 280 88 1034 192 240 220 163 57 960 375 585 497 325 172 88 64 342 302 40
is_linear=0
shrinkage=0.0104276


Tree=49
num_leaves=15
num_cat=0
split_feature=2 1 0 0 1 4 0 3 4 4 4 3 3 2
split_gain=170.307 166.644 248.193 246.205 321.444 251.492 251.357 218.741 291.235 215.716 171.379 122.685 48.5634 31.1584
threshold=8.9285714285714306 13.500000000000002 3.5000000000000004 18.500000000000004 31.500000000000004 10.177354237885803 22.500000000000004 4.0059303218556899 12.088152283535379 12.189326979287282 18.323573397838395 4.6521877213394225 5.214446791510122 12.928571428571431
decision_type=2 2 2 2 2 2 2 2 2 2 2 2 2 2
left_child=12 2 13 4 5 -3 11 8 -4 -8 -9 -5 -1 -2
right_child=1 3 7 6 -6 -7 9 10 -10 -11 -12 -13 -14 -15
leaf_value=0.010690852099705123 -0.028839056834823278 -0.022092048539539985 0.020743244944407067 -0.035567010751574007 0.036359949913899091 0.00028954250904224537 -0.023045353528581742 0.0026481331715238693 -0.021360044010335821 0.0022099463276647174 0.014696271228680969 -0.012890324961476012 0.031812290453003947 -0.011666926282496172
leaf_weight=29 27 57 23 29 26 1291 43 1434 80 254 141 246 20 20
leaf_count=29 27 57 23 29 26 1291 43 1434 80 254 141 246 20 20
internal_value=1.94229e-12 -0.000257772 0.00210197 -0.00234953 4.36036e-05 -0.00065686 -0.00809805 0.00276394 -0.0119583 -0.00144654 0.00372673 -0.0152817 0.0193118 -0.0215318
internal_weight=3720 3671 1725 1946 1374 1348 572 1678 103 297 1575 275 49 47
internal_count=3720 3671 1725 1946 1374 1348 572 1678 103 297 1575 275 49 47
is_linear=0
shrinkage=0.0104276


Tree=50
num_leaves=25
num_cat=0
split_feature=1 0 1 0 0 1 4 0 7 3 0 3 3 0 4 1 1 4 1 8 3 7 8 8
split_gain=165.651 247.628 310.259 232.303 215.302 293.814 214.039 207.274 260.611 242.675 233.13 225.439 555.453 313.93 235.533 198.233 245.439 201.342 193.774 260.309 187.857 177.515 279.119 187.197
threshold=13.500000000000002 18.500000000000004 31.500000000000004 22.500000000000004 24.500000000000004 22.500000000000004 12.189326979287282 23.500000000000004 0.74972450292056825 8.7150663194482352 26.500000000000004 8.1998838551588875 7.1514234347336147 11.500000000000002 18.323573397838395 28.500000000000004 18.500000000000004 14.156439406523704 12.500000000000002 1.0000000180025095e-35 9.6916752896354108 0.45838697673384565 2.5000000000000004 1.0000000180025095e-35
decision_type=2 2 2 2 2 2 2 2 2 2 2 2 2 2 2 2 2 2 2 2 2 2 2 2
left_child=7 2 15 21 5 -5 -6 11 9 10 -9 12 14 -14 -1 16 -2 -17 19 -13 -11 23 -23 -3
right_child=1 3 -4 4 6 -7 -8 8 -10 20 -12 18 13 -15 -16 17 -18 -19 -20 -21 -22 22 -24 -25
leaf_value=-0.0023247067232830616 -0.0041348538168299526 -0.048096455446847861 0.035980803408467356 -0.00012277265429405879 -0.038297930636429806 0.037720926123998327 -0.0042371854997454283 0.011276640387085677 0.043770470450633661 0.047699831368731245 -0.017471779561612447 0.019877792219116071 0.026712069673060584 0.0054113955826864558 0.01852164497620775 -0.00055959307986757376 0.0048621910822061985 -0.040857539146371802 0.015140512074958761 -0.015156316019448479 0.0059200376879332481 0.011953253580649482 -0.01864077973247847 -0.01716338767001457
leaf_weight=913 651 26 26 87 23 30 157 82 25 25 49 26 139 164 63 28 668 26 35 204 22 55 79 117
leaf_count=913 651 26 26 87 23 30 157 82 25 25 49 26 139 164 63 28 668 26 35 204 22 55 79 117
internal_value=-1.29173e-11 -0.00207059 0.000295704 -0.00783791 -0.00143146 0.00958074 -0.00858939 0.00233845 0.0122442 0.00781631 0.000523415 0.00103608 0.00284977 0.015183 -0.000979092 -0.000380052 0.000421648 -0.0199623 -0.00771754 -0.0111959 0.0281433 -0.0147069 -0.00608353 -0.0227876
internal_weight=3720 1973 1399 574 297 117 180 1747 203 178 131 1544 1279 303 976 1373 1319 54 265 230 47 277 134 143
internal_count=3720 1973 1399 574 297 117 180 1747 203 178 131 1544 1279 303 976 1373 1319 54 265 230 47 277 134 143
is_linear=0
shrinkage=0.0104276


Tree=51
num_leaves=15
num_cat=0
split_feature=2 9 7 7 4 7 3 4 8 4 8 3 2 8
split_gain=166.473 160.883 171.956 514.393 210.97 199.25 310.975 205.128 159.536 139.543 133.145 309.416 149.648 50.4357
threshold=8.9285714285714306 2.5000000000000004 0.54832137687450644 0.56555386899886984 14.630058591059756 0.011325859094010101 7.2735659689564907 11.672347023524869 3.5000000000000004 9.6868193392815005 5.5000000000000009 6.2373681873657283 10.214285714285717 2.5000000000000004
decision_type=2 2 2 2 2 2 2 2 2 2 2 2 2 2
left_child=13 9 5 8 -5 6 -3 -7 -4 -2 12 -12 -11 -1
right_child=1 2 3 4 -6 7 -8 -9 -10 10 11 -13 -14 -15
leaf_value=0.0063540807441845532 -0.025736072089006058 -0.0049109871701770065 0.052551621629373692 -0.0023851680165920572 0.0074993188716568054 0.0082815218762076585 0.04568735720490108 -0.0029184322161728243 0.016206431563427538 0.02269673818133932 0.025443778494765541 -0.0086984770982707349 -0.0055164885289107441 0.027878817817783372
leaf_weight=20 31 28 29 456 484 202 25 1485 24 21 54 62 770 29
leaf_count=20 31 28 29 456 484 202 25 1485 24 21 54 62 770 29
internal_value=-3.75171e-11 -0.000254854 0.00102402 0.00448639 0.00270429 -0.000951913 0.0189562 -0.00157736 0.0360934 -0.00398105 -0.00323749 0.00719533 -0.00476746 0.0190932
internal_weight=3720 3671 2733 993 940 1740 53 1687 53 938 907 116 791 49
internal_count=3720 3671 2733 993 940 1740 53 1687 53 938 907 116 791 49
is_linear=0
shrinkage=0.0104276


Tree=52
num_leaves=15
num_cat=0
split_feature=2 1 0 0 1 4 0 3 4 0 7 4 7 8
split_gain=163.019 159.5 242.292 236.033 308.081 246.391 240.99 212.981 284.695 210.937 196.631 165.634 73.2121 49.3894
threshold=8.9285714285714306 13.500000000000002 3.5000000000000004 18.500000000000004 31.500000000000004 10.177354237885803 22.500000000000004 4.0059303218556899 12.088152283535379 24.500000000000004 0.45838697673384565 18.323573397838395 0.54832137687450644 2.5000000000000004
decision_type=2 2 2 2 2 2 2 2 2 2 2 2 2 2
left_child=13 2 12 4 5 -3 10 8 -4 -8 -5 -9 -2 -1
right_child=1 3 7 6 -6 -7 9 11 -10 -11 -12 -13 -14 -15
leaf_value=0.0062878222905598715 -0.03249572860745701 -0.021857885973430299 0.020515641570135284 -0.023494567593302679 0.035598048396990253 0.0002955603497766838 0.0094857222099051456 0.0026001295025540505 -0.021112253753405232 -0.0084992521599595149 -0.0058501406397332961 0.014444582550880517 -0.0061731591259154258 0.027588109094424412
leaf_weight=20 27 57 23 142 26 1291 117 1434 80 180 133 141 20 29
leaf_count=20 27 57 23 142 26 1291 117 1434 80 180 133 141 20 29
internal_value=8.77361e-12 -0.000252196 0.00205641 -0.00229862 4.45547e-05 -0.000641195 -0.00792716 0.00271046 -0.0118167 -0.00141426 -0.0149611 0.00366049 -0.0212946 0.0188941
internal_weight=3720 3671 1725 1946 1374 1348 572 1678 103 297 275 1575 47 49
internal_count=3720 3671 1725 1946 1374 1348 572 1678 103 297 275 1575 47 49
is_linear=0
shrinkage=0.0104276


Tree=53
num_leaves=27
num_cat=0
split_feature=1 5 3 4 9 4 7 5 5 8 7 9 7 3 7 7 3 3 3 5 3 5 9 4 1 7
split_gain=158.824 221.287 386.424 340.318 450.468 323.388 211.104 257.713 235.012 201.486 230.053 317.839 381.618 213.521 193.623 202.638 199.845 186.288 172.897 127.849 208.475 194.022 232.11 166.679 98.3695 69.6071
threshold=13.500000000000002 16.291758455811983 5.8858179594575697 15.207003296631548 4.5000000000000009 15.374103592775327 0.7649510975891981 14.907456202380375 12.951608688134103 5.5000000000000009 0.41856757364393143 2.5000000000000004 0.43536188261105441 7.5498344352707463 0.068925873025850362 0.099120481556777815 6.3919581492782198 9.4818121635456389 5.4160256030906444 13.581554809909809 6.1023024538361961 15.42565256174097 3.5000000000000004 14.771306808755488 25.500000000000004 0.37116367046161153
decision_type=2 2 2 2 2 2 2 2 2 2 2 2 2 2 2 2 2 2 2 2 2 2 2 2 2 2
left_child=9 3 25 6 5 -5 7 -2 -8 10 14 13 -13 -12 16 -16 -1 24 -6 20 -11 23 -23 -21 -4 -3
right_child=1 2 17 4 18 -7 8 -9 -10 19 11 12 -14 -15 15 -17 -18 -19 -20 21 -22 22 -24 -25 -26 -27
leaf_value=-0.0060345226296109481 -0.0080780633318017839 -0.051910913826883676 0.0033781680501816964 0.040637716648914655 -0.038009271720803976 0.0086900754778383871 -0.020346547866307515 0.0048432259035512465 0.015132664448108407 0.049281764274856026 -0.012312529543323843 0.048742987589694316 0.0070866033535550094 0.010140384175268358 -0.027041183422009972 -0.0040368767838042602 0.020566187860706502 -0.028986345971070509 -0.0050757918916389004 0.0096248877516291065 0.0083853647256394992 0.040898023991209495 0.0027814478660552612 -0.017890766411928397 -0.018798734776417629 -0.026796622788214659
leaf_weight=56 836 21 133 38 20 369 25 210 108 23 158 25 550 65 45 557 68 29 130 54 33 32 38 43 26 28
leaf_count=56 836 21 133 38 20 369 25 210 108 23 158 25 550 65 45 557 68 29 130 54 33 32 38 43 26 28
internal_value=-1.26726e-11 -0.00202747 -0.0114789 -0.000737147 0.00597995 0.0116729 -0.00391053 -0.00548392 0.00846364 0.00228975 0.000935122 0.00479944 0.00889775 -0.00576796 -0.00331243 -0.00575647 0.00855296 -0.00468125 -0.00946692 0.0115474 0.0251821 0.00697529 0.0202062 -0.00257277 -0.000248244 -0.0375599
internal_weight=3720 1973 237 1736 557 407 1179 1046 133 1747 1524 798 575 223 726 602 124 188 150 223 56 167 70 97 159 49
internal_count=3720 1973 237 1736 557 407 1179 1046 133 1747 1524 798 575 223 726 602 124 188 150 223 56 167 70 97 159 49
is_linear=0
shrinkage=0.0104276


Tree=54
num_leaves=17
num_cat=0
split_feature=2 9 6 7 1 7 0 7 4 1 7 7 4 7 2 4
split_gain=160.306 155.508 209.19 254.53 224.298 183.895 326.611 206.108 135.756 194.76 310.599 250.832 182.241 200.773 132.413 39.501
threshold=8.9285714285714306 2.5000000000000004 1.0000000180025095e-35 0.10179469516679256 19.500000000000004 0.011325859094010101 16.500000000000004 0.16775933788214709 13.227173792428646 15.500000000000002 0.14262074964333624 0.23901393792885686 13.909566044065995 0.52905150949594704 18.071428571428573 9.5334377140290378
decision_type=2 2 2 2 2 2 2 2 2 2 2 2 2 2 2 2
left_child=15 8 5 -4 -5 6 -3 -7 9 10 -2 -11 13 -10 -14 -1
right_child=1 2 3 4 -6 7 -8 -9 12 11 -12 -13 14 -15 -16 -17
leaf_value=0.026511351981295596 0.028662526494966138 0.045495411100397939 -0.037296036680297344 -0.0094396074680921493 0.018583259797607776 -0.0049084284573631502 -0.0069270508340196248 0.0029179910821250294 0.027051212175914812 -0.037059598153367172 -0.0077142105626484981 -0.0085485662408462653 -0.0055678237876550865 -0.0046552904182738802 0.0093869863777586837 0.0074623270384519937
leaf_weight=29 30 28 29 170 38 448 24 1996 49 50 171 102 421 39 76 20
leaf_count=29 30 28 29 170 38 448 24 1996 49 50 171 102 421 39 76 20
internal_value=4.67377e-11 -0.000250089 0.00100725 -0.00835508 -0.00432005 0.00189622 0.0213004 0.00148336 -0.00391352 -0.00902036 -0.00228485 -0.0179272 -0.000831948 0.0129995 -0.00328097 0.0187362
internal_weight=3720 3671 2733 237 208 2496 52 2444 938 353 201 152 585 88 497 49
internal_count=3720 3671 2733 237 208 2496 52 2444 938 353 201 152 585 88 497 49
is_linear=0
shrinkage=0.0104276


Tree=55
num_leaves=16
num_cat=0
split_feature=2 5 4 3 5 3 0 3 0 5 4 0 5 3 3
split_gain=156.98 156.953 383.605 363.589 306.922 260.85 290.491 233.622 224.23 206.923 189.44 454.597 211.264 125.602 47.2131
threshold=8.9285714285714306 14.010373983056075 13.018793629486407 3.8606685826112943 13.944406416322138 5.7569833370313974 7.5000000000000009 3.6774675532904193 20.500000000000004 13.79422887277455 13.111006111798998 6.5000000000000009 17.034473924761382 3.4364987719369018 5.214446791510122
decision_type=2 2 2 2 2 2 2 2 2 2 2 2 2 2 2
left_child=14 2 5 7 8 6 -2 13 -4 -7 11 -5 -12 -3 -1
right_child=1 3 4 10 -6 9 -8 -9 -10 -11 12 -13 -14 -15 -16
leaf_value=0.010040573131449907 -0.011512093656624081 -0.016879705503576724 -0.0058457864499101711 0.035393026956127609 -0.041506741426606882 -0.0066223060322107763 0.013395616550340012 -0.043427885009048595 -0.030645660396207829 0.015114615545864284 0.0040813994798735344 -0.010464718864240583 -0.0092226252814339282 0.0089783384648779423 0.030866288638001317
leaf_weight=29 64 64 333 26 34 403 249 27 45 54 1958 245 139 30 20
leaf_count=29 64 64 333 26 34 403 249 27 45 54 1958 245 139 30 20
internal_value=-8.60457e-12 -0.000247481 -0.00337631 0.00123837 -0.0114974 0.000969006 0.00830267 -0.0163926 -0.00879815 -0.00405383 0.00213927 -0.00606508 0.00319954 -0.00862714 0.0185409
internal_weight=3720 3671 1182 2489 412 770 313 121 378 457 2368 271 2097 94 49
internal_count=3720 3671 1182 2489 412 770 313 121 378 457 2368 271 2097 94 49
is_linear=0
shrinkage=0.0104276


Tree=56
num_leaves=26
num_cat=0
split_feature=1 3 3 7 1 9 7 8 7 3 3 9 8 7 7 3 3 7 9 7 4 4 7 7 9
split_gain=155.538 215.337 235.791 258.228 336.448 226.175 209.323 196.467 225.355 311.835 485.976 251.899 193.907 189.379 198.443 195.977 179.901 377.675 127.597 123.474 190.31 491.351 263.742 49.7923 246.805
threshold=13.500000000000002 9.8838433152543868 8.7858106539118186 0.83589943869142747 18.500000000000004 3.5000000000000004 0.82329845595141093 5.5000000000000009 0.41856757364393143 7.1514234347336147 7.5023805745719327 2.5000000000000004 3.5000000000000004 0.068925873025850362 0.099120481556777815 6.3919581492782198 9.0343260744256764 0.47620427309182084 4.5000000000000009 0.33664445031849827 15.774032689425779 17.095583060955651 0.51518881545919804 0.25385127026782267 3.5000000000000004
decision_type=2 2 2 2 2 2 2 2 2 2 2 2 2 2 2 2 2 2 2 2 2 2 2 2 2
left_child=7 2 3 6 -5 -3 -2 8 13 11 -11 -10 -7 15 -15 -1 17 -4 -18 23 22 -22 -21 24 -9
right_child=1 5 16 4 -6 12 -8 19 9 10 -12 -13 -14 14 -16 -17 18 -19 -20 20 21 -23 -24 -25 -26
leaf_value=-0.0059867007214544719 -0.0026380045225970002 -0.043510047514716467 0.05287389970490726 -0.0070835977743898687 0.051268594333418731 -0.02550920715609092 -0.031907024813765339 0.032448631788726041 -0.012303487058348554 0.03937028091383242 0.0065503119639021782 0.0043293432720960326 0.01693797579311751 -0.026756057966217859 -0.0039910803901549701 0.02035537970474055 0.0088507190246615679 -0.0008173050621921639 -0.017984731997929711 0.037576572940225698 -0.044984505560832153 0.021070063544987912 -0.0001133497748576958 0.033407748644936272 -0.0095223703767924744
leaf_weight=56 1663 27 28 21 22 25 27 39 142 60 269 327 22 45 557 68 84 29 25 33 24 25 52 25 25
leaf_count=56 1663 27 28 21 22 25 27 39 142 60 269 327 22 45 557 68 84 29 25 33 24 25 52 25 25
internal_value=2.81254e-11 -0.00200638 -0.00132634 -0.00246355 0.022771 -0.0194576 -0.00310562 0.00226594 0.000928285 0.00475295 0.0125357 -0.00070661 -0.00564031 -0.00327568 -0.00569278 0.00845896 0.0105458 0.0255573 0.0026958 0.0114076 0.005084 -0.0112832 0.0145192 0.0209284 0.0160537
internal_weight=3720 1973 1899 1733 43 74 1690 1747 1524 798 329 469 47 726 602 124 166 57 109 223 134 49 85 89 64
internal_count=3720 1973 1899 1733 43 74 1690 1747 1524 798 329 469 47 726 602 124 166 57 109 223 134 49 85 89 64
is_linear=0
shrinkage=0.0104276


Tree=57
num_leaves=16
num_cat=0
split_feature=2 9 6 7 8 9 8 2 2 0 3 8 2 2 8
split_gain=154.065 150.03 204.671 249.39 202.905 179.698 283.876 132.07 180.12 132.041 459.169 172.324 123.955 122.333 48.3786
threshold=8.9285714285714306 2.5000000000000004 1.0000000180025095e-35 0.10179469516679256 1.5000000000000002 4.5000000000000009 2.5000000000000004 18.071428571428573 19.071428571428573 19.500000000000004 8.520283806481908 5.5000000000000009 10.214285714285717 20.071428571428573 2.5000000000000004
decision_type=2 2 2 2 2 2 2 2 2 2 2 2 2 2 2
left_child=14 7 5 -4 -5 12 -7 9 -9 11 -11 -2 -3 -10 -1
right_child=1 2 3 4 -6 6 -8 8 13 10 -12 -13 -14 -15 -16
leaf_value=0.0058912473458898737 -0.005016110307344967 0.02024083063990393 -0.036918077666406104 -0.01717285020671688 0.0039483362892889446 0.005119179319772872 -0.0070045037280130323 0.028157932428489591 -0.021743340141426246 -0.022090936248479409 0.021397005580358362 0.010445608674516639 0.0034007879465871305 0.013031045245309273 0.026972450286655257
leaf_weight=20 607 49 29 81 127 359 506 32 22 132 33 90 1582 22 29
leaf_count=20 607 49 29 81 127 359 506 32 22 132 33 90 1582 22 29
internal_value=2.43759e-11 -0.000245172 0.000989816 -0.00827083 -0.00427674 0.00186913 -0.00197282 -0.00384349 0.00933399 -0.00500531 -0.0133933 -0.00301962 0.00390671 -0.00435615 0.0183679
internal_weight=3720 3671 2733 237 208 2496 865 938 76 862 165 697 1631 44 49
internal_count=3720 3671 2733 237 208 2496 865 938 76 862 165 697 1631 44 49
is_linear=0
shrinkage=0.0104276


Tree=58
num_leaves=28
num_cat=0
split_feature=1 0 5 5 1 0 0 5 4 5 0 5 3 0 3 3 0 4 5 5 7 5 5 0 5 5 1
split_gain=152.833 235.488 350.376 403.041 317.26 314.655 223.077 253.069 345.882 228.558 201.637 301.645 333.283 264.602 223.416 540.31 367.811 260.686 208.775 251.899 170.382 163.098 139.052 135.271 127.999 114.43 89.3177
threshold=13.500000000000002 18.500000000000004 16.291758455811983 12.951608688134103 31.500000000000004 15.500000000000002 22.500000000000004 15.732438912210188 14.379521341036289 14.654020148029447 23.500000000000004 16.812504006790494 8.7150663194482352 26.500000000000004 8.1998838551588875 7.7428922859859668 15.500000000000002 18.323573397838395 14.637273632418633 15.007739222948139 0.37116367046161153 15.254076892893094 12.65415813906198 25.500000000000004 16.071398020343995 13.102301133964747 24.500000000000004
decision_type=2 2 2 2 2 2 2 2 2 2 2 2 2 2 2 2 2 2 2 2 2 2 2 2 2 2 2
left_child=10 2 3 22 -5 26 7 8 -3 23 14 12 13 -12 15 17 -17 -1 25 -20 -11 -14 -2 -8 -9 -16 -4
right_child=1 6 5 4 -6 -7 9 24 -10 20 11 -13 21 -15 18 16 -18 -19 19 -21 -22 -23 -24 -25 -26 -27 -28
leaf_value=-0.00056660853110143347 -0.0047565802070360557 -0.021334981236962217 -0.018937349333428669 0.0036485750346681341 0.042797524382888079 0.014786827109617942 -0.0036124331160108949 -0.046784763563935752 0.0061130800020332762 0.01630836448725085 0.0096317542534253824 0.049436848506793793 0.048720414405990412 -0.021514220570318758 -0.00062824341097452276 0.038964462176570187 -0.001952996321900763 0.019527699738762536 0.030483365855412215 -0.0057282199765842402 -0.0034037811201204238 0.011023805646116812 -0.023070540611633661 -0.027683816020274084 -0.019370701831740642 -0.024652762305422259 -0.042159546740213265
leaf_weight=1097 113 104 83 1053 23 29 60 31 96 86 87 21 26 45 29 71 36 75 25 127 107 24 75 44 46 84 23
leaf_count=1097 113 104 83 1053 23 29 60 31 96 86 87 21 26 45 29 71 36 75 25 127 107 24 75 44 46 84 23
internal_value=1.05221e-11 -0.00198886 0.000318697 0.00202414 0.0044854 -0.0156493 -0.00761303 -0.0143443 -0.00815991 -0.00133508 0.00224615 0.0120162 0.00769849 -0.000986192 0.00096161 0.00276714 0.0251978 0.00071929 -0.00775264 0.000227633 0.00537987 0.030626 -0.0120627 -0.0137965 -0.0304075 -0.0184872 -0.0239761
internal_weight=3720 1973 1399 1264 1076 135 574 277 200 297 1747 203 182 132 1544 1279 107 1172 265 152 193 50 188 104 77 113 106
internal_count=3720 1973 1399 1264 1076 135 574 277 200 297 1747 203 182 132 1544 1279 107 1172 265 152 193 50 188 104 77 113 106
is_linear=0
shrinkage=0.0104276


Tree=59
num_leaves=9
num_cat=0
split_feature=2 1 1 4 4 3 3 3
split_gain=151.2 152.805 211.086 213.393 164.384 249.186 219.841 46.0929
threshold=8.9285714285714306 31.500000000000004 28.500000000000004 14.138390172764355 15.658689860371426 5.9641787843280305 9.5518634432290366 5.214446791510122
decision_type=2 2 2 2 2 2 2 2
left_child=7 2 4 -4 6 -6 -2 -1
right_child=1 -3 3 -5 5 -7 -8 -9
leaf_value=0.0097974505256677741 -0.0010523737993416086 0.022094645023990327 0.0013932348130846217 -0.034635712716661271 -0.0047289754515349109 0.0058586964181788605 -0.017247372276336641 0.030374630123197133
leaf_weight=29 2244 33 33 39 331 896 95 20
leaf_count=29 2244 33 33 39 331 896 95 20
internal_value=-4.01512e-11 -0.000242882 -0.000445504 -0.0181224 -8.8594e-05 0.00300253 -0.00171014 0.0181963
internal_weight=3720 3671 3638 72 3566 1227 2339 49
internal_count=3720 3671 3638 72 3566 1227 2339 49
is_linear=0
shrinkage=0.0104276


Tree=60
num_leaves=28
num_cat=0
split_feature=1 0 5 5 7 0 2 0 5 2 5 0 5 3 0 3 3 0 5 5 5 2 7 2 2 5 1
split_gain=149.634 230.381 343.566 394.74 314.566 308.576 220.491 218.506 247.902 282.463 223.197 197.518 294.807 327.458 259.382 218.927 528.024 360.037 255.043 203.313 247.032 174.218 166.714 163.473 160.593 112.249 86.8327
threshold=13.500000000000002 18.500000000000004 16.291758455811983 12.951608688134103 0.80239188009922913 15.500000000000002 9.3571428571428594 22.500000000000004 15.732438912210188 15.785714285714286 14.654020148029447 23.500000000000004 16.812504006790494 8.7150663194482352 26.500000000000004 8.1998838551588875 7.7428922859859668 15.500000000000002 13.360586727211912 14.637273632418633 15.007739222948139 14.071428571428573 0.37116367046161153 16.071428571428573 18.928571428571434 13.102301133964747 24.500000000000004
decision_type=2 2 2 2 2 2 2 2 2 2 2 2 2 2 2 2 2 2 2 2 2 2 2 2 2 2 2
left_child=11 2 3 6 -5 26 -2 8 9 -3 21 15 13 14 -13 16 18 -18 -1 25 -21 -9 -12 -15 -10 -17 -4
right_child=1 7 5 4 -6 -7 -8 10 24 -11 22 12 -14 23 -16 19 17 -19 -20 20 -22 -23 -24 -25 -26 -27 -28
leaf_value=0.0097574363154605912 0.01689760769659094 -0.015895630186340635 -0.018775401875505835 0.0029291844706314987 0.025493049907843904 0.01464311721936188 -0.01636034782134933 0.00012650988641947343 -0.040843498791118329 0.011556448931315784 0.016128453114538779 0.0095280221041971879 0.048886315666538165 0.047752276683869437 -0.021309230703907247 -0.00058040257837508474 0.038533048526550907 -0.0019496837536233133 -0.0019024868919408288 0.030162143596479365 -0.0056979471497088643 -0.026871086244533462 -0.0033703409685639407 0.0099214138151906099 -0.0089999810585490499 -0.024374858602453312 -0.041672276178095734
leaf_weight=263 25 143 83 1004 72 29 163 51 51 57 86 87 21 27 45 29 71 36 909 25 127 53 107 23 26 84 23
leaf_count=263 25 143 83 1004 72 29 163 51 51 57 86 87 21 27 45 29 71 36 909 25 127 53 107 23 26 84 23
internal_value=2.54326e-11 -0.00196794 0.000314463 0.00200325 0.00443903 -0.0154976 -0.0119377 -0.00753078 -0.0141927 -0.00807179 -0.00131749 0.00222252 0.0118923 0.00762377 -0.000984678 0.000951164 0.00273847 0.0249127 0.000714032 -0.00767512 0.000200094 -0.0136319 0.00531824 0.0303501 -0.0300911 -0.0182683 -0.0237436
internal_weight=3720 1973 1399 1264 1076 135 188 574 277 200 297 1747 203 182 132 1544 1279 107 1172 265 152 104 193 50 77 113 106
internal_count=3720 1973 1399 1264 1076 135 188 574 277 200 297 1747 203 182 132 1544 1279 107 1172 265 152 104 193 50 77 113 106
is_linear=0
shrinkage=0.0104276


Tree=61
num_leaves=22
num_cat=0
split_feature=9 6 5 5 8 0 3 3 0 5 5 5 2 5 5 0 3 0 8 5 5
split_gain=147.72 176.273 188.063 244.819 274.702 217.559 165.262 158.698 155.487 133.978 159.55 132.343 121.652 205.151 225.201 116.258 428.125 184.451 154.485 183.836 138.284
threshold=2.5000000000000004 1.0000000180025095e-35 16.291758455811983 14.654020148029447 2.5000000000000004 13.500000000000002 7.5277265270908105 5.8858179594575697 11.500000000000002 12.754271047234429 16.498026898258573 15.418808269111151 18.071428571428573 16.912558006388416 15.89383194328604 19.500000000000004 8.520283806481908 22.500000000000004 5.5000000000000009 13.659177539888379 15.944473916882545
decision_type=2 2 2 2 2 2 2 2 2 2 2 2 2 2 2 2 2 2 2 2 2
left_child=12 2 3 4 -2 6 -4 -7 -5 -3 11 -11 15 14 -14 18 17 -17 20 -20 -1
right_child=1 9 5 8 -6 7 -8 -9 -10 10 -12 -13 13 -15 -16 16 -18 -19 19 -21 -22
leaf_value=-0.0028723094870317287 0.005828592566057833 0.018526235136677543 -0.0053054441035567399 0.013079084864787566 -0.0042915379543954505 -0.015148465414175779 -0.033885297407200934 0.0060583854024988072 0.0041777222717498536 -0.0071155835542144608 0.018418811073974979 -0.025906339592913819 -0.00094170938121217965 -0.010952826809888872 0.046288754017648114 -0.035441880982637883 0.02114266724947848 -0.010506110731835593 -0.0084163770677393359 0.021893733604045073 -0.018232317009101499
leaf_weight=555 494 20 44 301 712 53 44 139 733 143 20 57 21 32 23 55 33 78 36 55 72
leaf_count=555 494 20 44 301 712 53 44 139 733 143 20 57 21 32 23 55 33 78 36 55 72
internal_value=4.56178e-11 0.0012255 0.00203876 0.0030459 -0.000146145 -0.00601838 -0.0195954 0.000204411 0.00676893 -0.0073137 -0.00966279 -0.0124709 -0.00352332 0.00913651 0.0237469 -0.00461172 -0.0124763 -0.0208179 -0.00279344 0.00990292 -0.00463614
internal_weight=3720 2760 2520 2240 1206 280 88 192 1034 240 220 200 960 76 44 884 166 133 718 91 627
internal_count=3720 2760 2520 2240 1206 280 88 192 1034 240 220 200 960 76 44 884 166 133 718 91 627
is_linear=0
shrinkage=0.0104276


Tree=62
num_leaves=9
num_cat=0
split_feature=1 1 4 2 4 3 3 3
split_gain=147.065 211.24 207.579 144.171 160.529 242.65 216.473 45.2699
threshold=31.500000000000004 28.500000000000004 14.138390172764355 8.9285714285714306 15.658689860371426 5.9641787843280305 9.5518634432290366 5.214446791510122
decision_type=2 2 2 2 2 2 2 2
left_child=1 3 -3 7 6 -6 -5 -1
right_child=-2 2 -4 4 5 -7 -8 -9
leaf_value=0.0095974668274280903 0.02191530625127933 0.0013660501652669177 -0.034168672832605732 -0.0010377221062627274 -0.0046627756900001257 0.0057851214547802125 -0.017108174809158942 0.029990104964172461
leaf_weight=29 33 33 39 2244 331 896 95 20
leaf_count=29 33 33 39 2244 331 896 95 20
internal_value=5.78824e-11 -0.00019615 -0.0178819 0.000156098 -8.80076e-05 0.00296666 -0.00169043 0.017921
internal_weight=3720 3687 72 3615 3566 1227 2339 49
internal_count=3720 3687 72 3615 3566 1227 2339 49
is_linear=0
shrinkage=0.0104276


Tree=63
num_leaves=21
num_cat=0
split_feature=9 7 7 5 6 0 5 7 7 8 8 8 7 3 3 0 0 7 3 7
split_gain=144.894 177.288 491.599 306.129 278.002 274.709 233.491 221.427 220.942 193.125 152.669 146.889 106.268 222.494 170.433 196.905 181.629 167.737 185.489 216.373
threshold=2.5000000000000004 0.54832137687450644 0.56555386899886984 12.144052712212881 1.0000000180025095e-35 12.500000000000002 12.85204994546015 0.011325859094010101 0.10179469516679256 4.5000000000000009 3.5000000000000004 2.5000000000000004 0.12348188893391697 3.0078843751231035 8.7858106539118186 16.500000000000004 19.500000000000004 0.10179469516679256 5.3117078709447698 0.040506361211769308
decision_type=2 2 2 2 2 2 2 2 2 2 2 2 2 2 2 2 2 2 2 2
left_child=12 3 10 5 7 -2 9 -5 -6 -4 -3 -8 17 -14 16 -16 -15 18 -1 -20
right_child=1 2 6 4 8 -7 11 -9 -10 -11 -12 -13 13 14 15 -17 -18 -19 19 -21
leaf_value=-0.020853791699146845 0.0010797893187354816 0.051721049755555894 -0.0026831183041847134 0.020898104797710437 -0.041664526269060538 0.049049931301617972 0.0097188964195986938 -0.0009873286760763815 -0.0090556814657209057 -0.035762290406030454 0.016166667827847685 0.00098668351739064413 0.025746929604449267 -0.0049308261120911958 -0.0053304454813826504 0.0248504320863118 -0.018027889642789036 0.028349267322969232 0.033509176674186965 -0.0043226311927611052
leaf_weight=34 27 29 61 52 28 25 361 1509 117 28 24 499 25 559 57 40 145 27 25 48
leaf_count=34 27 29 61 52 28 25 361 1509 117 28 24 499 25 559 57 40 145 27 25 48
internal_value=4.455e-11 0.00121372 0.00471434 -0.000781511 -0.00154121 0.0241424 0.00298826 -0.000258282 -0.0153526 -0.01309 0.035621 0.00465218 -0.00348945 -0.00488683 -0.00584294 0.00711528 -0.00762837 0.00512421 -0.000736316 0.00863347
internal_weight=3720 2760 1002 1758 1706 52 949 1561 145 89 53 860 960 826 801 97 704 134 107 73
internal_count=3720 2760 1002 1758 1706 52 949 1561 145 89 53 860 960 826 801 97 704 134 107 73
is_linear=0
shrinkage=0.0104276


Tree=64
num_leaves=27
num_cat=0
split_feature=9 4 8 3 3 5 3 4 4 7 7 3 8 7 3 4 3 4 7 3 3 3 4 4 4 8
split_gain=141.888 177.72 746.781 556.406 407.752 344.855 392.343 322.281 334.057 284.748 261.733 251.3 170.002 159.792 155.571 104.225 199.199 180.007 194.559 195.968 189.42 335.44 226.621 87.5266 293.747 181.359
threshold=2.5000000000000004 11.672347023524869 1.5000000000000002 6.9006555934235445 5.830951894845299 14.010373983056075 4.1604706010168817 13.018793629486407 12.278805992583957 0.2794752572107948 0.099120481556777815 8.3978450500995709 2.5000000000000004 0.66758951237130348 5.4772255750516559 13.227173792428646 3.8606685826112943 13.909566044065995 0.52905150949594704 6.9178848654488103 7.6749437720912281 7.2735659689564907 15.02019856418557 11.326143496166738 11.005468809243625 5.5000000000000009
decision_type=2 2 2 2 2 2 2 2 2 2 2 2 2 2 2 2 2 2 2 2 2 2 2 2 2 2
left_child=15 2 3 14 9 7 12 8 -3 -4 -8 -9 -7 -6 -2 16 -1 18 19 -17 21 -19 -22 24 -18 -25
right_child=1 5 4 -5 13 6 10 11 -10 -11 -12 -13 -14 -15 -16 17 23 20 -20 -21 22 -23 -24 25 -26 -27
leaf_value=0.016721895055158129 0.030167270820383691 -0.012291626823893367 -0.005754480164823412 0.068937716760841608 -0.0059886624169714067 -1.6634036610673068e-05 -0.0072219139248379588 -0.010463667712546698 0.011905311859224258 0.027417316617599458 0.0050352198531737266 -0.037273307505907849 -0.026553338183651354 -0.030942850915065587 -0.0041727753342499967 0.044936457403715525 -0.01131679345352926 -0.0038505433054442126 -0.0043352059564305363 0.002797219514314735 0.027456322830228506 -0.036096963480929389 -0.00087601097046448979 -0.017821726859355749 0.028026468124086389 0.010624386041984644
leaf_weight=33 32 109 48 32 105 42 216 245 144 68 1540 45 70 38 26 28 100 285 39 21 40 40 132 188 26 28
leaf_count=33 32 109 48 32 105 42 216 245 144 68 1540 45 70 38 26 28 100 285 39 21 40 40 132 188 26 28
internal_value=1.30876e-11 0.00120107 0.00815585 0.0340319 -0.000835812 0.00019434 0.0023206 -0.00712029 0.00148054 0.0136911 0.00352751 -0.0146238 -0.0166021 -0.0126198 0.0147735 -0.00345307 -0.00774445 -0.000702179 0.0130442 0.0268768 -0.00313614 -0.00781933 0.0057129 -0.0101052 -0.00319834 -0.0141343
internal_weight=3720 2760 349 90 259 2411 1868 543 253 116 1756 290 112 143 58 960 375 585 88 49 497 325 172 342 126 216
internal_count=3720 2760 349 90 259 2411 1868 543 253 116 1756 290 112 143 58 960 375 585 88 49 497 325 172 342 126 216
is_linear=0
shrinkage=0.0104276


Tree=65
num_leaves=25
num_cat=0
split_feature=1 0 5 5 1 0 2 3 5 3 3 0 5 3 0 3 3 0 3 5 5 2 5 7
split_gain=146.368 224.447 333.111 385.017 311.914 300.147 214.284 213.2 195.718 244.51 215.699 192.92 287.554 316.6 253.578 214.545 517.102 298.481 239.63 195.336 240.789 160.641 109.886 84.4324
threshold=13.500000000000002 18.500000000000004 16.291758455811983 12.951608688134103 17.500000000000004 15.500000000000002 9.3571428571428594 4.6521877213394225 14.654020148029447 5.6103645582252941 5.9281411203561278 23.500000000000004 16.812504006790494 8.7150663194482352 26.500000000000004 8.1998838551588875 7.1514234347336147 11.500000000000002 6.2029179001652457 14.637273632418633 15.007739222948139 16.071428571428573 13.102301133964747 0.42915757408335492
decision_type=2 2 2 2 2 2 2 2 2 2 2 2 2 2 2 2 2 2 2 2 2 2 2 2
left_child=11 2 3 6 -5 23 -2 -3 9 -9 -10 15 13 14 -13 16 18 -18 -1 22 -21 -15 -17 -4
right_child=1 7 5 4 -6 -7 -8 8 10 -11 -12 12 -14 21 -16 19 17 -19 -20 20 -22 -23 -24 -25
leaf_value=0.0023431810582021013 0.016627718004331309 -0.032004648364371932 -0.032528266122815779 -0.0031313543894124132 0.0085741466863004934 0.014463054306776959 -0.016158773846567196 0.015857416108724522 -0.018359058980428691 -0.018426233627037322 0.0030319205061901454 0.009468898306936719 0.048290834866631292 0.047136217297529738 -0.021021377393855921 -0.00048039550904307651 0.025852629999367879 0.0050827107945264028 -0.0090088261246546227 0.029702305595145414 -0.005701718737664346 0.0096343720941781865 -0.024023055556130945 -0.01391195488405533
leaf_weight=690 25 36 54 386 690 29 163 26 63 174 275 87 21 27 45 29 139 164 286 25 127 23 84 52
leaf_count=690 25 36 54 386 690 29 163 26 63 174 275 87 21 27 45 29 139 164 286 25 127 23 84 52
internal_value=4.90605e-11 -0.00194634 0.00030647 0.00196936 0.00437496 -0.0152631 -0.0117989 -0.00743708 -0.00579315 -0.0139694 -0.000955156 0.00219813 0.0117547 0.00753901 -0.000925514 0.000941659 0.00271099 0.0146108 -0.000983329 -0.00759784 0.000121312 0.0298854 -0.0179811 -0.0233957
internal_weight=3720 1973 1399 1264 1076 135 188 574 538 200 338 1747 203 182 132 1544 1279 303 976 265 152 50 113 106
internal_count=3720 1973 1399 1264 1076 135 188 574 538 200 338 1747 203 182 132 1544 1279 303 976 265 152 50 113 106
is_linear=0
shrinkage=0.0104276


Tree=66
num_leaves=17
num_cat=0
split_feature=2 5 4 3 5 3 0 7 7 5 7 4 4 4 5 3
split_gain=141.207 144.278 368.104 349.348 298.997 250.392 282.37 240.811 229.871 328.589 223.003 297.571 226.304 219.425 144.349 44.946
threshold=8.9285714285714306 14.010373983056075 13.018793629486407 3.8606685826112943 13.944406416322138 5.7569833370313974 7.5000000000000009 0.053857989274094055 0.33664445031849827 14.878195276123019 0.54832137687450644 11.326143496166738 11.705850804872407 15.207003296631548 14.931187728976022 5.214446791510122
decision_type=2 2 2 2 2 2 2 2 2 2 2 2 2 2 2 2
left_child=15 2 5 8 13 6 -2 -7 9 -3 11 -5 -12 -4 -10 -1
right_child=1 3 4 10 -6 7 -8 -9 14 -11 12 -13 -14 -15 -16 -17
leaf_value=0.0092910018886065027 -0.011328605412352045 -0.0033430795557482552 -0.012279978056874283 -0.040328626445610305 -0.040809273608858138 0.02630859671661526 0.013228475586011324 -0.0057957950212543649 -0.01782433287033211 -0.055108713663877242 0.039273954484340234 0.0001656497006554664 0.0054012858899159695 0.0082869738464156142 0.012817834610177454 0.029610558757489133
leaf_weight=29 64 24 309 20 34 27 249 430 35 30 22 1473 853 69 32 20
leaf_count=29 64 24 309 20 34 27 249 430 35 30 22 1473 853 69 32 20
internal_value=-2.40594e-11 -0.000234718 -0.00323454 0.00118987 -0.0111899 0.00102208 0.00820722 -0.00389904 -0.0160924 -0.0321018 0.00207295 -0.000376805 0.00625294 -0.00852569 -0.00318927 0.0175847
internal_weight=3720 3671 1182 2489 412 770 313 457 121 54 2368 1493 875 378 67 49
internal_count=3720 3671 1182 2489 412 770 313 457 121 54 2368 1493 875 378 67 49
is_linear=0
shrinkage=0.0104276


Tree=67
num_leaves=25
num_cat=0
split_feature=1 0 5 5 1 0 0 5 2 5 2 0 3 3 5 2 3 5 2 2 2 2 1 8
split_gain=143.62 219.457 326.895 377.544 305.536 293.706 211.673 246.02 274.639 210.309 208.107 189.7 187.488 447.723 522.176 360.926 200.099 347.162 279.553 170.613 157.968 154.057 84.3129 48.5282
threshold=13.500000000000002 18.500000000000004 16.291758455811983 12.951608688134103 17.500000000000004 15.500000000000002 22.500000000000004 15.732438912210188 15.785714285714286 14.654020148029447 9.3571428571428594 3.5000000000000004 7.1280799525204452 7.4097747539828704 14.449851969875201 12.642857142857144 6.2029179001652457 13.375670711973092 10.928571428571431 14.071428571428573 18.928571428571434 19.357142857142858 24.500000000000004 1.5000000000000002
decision_type=2 2 2 2 2 2 2 2 2 2 2 2 2 2 2 2 2 2 2 2 2 2 2 2
left_child=11 2 3 10 -5 22 7 8 -3 19 -2 23 16 14 -14 -15 17 -13 -18 -8 -9 -11 -4 -1
right_child=1 6 5 4 -6 -7 9 20 -10 21 -12 12 13 15 -16 -17 18 -19 -20 -21 -22 -23 -24 -25
leaf_value=-0.0049741253851065797 0.016326836751125062 -0.015531368022804274 -0.018273307124077789 -0.0031000842288753361 0.0084851238538148094 0.014281488353869288 0.00041975108330619853 -0.040416338402708224 0.011537837268995042 0.0095074472578948136 -0.015983628544731922 0.016570264601615075 0.00057685683921652802 0.025343462630210541 0.046992069882742259 0.00020953293465103686 -0.040493884920459584 -0.0009097584568206 -0.0041167347654128819 -0.026297050251570826 -0.0088341424282804299 -0.014947449862107878 -0.040835515424289918 -0.025808040720406735
leaf_weight=20 25 143 83 386 690 29 51 51 57 159 163 159 47 71 60 497 25 554 283 53 26 34 23 31
leaf_count=20 25 143 83 386 690 29 51 51 57 159 163 159 47 71 60 497 25 554 283 53 26 34 23 31
internal_value=1.60161e-11 -0.00192798 0.000299646 0.00194695 0.00432909 -0.015124 -0.00735734 -0.0139143 -0.00781664 -0.00124197 -0.011687 0.0021774 0.00277326 0.00703727 0.0266041 0.00335127 -4.57563e-05 0.00298831 -0.00706943 -0.0131955 -0.0297522 0.00519933 -0.0231689 -0.0176379
internal_weight=3720 1973 1399 1264 1076 135 574 277 200 297 188 1747 1696 675 107 568 1021 713 308 104 77 193 106 51
internal_count=3720 1973 1399 1264 1076 135 574 277 200 297 188 1747 1696 675 107 568 1021 713 308 104 77 193 106 51
is_linear=0
shrinkage=0.0104276


Tree=68
num_leaves=22
num_cat=0
split_feature=9 4 8 3 3 7 7 6 9 4 7 7 2 7 3 2 2 4 4 2 2
split_gain=138.558 174.243 728.49 545.706 392.82 278.467 204.905 259.965 272.608 205.716 445.132 264.466 166.808 157.923 151.316 119.791 174.127 141.518 431.654 158.437 117.577
threshold=2.5000000000000004 11.672347023524869 1.5000000000000002 6.9006555934235445 5.830951894845299 0.2794752572107948 0.54832137687450644 1.0000000180025095e-35 4.5000000000000009 14.40785398969893 0.6063936813291716 0.65765687032078546 10.928571428571431 0.10179469516679256 5.4772255750516559 18.071428571428573 19.071428571428573 17.948171698864105 17.444833100412477 17.214285714285719 20.071428571428573
decision_type=2 2 2 2 2 2 2 2 2 2 2 2 2 2 2 2 2 2 2 2 2
left_child=15 2 3 14 5 -4 7 8 -3 11 -11 -8 -6 -9 -2 17 -17 18 19 -1 -18
right_child=1 6 4 -5 12 -7 9 13 -10 10 -12 -13 -14 -15 -16 16 20 -19 -20 -21 -22
leaf_value=-0.004147610457407633 0.029739953513716895 0.0025043169046152797 -0.0057790515605926369 0.068199074349651681 -0.0284695621341929 0.027024868121206976 -0.015409466987015426 -0.038483698935133689 -0.0072361213254678348 0.027542064696820884 0.0035752009211977129 0.0043637780659016448 -0.0044935914510077606 -0.010288197813554575 -0.0041272104720801147 0.027658451114610249 -0.021356018771503522 -0.027561004288495734 0.04295499566868323 -0.031900846302331927 0.012735742008757257
leaf_weight=812 32 928 48 32 47 68 111 27 471 104 444 218 96 108 26 32 22 28 21 23 22
leaf_count=812 32 928 48 32 47 68 111 27 471 104 444 218 96 108 26 32 22 28 21 23 22
internal_value=4.97125e-11 0.00118689 0.00807331 0.0336305 -0.000807558 0.0134508 0.000190056 -0.00210847 -0.000774987 0.00421051 0.00812366 -0.00230744 -0.0123738 -0.0159273 0.0145581 -0.0034123 0.00915032 -0.00449234 -0.00373776 -0.00491207 -0.00431014
internal_weight=3720 2760 349 90 259 116 2411 1534 1399 877 548 329 143 135 58 960 76 884 856 835 44
internal_count=3720 2760 349 90 259 116 2411 1534 1399 877 548 329 143 135 58 960 76 884 856 835 44
is_linear=0
shrinkage=0.0104276


Tree=69
num_leaves=12
num_cat=0
split_feature=1 1 7 5 1 0 8 7 5 0 7
split_gain=143.336 206.592 133.225 315.694 357.267 338.72 262.347 421.205 191.419 75.0865 75.7055
threshold=31.500000000000004 28.500000000000004 0.54832137687450644 13.822195660068459 3.5000000000000004 20.500000000000004 5.5000000000000009 0.33664445031849827 11.894066739784435 11.500000000000002 0.49582585643233962
decision_type=2 2 2 2 2 2 2 2 2 2 2
left_child=1 2 6 5 -5 -4 8 -8 -1 -3 -11
right_child=-2 9 3 4 -6 -7 7 -9 -10 10 -12
leaf_value=0.018962934270518841 0.021635692351490852 -0.032284628587877326 -0.0013312059022753653 -0.035456678245982885 0.0070684553769731866 -0.030200604472499681 0.016789103204126372 -0.0074015294527793839 -0.003282111424400378 0.0024974645153623388 -0.024025125151876076
leaf_weight=43 33 25 331 22 912 51 199 129 1928 25 22
leaf_count=43 33 25 331 22 912 51 199 129 1928 25 22
internal_value=-5.73029e-12 -0.000193647 0.000154704 0.00280055 0.00606679 -0.0051855 -0.00135984 0.0072751 -0.00279681 -0.0176838 -0.00991736
internal_weight=3720 3687 3615 1316 934 382 2299 328 1971 72 47
internal_count=3720 3687 3615 1316 934 382 2299 328 1971 72 47
is_linear=0
shrinkage=0.0104276


Tree=70
num_leaves=15
num_cat=0
split_feature=2 7 3 2 7 3 3 7 5 7 2 5 2 8
split_gain=136.312 141.752 353.269 384.416 256.134 261.78 306.869 248.851 246.068 232.918 209.651 197.18 195.464 46.7339
threshold=8.9285714285714306 0.040506361211769308 5.9120538692049323 13.071428571428573 0.23072550352129315 4.9617585208318564 5.7569833370313974 0.27015960959192747 14.894500689213002 0.13711425348255882 12.928571428571431 13.03097174621135 17.214285714285719 2.5000000000000004
decision_type=2 2 2 2 2 2 2 2 2 2 2 2 2 2
left_child=13 2 3 -2 5 9 -7 11 -9 -3 -4 -6 -12 -1
right_child=1 4 10 -5 7 6 -8 8 -10 -11 12 -13 -14 -15
leaf_value=0.0050144998058637424 0.021395075921431472 -0.0040432444435900793 0.044862784913171992 -0.032355711373551074 0.038442402403442995 0.012558232195653562 -0.0063504804529505073 -0.0028495899293751112 0.003741600832681513 -0.030323952118670418 0.0039121865064076456 0.0080742485482130037 0.036028710317117851 0.025734266736629076
leaf_weight=20 23 67 25 39 28 113 536 1421 1087 81 87 137 27 29
leaf_count=20 23 67 25 39 28 113 536 1421 1087 81 87 137 27 29
internal_value=2.99548e-11 -0.000230614 0.00828318 -0.0124159 -0.000723776 -0.00591206 -0.00305821 0.000823199 7.11835e-06 -0.0184266 0.0175159 0.0132276 0.0115187 0.0172772
internal_weight=3720 3671 201 62 3470 797 649 2673 2508 148 139 165 114 49
internal_count=3720 3671 201 62 3470 797 649 2673 2508 148 139 165 114 49
is_linear=0
shrinkage=0.0104276


Tree=71
num_leaves=28
num_cat=0
split_feature=1 0 5 5 7 0 0 5 4 0 1 2 4 0 5 3 0 3 3 0 4 5 5 2 2 5 1
split_gain=141.258 214.232 321.72 372.236 301.205 286.54 207.102 241.949 329.151 206.913 278.469 201.668 199.59 187.751 279.753 308.694 248.44 209.856 508.6 346.862 252.716 189.648 234.173 157.17 154.343 106.893 82.4137
threshold=13.500000000000002 18.500000000000004 16.291758455811983 12.951608688134103 0.80239188009922913 15.500000000000002 22.500000000000004 15.732438912210188 14.379521341036289 24.500000000000004 22.500000000000004 9.3571428571428594 12.189326979287282 23.500000000000004 16.812504006790494 8.7150663194482352 26.500000000000004 8.1998838551588875 7.7428922859859668 15.500000000000002 18.323573397838395 14.637273632418633 15.007739222948139 16.071428571428573 18.928571428571434 13.102301133964747 24.500000000000004
decision_type=2 2 2 2 2 2 2 2 2 2 2 2 2 2 2 2 2 2 2 2 2 2 2 2 2 2 2
left_child=13 2 3 11 -5 26 7 8 -3 10 -8 -2 -11 17 15 16 -15 18 20 -20 -1 25 -23 -17 -9 -19 -4
right_child=1 6 5 4 -6 -7 9 24 -10 12 -12 -13 -14 14 -16 23 -18 21 19 -21 -22 22 -24 -25 -26 -27 -28
leaf_value=-0.00058316312230426626 0.015962365958066112 -0.020567627571510604 -0.018118193614840537 0.002810998390089517 0.024890465391699944 0.014032376362529268 0.00012138451959653483 -0.040009587997920669 0.0062083234714635244 -0.036932734864644115 0.036963588676218746 -0.015844297690031778 -0.0040417637489527074 0.0093593997833931689 0.047624206627414178 0.046558009774816854 -0.02082043555932404 -0.00049595856678562918 0.037801127695714677 -0.0019339784563098083 0.01920158854941624 0.029251944089445564 -0.0056623004450656626 0.0094635222329271362 -0.0087918188647989285 -0.023715871615156394 -0.040424843426813517
leaf_weight=1097 25 104 83 1004 72 29 87 51 96 23 30 163 157 87 21 27 45 29 71 36 75 25 127 23 26 84 23
leaf_count=1097 25 104 83 1004 72 29 87 51 96 23 30 163 157 87 21 27 45 29 71 36 75 25 127 23 26 84 23
internal_value=1.03511e-11 -0.00191206 0.000288886 0.0019231 0.00428843 -0.0150122 -0.0072764 -0.0137621 -0.00771517 -0.00122741 0.0095681 -0.0116147 -0.0082445 0.00215942 0.0115871 0.00742899 -0.00092918 0.000919894 0.00266978 0.0244323 0.000682926 -0.00752577 8.0174e-05 0.0294945 -0.0294685 -0.0177568 -0.0229583
internal_weight=3720 1973 1399 1264 1076 135 574 277 200 297 117 188 180 1747 203 182 132 1544 1279 107 1172 265 152 50 77 113 106
internal_count=3720 1973 1399 1264 1076 135 574 277 200 297 117 188 180 1747 203 182 132 1544 1279 107 1172 265 152 50 77 113 106
is_linear=0
shrinkage=0.0104276


Tree=72
num_leaves=9
num_cat=0
split_feature=1 1 4 2 5 4 3 8
split_gain=141.059 201.358 200.571 130.226 152.483 367.145 319.08 45.4005
threshold=31.500000000000004 28.500000000000004 14.138390172764355 8.9285714285714306 14.010373983056075 13.018793629486407 3.8606685826112943 2.5000000000000004
decision_type=2 2 2 2 2 2 2 2
left_child=1 3 -3 7 5 -5 -6 -1
right_child=-2 2 -4 4 6 -7 -8 -9
leaf_value=0.0049491949488132169 0.021463140314137458 0.0014610350880900297 -0.033468713007318601 0.0011466971581587198 -0.015540138263384986 -0.011165950707308111 0.0022585962413891013 0.025371231425747921
leaf_weight=20 33 33 39 746 115 407 2298 29
leaf_count=20 33 33 39 746 115 407 2298 29
internal_value=-1.11669e-12 -0.000192103 -0.0174592 0.000151807 -8.01928e-05 -0.00319957 0.00141033 0.0170357
internal_weight=3720 3687 72 3615 3566 1153 2413 49
internal_count=3720 3687 72 3615 3566 1153 2413 49
is_linear=0
shrinkage=0.0104276


Tree=73
num_leaves=27
num_cat=0
split_feature=1 0 5 5 1 0 0 5 4 0 1 4 8 0 4 9 5 9 5 5 5 9 4 4 5 7
split_gain=138.586 209.984 315.204 365.524 299.763 280.601 202.791 237.031 322.826 202.551 272.497 195.624 185.392 225.678 195.635 1045.7 322.677 146.969 130.09 122.317 183.301 223.898 176.776 159.213 121.991 80.6889
threshold=13.500000000000002 18.500000000000004 16.291758455811983 12.951608688134103 17.500000000000004 15.500000000000002 22.500000000000004 15.732438912210188 14.379521341036289 24.500000000000004 22.500000000000004 12.189326979287282 5.5000000000000009 3.5000000000000004 10.855392144112175 3.5000000000000004 14.010373983056075 3.5000000000000004 12.65415813906198 13.581554809909809 15.42565256174097 3.5000000000000004 11.223936175546941 14.771306808755488 16.071398020343995 0.42915757408335492
decision_type=2 2 2 2 2 2 2 2 2 2 2 2 2 2 2 2 2 2 2 2 2 2 2 2 2 2
left_child=12 2 3 18 -5 25 7 8 -3 10 -8 -11 13 17 15 -15 -16 -1 -2 22 23 -22 -14 -21 -9 -4
right_child=1 6 5 4 -6 -7 9 24 -10 11 -12 -13 19 14 16 -17 -18 -19 -20 20 21 -23 -24 -25 -26 -27
leaf_value=-0.0015693709579720323 -0.0044457170929599783 -0.02036584085112509 -0.03165132272532762 -0.0031120326271323493 0.0083632025287499138 0.013881747305553738 0.00011715308539935613 -0.04515685567289314 0.0061515872454161605 -0.036563603755516969 0.036562161735266774 -0.0040010377227134644 -0.00050084967201391255 -0.011305110162657462 -0.0076370153103724765 0.053068419747406267 0.003631166747588687 -0.038988715236434573 -0.022159704328661368 0.0091878513344505527 0.039729688626494973 0.0022934411210855333 0.038164646937532042 -0.017704482062319695 -0.018393888778951775 -0.013452391433499342
leaf_weight=21 113 104 54 386 690 29 87 31 96 23 30 157 20 68 385 46 979 25 75 54 32 38 36 43 46 52
leaf_count=21 113 104 54 386 690 29 87 31 96 23 30 157 20 68 385 46 979 25 75 54 32 38 36 43 46 52
internal_value=-2.69392e-11 -0.00189389 0.00028513 0.00190271 0.00424662 -0.0148602 -0.00720478 -0.0136227 -0.00763748 -0.00121909 0.00946203 -0.00816181 0.00213889 0.000839492 0.0015474 0.0146702 0.000450631 -0.021906 -0.0115125 0.0110191 0.00654702 0.0194072 0.0243555 -0.00273349 -0.0291686 -0.0227235
internal_weight=3720 1973 1399 1264 1076 135 574 277 200 297 117 180 1747 1524 1478 114 1364 46 188 223 167 70 56 97 77 106
internal_count=3720 1973 1399 1264 1076 135 574 277 200 297 117 180 1747 1524 1478 114 1364 46 188 223 167 70 56 97 77 106
is_linear=0
shrinkage=0.0104276


Tree=74
num_leaves=11
num_cat=0
split_feature=1 1 4 7 5 4 0 5 5 4
split_gain=138.165 197.339 195.286 129.27 300.618 602.066 329.814 192.439 605.715 254.159
threshold=31.500000000000004 28.500000000000004 14.138390172764355 0.54832137687450644 13.822195660068459 11.160519023970393 20.500000000000004 12.65415813906198 12.493241519892832 9.8990604432868619
decision_type=2 2 2 2 2 2 2 2 2 2
left_child=1 3 -3 7 6 -6 -5 8 -1 -9
right_child=-2 2 -4 4 5 -7 -8 9 -10 -11
leaf_value=0.00010977433859688806 0.021241818605674607 0.0013852955373618477 -0.033081236474058313 -0.0012331216678453201 0.062540629962311328 0.0047054671195169992 -0.029720471087113405 -0.032896701700220791 0.049338928718589109 -0.001812440853375056
leaf_weight=154 33 33 39 331 20 914 51 29 33 2083
leaf_count=154 33 33 39 331 20 914 51 29 33 2083
internal_value=1.13408e-11 -0.000190122 -0.0172841 0.000150338 0.00275661 0.00594391 -0.00503641 -0.00134155 0.00879727 -0.00223926
internal_weight=3720 3687 72 3615 1316 934 382 2299 187 2112
internal_count=3720 3687 72 3615 1316 934 382 2299 187 2112
is_linear=0
shrinkage=0.0104276


Tree=75
num_leaves=23
num_cat=0
split_feature=1 3 3 0 7 7 9 8 0 7 3 0 3 3 0 4 3 1 8 3 7 9
split_gain=135.398 206.406 232.189 291.518 310.313 232.743 215.254 188.025 183.271 253.409 215.082 210.766 204.912 496.814 339.148 245.908 187.871 187.686 252.455 172.956 364.773 121.711
threshold=13.500000000000002 9.8838433152543868 8.7858106539118186 18.500000000000004 0.83589943869142747 0.81274868348893181 3.5000000000000004 3.5000000000000004 23.500000000000004 0.77630375097457227 8.7150663194482352 26.500000000000004 8.1998838551588875 7.7428922859859668 15.500000000000002 18.323573397838395 9.6916752896354108 12.500000000000002 1.0000000180025095e-35 9.0343260744256764 0.47620427309182084 4.5000000000000009
decision_type=2 2 2 2 2 2 2 2 2 2 2 2 2 2 2 2 2 2 2 2 2 2
left_child=8 2 3 4 -2 -5 -3 -8 12 10 11 -10 13 15 -15 -1 -12 18 -14 20 -4 -21
right_child=1 6 19 5 -6 -7 7 -9 9 -11 16 -13 17 14 -16 -17 -18 -19 -20 21 -22 -23
leaf_value=-0.00059395818939455029 -0.00051831704656135006 -0.042421997308924403 0.052139771438623347 -0.0073520893065566117 0.032377544484120946 -0.03734277673178641 -0.025043135288267227 0.016755293092920846 0.010517236473077604 0.044021360260982884 0.045105659856642694 -0.01681755309080275 0.019721996654126984 0.037346889780137921 -0.0019439007954440372 0.018922496976934024 0.0041925616928199143 0.015040026281267632 -0.014779593406266505 0.008889220300117056 -0.00062636609207204611 -0.017319978707859049
leaf_weight=1097 1218 27 28 453 32 30 25 22 82 23 26 49 26 71 36 75 23 35 204 84 29 25
leaf_count=1097 1218 27 28 453 32 30 25 22 82 23 26 49 26 71 36 75 23 35 204 84 29 25
internal_value=-6.35422e-12 -0.00187198 -0.0012062 -0.00233468 0.000323817 -0.00921486 -0.0189575 -0.00547791 0.00211415 0.0114287 0.00726405 0.000292773 0.000889508 0.00261866 0.0241276 0.000654962 0.0259016 -0.00745609 -0.0108794 0.010575 0.0252938 0.00287794
internal_weight=3720 1973 1899 1733 1250 483 74 47 1747 203 180 131 1544 1279 107 1172 49 265 230 166 57 109
internal_count=3720 1973 1899 1733 1250 483 74 47 1747 203 180 131 1544 1279 107 1172 49 265 230 166 57 109
is_linear=0
shrinkage=0.0104276


Tree=76
num_leaves=21
num_cat=0
split_feature=9 6 7 5 7 2 5 8 8 9 7 2 5 5 7 3 7 3 3 3
split_gain=134.465 165.922 197.849 181.421 239.869 277.444 225.127 262.514 190.604 148.308 138.656 114.525 199.556 221.149 115.927 232.726 193.197 169.591 135.309 106.958
threshold=2.5000000000000004 1.0000000180025095e-35 0.69554457121156443 16.291758455811983 0.42915757408335492 18.071428571428573 14.654020148029447 2.5000000000000004 4.5000000000000009 3.5000000000000004 0.10179469516679256 18.071428571428573 16.912558006388416 15.89383194328604 0.12348188893391697 3.0078843751231035 0.10179469516679256 8.7858106539118186 5.3117078709447698 5.4772255750516559
decision_type=2 2 2 2 2 2 2 2 2 2 2 2 2 2 2 2 2 2 2 2
left_child=11 3 10 6 8 -6 7 -2 -5 -8 -3 14 13 -13 16 -16 18 -17 -1 -12
right_child=1 2 -4 4 5 -7 9 -9 -10 -11 19 12 -14 -15 15 17 -18 -19 -20 -21
leaf_value=-0.019373452239407226 0.0057271465923351998 -0.031567264590264828 0.017022585758067321 -0.024134667824359832 -0.011341092726478217 0.017714497646245185 0.012753357192895404 -0.0041659198768394367 0.0023693972316512907 0.0040165435573701665 -0.020636263533500669 -0.001133842601400898 -0.010891666181325759 0.04566981433532432 0.025392234572857129 -0.0087985040669078547 0.031609509277937479 0.0065468427993467136 0.0072375467581172331 -0.0024221408528657742
leaf_weight=31 494 30 32 94 70 73 296 712 43 738 48 21 32 23 25 652 24 89 63 130
leaf_count=31 494 30 32 94 70 73 296 712 43 738 48 21 32 23 25 652 24 89 63 130
internal_value=-2.26523e-11 0.00116923 -0.00711548 0.00195825 -0.00595533 0.00349148 0.00294745 -0.000113536 -0.0158159 0.0065176 -0.010829 -0.00336153 0.00892186 0.0233317 -0.00441757 -0.00589967 0.00520353 -0.00695541 -0.00153842 -0.00733381
internal_weight=3720 2760 240 2520 280 143 2240 1206 137 1034 208 960 76 44 884 766 118 741 94 178
internal_count=3720 2760 240 2520 280 143 2240 1206 137 1034 208 960 76 44 884 766 118 741 94 178
is_linear=0
shrinkage=0.0104276


Tree=77
num_leaves=9
num_cat=0
split_feature=1 1 4 2 4 3 3 3
split_gain=135.476 192.56 190.754 128.189 146.689 229.695 208.968 45.3339
threshold=31.500000000000004 28.500000000000004 14.138390172764355 8.9285714285714306 15.658689860371426 5.9641787843280305 9.5518634432290366 5.214446791510122
decision_type=2 2 2 2 2 2 2 2
left_child=1 3 -3 7 6 -6 -5 -1
right_child=-2 2 -4 4 5 -7 -8 -9
leaf_value=0.0085699433044775456 0.021034086151120044 0.0013774859550371402 -0.032686694200485887 -0.00097262490018680818 -0.0045850808257342666 0.0055800878273296163 -0.016762057219079873 0.028976983863384664
leaf_weight=29 33 33 39 2244 331 896 95 20
leaf_count=29 33 33 39 2244 331 896 95 20
internal_value=1.79891e-11 -0.000188263 -0.0170739 0.00014805 -8.21281e-05 0.00283789 -0.00161392 0.0168993
internal_weight=3720 3687 72 3615 3566 1227 2339 49
internal_count=3720 3687 72 3615 3566 1227 2339 49
is_linear=0
shrinkage=0.0104276


Tree=78
num_leaves=20
num_cat=0
split_feature=1 2 4 5 3 5 7 3 0 3 3 5 2 3 5 2 2 0 7
split_gain=132.933 209.299 209.373 393.653 388.274 249.101 226.508 191.532 179.114 177.924 440.737 506.15 351.242 198.789 337.711 269.087 135.42 102.952 84.4019
threshold=13.500000000000002 19.500000000000004 15.207003296631548 15.555068591720476 5.9120538692049323 15.496290301695408 0.83285073720353064 9.5518634432290366 3.5000000000000004 7.1280799525204452 7.4097747539828704 14.449851969875201 12.642857142857144 6.2029179001652457 13.375670711973092 10.928571428571431 20.357142857142858 22.500000000000004 0.5741544455555968
decision_type=2 2 2 2 2 2 2 2 2 2 2 2 2 2 2 2 2 2 2
left_child=8 2 6 5 -5 -4 7 -2 18 13 11 -11 -12 14 -10 -15 17 -3 -1
right_child=1 16 3 4 -6 -7 -8 -9 9 10 12 -13 -14 15 -16 -17 -18 -19 -20
leaf_value=-0.027934429947624576 -0.0038991485874724429 -0.047866918883646623 0.0092253440837054349 -0.024564253722368475 0.0014839626216433806 0.04633197515711053 0.020869449756171603 -0.027703606801524578 0.016347561714859283 0.00061648938197543459 0.024865677796335806 0.046313890518192534 7.1218163615479788e-05 -0.039865793819571442 -0.00089289015739335662 -0.0041760992625261735 -0.002859835028293217 -0.014809507067575153 -0.00045865106201268711
leaf_weight=31 1120 21 311 79 293 21 39 38 159 47 71 60 497 25 554 283 31 20 20
leaf_count=31 1120 21 311 79 293 21 39 38 159 47 71 60 497 25 554 283 31 20 20
internal_value=2.5444e-11 -0.00185486 -0.0011939 0.00331858 -0.00404778 0.0115725 -0.00384785 -0.0046803 0.00209482 0.00267381 0.00682765 0.0262412 0.00317053 -7.23602e-05 0.00295175 -0.00707299 -0.0193063 -0.0317414 -0.0171596
internal_weight=3720 1973 1901 704 372 332 1197 1158 1747 1696 675 107 568 1021 713 308 72 41 51
internal_count=3720 1973 1901 704 372 332 1197 1158 1747 1696 675 107 568 1021 713 308 72 41 51
is_linear=0
shrinkage=0.0104276


Tree=79
num_leaves=11
num_cat=0
split_feature=1 1 4 0 3 0 1 1 0 4
split_gain=133.188 187.694 186.525 125.912 308.167 268.409 343.281 252.74 217.835 83.8013
threshold=31.500000000000004 28.500000000000004 14.138390172764355 11.500000000000002 9.9928543059577493 13.500000000000002 7.5000000000000009 16.500000000000004 9.5000000000000018 15.680497702988852
decision_type=2 2 2 2 2 2 2 2 2 2
left_child=1 3 -3 4 8 6 -5 -7 -1 -6
right_child=-2 2 -4 5 9 7 -8 -9 -10 -11
leaf_value=0.0011384625450836102 0.020855694935024892 0.0013881278859804969 -0.03229638567211339 -0.029369230538247873 -0.035510941263675218 0.0031490121136238717 -0.0044841906360054452 -0.0047683937288505156 0.010961714071445765 -0.0087723562361026811
leaf_weight=926 33 33 39 74 26 1221 325 684 334 25
leaf_count=926 33 33 39 74 26 1221 325 684 334 25
internal_value=3.60264e-12 -0.000186666 -0.0168577 0.00014537 0.00272527 -0.00132262 -0.00909946 0.000306227 0.0037424 -0.0224038
internal_weight=3720 3687 72 3615 1311 2304 399 1905 1260 51
internal_count=3720 3687 72 3615 1311 2304 399 1905 1260 51
is_linear=0
shrinkage=0.0104276


Tree=80
num_leaves=23
num_cat=0
split_feature=9 4 8 1 4 7 7 7 6 9 7 4 1 2 1 1 1 2 4 7 8 4
split_gain=131.472 169.049 703.288 310.392 451.76 224.268 263.966 189.119 247.642 261.517 204.056 190.158 160.403 112.716 196.321 140.589 207.349 198.309 153.382 117.645 86.3076 82.3827
threshold=2.5000000000000004 11.672347023524869 1.5000000000000002 10.500000000000002 10.581361185473959 0.79956766740021901 0.12807275798618264 0.54832137687450644 1.0000000180025095e-35 4.5000000000000009 0.56329881469711995 14.630058591059756 19.500000000000004 18.071428571428573 13.500000000000002 21.500000000000004 20.500000000000004 14.214285714285717 15.405569170058934 0.12348188893391697 2.5000000000000004 11.326143496166738
decision_type=2 2 2 2 2 2 2 2 2 2 2 2 2 2 2 2 2 2 2 2 2 2
left_child=13 2 3 -2 -5 6 -4 8 9 -3 -9 -12 -10 15 -15 16 19 21 -19 -1 -16 -17
right_child=1 7 5 4 -6 -7 -8 10 12 -11 11 -13 -14 14 20 17 -18 18 -20 -21 -22 -23
leaf_value=0.0072613100586459492 0.05850098586853815 0.0024794592454303148 -0.022796402712336294 -0.020120673287814313 0.040736978038556158 -0.034329824184718132 0.0068594373007566248 0.029082528256891661 -0.020940000352828721 -0.0070607692040409904 -0.0027941566099232125 0.0072404260482676133 0.0083211378900435295 0.029615005573907723 -0.017763343383183552 -0.0073230022364455033 0.024315547194416063 0.024258804653973176 -0.011108590305075623 -0.005319703016469772 0.010911992833703714 -0.030481665318911992
leaf_weight=93 33 928 39 21 36 20 200 34 110 471 354 489 25 30 25 23 30 20 40 617 21 61
leaf_count=93 33 928 39 21 36 20 200 34 110 471 354 489 25 30 25 23 30 20 40 617 21 61
internal_value=-5.55224e-11 0.00115614 0.00793914 0.0330503 0.0183157 -0.000786752 0.0020202 0.000174279 -0.00203393 -0.00073244 0.00403676 0.00302662 -0.0155213 -0.0033239 0.00886208 -0.00437157 -0.00253715 -0.0137985 0.000680541 -0.00367177 -0.00467243 -0.0241406
internal_weight=3720 2760 349 90 57 259 239 2411 1534 1399 877 843 135 960 76 884 740 144 60 710 46 84
internal_count=3720 2760 349 90 57 259 239 2411 1534 1399 877 843 135 960 76 884 740 144 60 710 46 84
is_linear=0
shrinkage=0.0104276


Tree=81
num_leaves=9
num_cat=0
split_feature=1 1 4 2 4 3 8 8
split_gain=130.928 183.68 182.62 125.596 141.728 221.448 219.101 44.6883
threshold=31.500000000000004 28.500000000000004 14.138390172764355 8.9285714285714306 15.658689860371426 5.9641787843280305 5.5000000000000009 2.5000000000000004
decision_type=2 2 2 2 2 2 2 2
left_child=1 3 -3 7 6 -6 -5 -1
right_child=-2 2 -4 4 5 -7 -8 -9
leaf_value=0.0047330677616010996 0.020678001739119361 0.0013769288017292331 -0.031953110634635115 -0.0028399088025387485 -0.0045027362100031202 0.0054782905154899105 0.0065596642279705623 0.024994279328852599
leaf_weight=20 33 33 39 2028 331 896 311 29
leaf_count=20 33 33 39 2028 331 896 311 29
internal_value=-3.06877e-12 -0.000185076 -0.0166768 0.000143391 -8.44467e-05 0.00278577 -0.00159012 0.0167244
internal_weight=3720 3687 72 3615 3566 1227 2339 49
internal_count=3720 3687 72 3615 3566 1227 2339 49
is_linear=0
shrinkage=0.0104276


Tree=82
num_leaves=22
num_cat=0
split_feature=9 4 8 3 1 3 5 0 0 3 3 5 0 8 2 2 5 5 4 4 2
split_gain=128.875 165.302 689.922 526.05 414.351 378.6 310.978 443.205 376.555 366.326 257.187 248.732 186.244 166.67 163.625 110.075 195.487 217.148 140.478 418.544 155.263
threshold=2.5000000000000004 11.672347023524869 1.5000000000000002 6.9006555934235445 11.500000000000002 5.830951894845299 14.010373983056075 20.500000000000004 3.5000000000000004 4.1604706010168817 4.4239607334862976 13.39463387661471 14.500000000000002 2.5000000000000004 10.928571428571431 18.071428571428573 16.912558006388416 15.89383194328604 17.948171698864105 17.444833100412477 17.214285714285719
decision_type=2 2 2 2 2 2 2 2 2 2 2 2 2 2 2 2 2 2 2 2 2
left_child=15 2 3 4 -2 12 7 8 -3 13 -11 -9 -4 -8 -7 18 17 -17 19 20 -1
right_child=1 6 5 -5 -6 14 9 11 -10 10 -12 -13 -14 -15 -16 16 -18 -19 -20 -21 -22
leaf_value=-0.0039740000454075095 0.050993100226739439 -0.041059197025955459 0.004699414398745762 0.066663838351444057 -0.0069995006695792459 -0.028086930834782965 0.00033044975123380679 -0.052894950490935629 -0.00096355764196455723 0.028546961253096189 0.0027268076589258296 -0.012671504026395521 0.033726810035390464 -0.025944905736934962 -0.0043407836498787853 -0.0012296269287607035 -0.010859002355666189 0.045148763857364285 -0.02730995331900422 0.042403744446277612 -0.03144790146412
leaf_weight=812 21 27 82 32 37 47 42 32 449 43 1713 35 34 70 96 21 32 23 28 21 23
leaf_count=812 21 27 82 32 37 47 42 32 449 43 1713 35 34 70 96 21 32 23 28 21 23
internal_value=8.40094e-12 0.00114467 0.00785209 0.0327235 0.0139978 -0.000790492 0.000173745 -0.00677233 -0.00323789 0.00219287 0.00335908 -0.0318827 0.0132074 -0.0160916 -0.0121455 -0.00329092 0.00875146 0.0230136 -0.00432623 -0.00357443 -0.00473077
internal_weight=3720 2760 349 90 58 259 2411 543 476 1868 1756 67 116 112 143 960 76 44 884 856 835
internal_count=3720 2760 349 90 58 259 2411 543 476 1868 1756 67 116 112 143 960 76 44 884 856 835
is_linear=0
shrinkage=0.0104276


Tree=83
num_leaves=11
num_cat=0
split_feature=1 1 4 0 3 0 1 1 8 4
split_gain=127.951 179.435 179.292 123.592 301.866 263.937 336.652 247.045 230.515 80.9193
threshold=31.500000000000004 28.500000000000004 14.138390172764355 11.500000000000002 9.9928543059577493 13.500000000000002 7.5000000000000009 16.500000000000004 2.5000000000000004 15.680497702988852
decision_type=2 2 2 2 2 2 2 2 2 2
left_child=1 3 -3 4 8 6 -5 -7 -1 -6
right_child=-2 2 -4 5 9 7 -8 -9 -10 -11
leaf_value=0.0088628880611674194 0.020441568150640195 0.0014054734503796812 -0.031619440932775203 -0.029097611297888244 -0.035052937004754932 0.0031130796403926525 -0.0044540143491163288 -0.0047146172703838272 -0.00015194851212253175 -0.0087781465076636703
leaf_weight=539 33 33 39 74 26 1221 325 684 721 25
leaf_count=539 33 33 39 74 26 1221 325 684 721 25
internal_value=1.82364e-11 -0.00018296 -0.016483 0.000141689 0.00269772 -0.00131272 -0.00902451 0.000302505 0.0037044 -0.0221731
internal_weight=3720 3687 72 3615 1311 2304 399 1905 1260 51
internal_count=3720 3687 72 3615 1311 2304 399 1905 1260 51
is_linear=0
shrinkage=0.0104276


Tree=84
num_leaves=23
num_cat=0
split_feature=9 4 8 3 1 3 7 7 6 9 7 4 2 1 2 1 1 1 3 3 3 8
split_gain=126.461 161.52 674.123 515.039 405.474 370.884 271.82 185.007 242.507 255.933 200.219 183.516 160.415 157.378 108.103 192.032 138.166 203.207 202.281 136.927 123.279 83.808
threshold=2.5000000000000004 11.672347023524869 1.5000000000000002 6.9006555934235445 11.500000000000002 5.830951894845299 0.2794752572107948 0.54832137687450644 1.0000000180025095e-35 4.5000000000000009 0.56329881469711995 14.630058591059756 10.928571428571431 19.500000000000004 18.071428571428573 13.500000000000002 21.500000000000004 20.500000000000004 8.2649574551113449 3.50509832753866 4.5355736761107126 2.5000000000000004
decision_type=2 2 2 2 2 2 2 2 2 2 2 2 2 2 2 2 2 2 2 2 2 2
left_child=14 2 3 4 -2 6 -4 8 9 -3 -9 -12 -7 -10 16 -16 17 19 20 -1 -18 -17
right_child=1 7 5 -5 -6 12 -8 10 13 -11 11 -13 -14 -15 15 21 18 -19 -20 -21 -22 -23
leaf_value=0.014225375283929736 0.050417247924773534 0.0024554242401884797 -0.0059233460417285203 0.065932365964534737 -0.0069507142766129628 -0.027801925248407147 0.02648669463685465 0.028803556733948042 -0.020724087603493292 -0.0069824059374862567 -0.0027244164584095511 0.0071333729015117305 -0.0042898479534930894 0.0082598532533367016 0.029199091366978878 -0.017611729652408582 -0.043025723017699365 0.024115773652758132 0.012697784054907166 -0.0047676637743568409 -0.014617640346939915 0.010645305293713974
leaf_weight=44 21 928 48 32 37 47 68 34 110 471 354 489 96 25 30 25 20 30 26 666 98 21
leaf_count=44 21 928 48 32 37 47 68 34 110 471 354 489 96 25 30 25 20 30 26 666 98 21
internal_value=-2.03628e-13 0.00113389 0.00776413 0.0323491 0.0138204 -0.000778924 0.0130756 0.000174145 -0.00200993 -0.000722001 0.00399441 0.0029938 -0.0120176 -0.0153567 -0.00325994 0.00867409 -0.00428594 -0.0024674 -0.0136313 -0.00359063 -0.0194326 -0.00471178
internal_weight=3720 2760 349 90 58 259 116 2411 1534 1399 877 843 143 135 960 76 884 740 144 710 118 46
internal_count=3720 2760 349 90 58 259 116 2411 1534 1399 877 843 143 135 960 76 884 740 144 710 118 46
is_linear=0
shrinkage=0.0104276


Tree=85
num_leaves=19
num_cat=0
split_feature=7 2 5 7 2 2 5 5 1 1 7 7 5 8 5 1 5 7
split_gain=126.712 313.066 264.479 228.284 183.587 188.28 174.266 571.134 342.684 249.952 194.348 413.427 384.806 169.629 160.183 144.354 135.228 110.85
threshold=0.040506361211769308 12.928571428571431 13.659177539888379 0.099120481556777815 16.928571428571434 16.071428571428573 14.894500689213002 15.314633149065839 20.500000000000004 4.5000000000000009 0.77279574640276405 0.75270044168274863 12.78901861878987 1.5000000000000002 15.007739222948139 13.500000000000002 12.754271047234429 0.072912235634577174
decision_type=2 2 2 2 2 2 2 2 2 2 2 2 2 2 2 2 2 2
left_child=1 15 -3 4 5 16 10 8 -8 -9 11 -5 -12 -4 -15 -1 -2 -6
right_child=3 2 13 6 17 -7 7 9 -10 -11 12 -13 -14 14 -16 -17 -18 -19
leaf_value=0.051936860941252445 0.015802372574207378 -0.033522486231406516 -0.013125978363442396 -0.0022470480249864896 -0.013902721113272062 0.021115225494010462 0.0099331949667065284 0.021145114028418233 0.037377011067808351 -0.0018738932318027447 -0.021972728571060252 -0.034652796141550271 0.013202982307737561 0.02975818115943615 0.0026124069747913144 0.015178932484676114 -0.013133937620262272 -0.044798133490528323
leaf_weight=21 20 21 36 1580 28 25 282 54 60 1023 41 44 193 39 60 26 144 23
leaf_count=21 20 21 36 1580 28 25 282 54 60 1023 41 44 193 39 60 26 144 23
internal_value=4.44783e-12 0.0080105 0.000902603 -0.000462363 -0.0102791 -0.00554158 0.000256594 0.00300819 0.0147479 -0.000719737 -0.00184487 -0.00312504 0.00703972 0.00625762 0.0133062 0.0316027 -0.00960512 -0.0278359
internal_weight=3720 203 156 3517 240 189 3277 1419 342 1077 1858 1624 234 135 99 47 164 51
internal_count=3720 203 156 3517 240 189 3277 1419 342 1077 1858 1624 234 135 99 47 164 51
is_linear=0
shrinkage=0.0104276


Tree=86
num_leaves=15
num_cat=0
split_feature=2 7 3 2 7 3 3 7 7 5 2 4 5 3
split_gain=125.767 136.372 336.156 371.639 241.865 257.048 301.416 245.941 225.763 221.694 200.101 207.328 192.303 45.2553
threshold=8.9285714285714306 0.040506361211769308 5.9120538692049323 13.071428571428573 0.23072550352129315 4.9617585208318564 5.7569833370313974 0.27015960959192747 0.13711425348255882 14.894500689213002 12.928571428571431 18.001988546380293 13.03097174621135 5.214446791510122
decision_type=2 2 2 2 2 2 2 2 2 2 2 2 2 2
left_child=13 2 3 -2 5 8 -7 12 -3 -9 -4 -12 -6 -1
right_child=1 4 10 -5 7 6 -8 9 -10 -11 11 -13 -14 -15
leaf_value=0.0082733472439856497 0.021181996347645424 -0.0039871146828752389 0.043852220810439206 -0.031667976416012461 0.038030746645628742 0.012558071043750202 -0.0061818721748083533 -0.0027247929107226156 -0.029861040562205531 0.0035314512558186563 0.004789957059769796 0.041763188862273627 0.0080404637950153672 0.028662702347611948
leaf_weight=29 23 67 25 39 28 113 536 1421 81 1087 94 20 137 20
leaf_count=29 23 67 25 39 28 113 536 1421 81 1087 94 20 137 20
internal_value=5.86343e-12 -0.000221515 0.00812915 -0.0120623 -0.000705228 -0.00574693 -0.00291899 0.00079804 -0.0181478 -1.32549e-05 0.0171354 0.0112765 0.0131297 0.0165955
internal_weight=3720 3671 201 62 3470 797 649 2673 148 2508 139 114 165 49
internal_count=3720 3671 201 62 3470 797 649 2673 148 2508 139 114 165 49
is_linear=0
shrinkage=0.0104276


Tree=87
num_leaves=9
num_cat=0
split_feature=1 1 4 2 4 3 3 8
split_gain=126.538 174.257 176.057 121.144 136.389 391.96 281.942 44.5726
threshold=31.500000000000004 28.500000000000004 14.138390172764355 8.9285714285714306 14.324538393890881 4.1604706010168817 4.3861253103502671 2.5000000000000004
decision_type=2 2 2 2 2 2 2 2
left_child=1 3 -3 7 6 -6 -5 -1
right_child=-2 2 -4 4 5 -7 -8 -9
leaf_value=0.0044466784672113199 0.020328380638858563 0.0014812478493811385 -0.03124436856583639 0.009670547021118801 -0.018613135965937864 0.0029007652633503268 -0.0038315848025764726 0.024681656886262494
leaf_weight=20 33 33 39 190 97 1816 1463 29
leaf_count=20 33 33 39 190 97 1816 1463 29
internal_value=-3.1591e-11 -0.000181946 -0.0162451 0.000137984 -8.57793e-05 0.00180989 -0.00227962 0.0164225
internal_weight=3720 3687 72 3615 3566 1913 1653 49
internal_count=3720 3687 72 3615 3566 1913 1653 49
is_linear=0
shrinkage=0.0104276


Tree=88
num_leaves=23
num_cat=0
split_feature=1 2 1 0 5 5 2 3 3 8 0 0 0 5 9 2 5 3 5 9 2 0
split_gain=124.594 203.568 185.568 273.38 341.598 251.888 189.215 300.852 186.044 179.119 211.14 159.289 243.735 220.799 139.899 133.469 121.619 196.994 176.412 218.972 211.875 100.42
threshold=13.500000000000002 19.500000000000004 19.500000000000004 10.500000000000002 16.270583358154429 14.692097314451379 18.071428571428573 8.7450666364637009 9.4818121635456389 5.5000000000000009 3.5000000000000004 23.500000000000004 11.500000000000002 16.631158824022542 3.5000000000000004 20.357142857142858 13.581554809909809 6.1023024538361961 15.42565256174097 3.5000000000000004 15.785714285714286 22.500000000000004
decision_type=2 2 2 2 2 2 2 2 2 2 2 2 2 2 2 2 2 2 2 2 2 2
left_child=9 2 6 4 -4 -5 8 -8 -2 10 14 12 -12 -13 -1 21 17 -11 20 -20 -18 -3
right_child=1 15 3 5 -6 -7 7 -9 -10 16 11 13 -14 -15 -16 -17 18 -19 19 -21 -22 -23
leaf_value=-0.0014083986844038339 -0.0042702166136685937 -0.047277779667670237 0.014184004858077562 -0.0091826187788207544 -0.025423636716230651 0.0045944263032391564 -0.0020225420042030494 0.046753901744886056 -0.025759408909578469 0.047481744150033832 0.0059002322082512262 0.0063319387465449409 -0.0033796174801968477 0.041647623175555544 -0.037916650518641314 -0.0026790466284129962 0.0062741607670568867 0.0077274006461850245 0.039011295963157777 0.001989184187493393 -0.028960854543934138 -0.014629367816701717
leaf_weight=21 919 21 265 267 26 314 44 20 46 23 499 154 803 22 25 31 72 33 32 38 25 20
leaf_count=21 919 21 265 267 26 314 44 20 46 23 499 154 803 22 25 31 72 33 32 38 25 20
internal_value=5.57195e-11 -0.00179575 -0.00114389 0.00239523 0.0106452 -0.00173685 -0.00414303 0.0132201 -0.00529457 0.00202805 0.000750825 0.00143555 0.000176945 0.0107464 -0.0212498 -0.0190065 0.0107567 0.0240551 0.00629742 0.0189136 -0.00280703 -0.0313517
internal_weight=3720 1973 1901 872 291 581 1029 64 965 1747 1524 1478 1302 176 46 72 223 56 167 70 97 41
internal_count=3720 1973 1901 872 291 581 1029 64 965 1747 1524 1478 1302 176 46 72 223 56 167 70 97 41
is_linear=0
shrinkage=0.0104276


Tree=89
num_leaves=12
num_cat=0
split_feature=1 1 7 5 1 0 8 2 5 0 7
split_gain=123.92 170.629 120.156 280.2 349.164 316.77 246.192 718.938 178.648 75.1797 76.0521
threshold=31.500000000000004 28.500000000000004 0.54832137687450644 13.822195660068459 3.5000000000000004 20.500000000000004 5.5000000000000009 15.785714285714286 11.894066739784435 11.500000000000002 0.49582585643233962
decision_type=2 2 2 2 2 2 2 2 2 2 2
left_child=1 2 6 5 -5 -4 8 -8 -1 -3 -11
right_child=-2 9 3 4 -6 -7 7 -9 -10 10 -12
leaf_value=0.018327455449096738 0.020116994732957773 -0.030685034635079472 -0.0011471508663265259 -0.035323514553651479 0.0067166469994086276 -0.029065476050517788 0.018104461396392702 -0.014522441014960787 -0.0031626703564800705 0.004139328345564167 -0.022443912438526621
leaf_weight=43 33 25 331 22 912 51 217 111 1928 25 22
leaf_count=43 33 25 331 22 912 51 217 111 1928 25 22
internal_value=-1.86489e-11 -0.000180054 0.000136528 0.00264925 0.00572641 -0.00487447 -0.00130181 0.00706304 -0.00269383 -0.0160751 -0.00830389
internal_weight=3720 3687 3615 1316 934 382 2299 328 1971 72 47
internal_count=3720 3687 3615 1316 934 382 2299 328 1971 72 47
is_linear=0
shrinkage=0.0104276


Tree=90
num_leaves=24
num_cat=0
split_feature=9 4 1 4 4 1 4 7 6 9 7 4 1 7 3 3 0 0 1 0 7 4 4
split_gain=123.86 158.107 348.07 345.005 301.273 203.893 275.436 176.248 236.21 249.349 196.355 175.258 153.243 100.213 208.689 164.826 186.117 170.712 163.903 205.944 135.537 134.46 102.152
threshold=2.5000000000000004 11.672347023524869 10.500000000000002 10.34692074641139 11.160519023970393 26.500000000000004 11.414747953241234 0.54832137687450644 1.0000000180025095e-35 4.5000000000000009 0.56329881469711995 14.630058591059756 19.500000000000004 0.12348188893391697 3.0078843751231035 8.7858106539118186 16.500000000000004 19.500000000000004 14.500000000000002 16.500000000000004 0.053857989274094055 13.603894334081794 15.287309407663331
decision_type=2 2 2 2 2 2 2 2 2 2 2 2 2 2 2 2 2 2 2 2 2 2 2
left_child=13 2 3 -2 -5 6 -4 8 9 -3 -9 -12 -10 18 -15 17 -17 -16 19 21 -20 -1 -22
right_child=1 7 5 4 -6 -7 -8 10 12 -11 11 -13 -14 14 15 16 -18 -19 20 -21 22 -23 -24
leaf_value=0.022816892165441905 0.051236546547535296 0.0024482579797813668 -0.0067387468941257278 -0.0061044298221578971 0.04226830631436413 0.032329801419957706 0.023657380783877836 0.028469966195861736 -0.020427871870485247 -0.0068673824495082067 -0.0026776327233137983 0.0069558043361454191 0.0081727269170160134 0.02508492937198677 -0.0046498093318754893 -0.0048658600199004464 0.024476553514790386 -0.017347151042930314 -0.024200017898027885 0.044944200594864883 -0.010093682934877319 -0.013640382464006458 0.022059251467089609
leaf_weight=22 34 928 192 42 21 21 39 34 110 471 354 489 25 25 559 57 40 145 27 20 22 22 21
leaf_count=22 34 928 192 42 21 21 39 34 110 471 354 489 25 25 559 57 40 145 27 20 22 22 21
internal_value=-1.57289e-13 0.00112217 0.00768199 0.0244669 0.0100198 0.00122113 -0.00160693 0.000172619 -0.00195913 -0.00068803 0.00390135 0.00291045 -0.0151315 -0.00322625 -0.00458323 -0.0055092 0.0072341 -0.00726503 0.00513843 0.0171995 -0.00588882 0.00458825 0.00560891
internal_weight=3720 2760 349 97 63 252 231 2411 1534 1399 877 843 135 960 826 801 97 704 134 64 70 44 43
internal_count=3720 2760 349 97 63 252 231 2411 1534 1399 877 843 135 960 826 801 97 704 134 64 70 44 43
is_linear=0
shrinkage=0.0104276


Tree=91
num_leaves=20
num_cat=0
split_feature=7 3 2 1 7 1 2 0 2 2 5 5 1 3 3 8 1 3 7
split_gain=122.157 334.743 343.089 332.387 222.475 210.802 208.18 179.161 178.496 186.24 165.239 561.117 332.597 292.544 221.472 412.735 327.421 156.509 108.624
threshold=0.040506361211769308 5.9120538692049323 13.928571428571431 10.500000000000002 0.099120481556777815 21.500000000000004 15.214285714285717 18.500000000000004 16.928571428571434 16.071428571428573 14.894500689213002 15.314633149065839 20.500000000000004 4.1604706010168817 5.7981934789249303 2.5000000000000004 10.500000000000002 4.9328828623162488 0.072912235634577174
decision_type=2 2 2 2 2 2 2 2 2 2 2 2 2 2 2 2 2 2 2
left_child=1 2 -1 6 8 7 -3 -5 9 17 14 12 -12 -13 16 -16 -6 -2 -10
right_child=4 3 -4 5 10 -7 -8 -9 18 -11 11 13 -14 -15 15 -17 -18 -19 -20
leaf_value=0.010810171370849402 0.013953416505953345 0.064382384873770557 -0.037571152945576315 0.010319799535139637 0.013903431402211581 0.033460195982506588 0.018971831232855237 -0.023421920532319934 -0.013664110397804843 0.021038322016040167 0.0098281498099868688 -0.023334549474840625 0.036865039593863363 0.00054841284599613553 0.0023370490768753176 -0.010029443753217281 -0.0018674078206668829 -0.013936714412010229 -0.044247740527560905
leaf_weight=34 26 21 30 44 207 23 23 28 28 25 282 59 60 1018 531 656 464 138 23
leaf_count=34 26 21 30 44 207 23 23 28 28 25 282 59 60 1018 531 656 464 138 23
internal_value=7.53936e-12 0.0078652 -0.0118686 0.0169513 -0.000453976 0.00597728 0.0406451 -0.00280198 -0.0101451 -0.00547365 0.000255776 0.00293516 0.0145715 -0.000759939 -0.00179053 -0.00449734 0.00299781 -0.00951511 -0.0274567
internal_weight=3720 203 64 139 3517 95 44 72 240 189 3277 1419 342 1077 1858 1187 671 164 51
internal_count=3720 203 64 139 3517 95 44 72 240 189 3277 1419 342 1077 1858 1187 671 164 51
is_linear=0
shrinkage=0.0104276


Tree=92
num_leaves=20
num_cat=0
split_feature=9 4 8 3 1 3 4 4 4 9 7 4 1 2 1 4 4 2 8
split_gain=121.181 155.064 651.293 505.272 390.4 357.467 272.668 173.497 172.866 190.891 307.288 201.567 154.129 106.001 184.879 139.267 407.786 150.51 81.6483
threshold=2.5000000000000004 11.672347023524869 1.5000000000000002 6.9006555934235445 11.500000000000002 6.3658303099171851 9.5334377140290378 10.581361185473959 11.866310293411541 4.5000000000000009 0.846258922572793 13.603894334081794 14.500000000000002 18.071428571428573 13.500000000000002 17.948171698864105 17.444833100412477 17.214285714285719 2.5000000000000004
decision_type=2 2 2 2 2 2 2 2 2 2 2 2 2 2 2 2 2 2 2
left_child=13 2 3 4 -2 6 -4 -7 12 10 -10 -11 -3 15 -15 16 17 -1 -16
right_child=1 8 5 -5 -6 7 -8 -9 9 11 -12 -13 -14 14 18 -17 -18 -19 -20
leaf_value=-0.0038548704946869813 0.04932943852553269 -0.03731083364704868 0.046418217920530788 0.065034733143720339 -0.0069620998865596714 -0.029695377110169875 0.0047286620691576568 -0.0041001860272528159 0.0021122387331986977 -0.012828751860977889 0.039713415728223941 -0.00059651124286519744 -0.0010485428077185366 0.028765400911710697 -0.017240552473687734 -0.027091608986031739 0.041924874837041826 -0.030904994991303354 0.010650028891830041
leaf_weight=812 21 25 20 32 37 46 116 77 1544 194 24 598 26 30 25 28 21 23 21
leaf_count=812 21 25 20 32 37 46 116 77 1544 194 24 598 26 30 25 28 21 23 21
internal_value=-2.15279e-11 0.00110997 0.00760636 0.0317715 0.0134193 -0.000790782 0.0108595 -0.0136724 0.000169595 0.000580054 0.00268777 -0.00359279 -0.0188242 -0.00319116 0.0086263 -0.00420714 -0.00345858 -0.00459996 -0.0045079
internal_weight=3720 2760 349 90 58 259 136 123 2411 2360 1568 792 51 960 76 884 856 835 46
internal_count=3720 2760 349 90 58 259 136 123 2411 2360 1568 792 51 960 76 884 856 835 46
is_linear=0
shrinkage=0.0104276


Tree=93
num_leaves=11
num_cat=0
split_feature=1 1 4 0 0 1 8 7 0 1
split_gain=121.015 166.986 172 116.722 261.212 330.765 240.253 376.066 352.425 238.828
threshold=31.500000000000004 28.500000000000004 14.138390172764355 11.500000000000002 13.500000000000002 7.5000000000000009 2.5000000000000004 0.040506361211769308 9.5000000000000018 16.500000000000004
decision_type=2 2 2 2 2 2 2 2 2 2
left_child=1 3 -3 6 5 -5 8 -8 -1 -6
right_child=-2 2 -4 4 9 -7 7 -9 -10 -11
leaf_value=0.0028692925025236874 0.019879827791030959 0.0016185915711386712 -0.030727835499534721 -0.028846838143494234 0.0030921490037530267 -0.0044196624146654873 0.0316708374414372 -0.002866490174470182 0.021729570146685098 -0.0046042785923718389
leaf_weight=411 33 33 39 74 1221 325 36 718 146 684
leaf_count=411 33 33 39 74 1221 325 36 718 146 684
internal_value=-3.7472e-12 -0.000177932 -0.0159024 0.000135252 -0.00127815 -0.00895002 0.00261923 -0.00121749 0.00781292 0.000328707
internal_weight=3720 3687 72 3615 2304 399 1311 754 557 1905
internal_count=3720 3687 72 3615 2304 399 1311 754 557 1905
is_linear=0
shrinkage=0.0104276


Tree=94
num_leaves=21
num_cat=0
split_feature=9 6 7 5 7 5 7 7 8 5 5 7 7 3 3 0 0 7 3 7
split_gain=118.798 155.628 186.308 176.736 226.427 212.86 256.355 189.603 188.594 141.395 136.648 153.863 98.7146 203.951 161.938 181.676 166.709 160.49 171.989 197.221
threshold=2.5000000000000004 1.0000000180025095e-35 0.69554457121156443 16.291758455811983 0.42915757408335492 14.654020148029447 0.77279574640276405 0.63209106626866596 4.5000000000000009 14.764147859965599 16.291758455811983 0.10179469516679256 0.12348188893391697 3.0078843751231035 8.7858106539118186 16.500000000000004 19.500000000000004 0.10179469516679256 5.3117078709447698 0.040506361211769308
decision_type=2 2 2 2 2 2 2 2 2 2 2 2 2 2 2 2 2 2 2 2
left_child=12 3 10 5 8 6 -2 -6 -5 -7 11 -3 17 -14 16 -16 -15 18 -1 -20
right_child=1 2 -4 4 7 9 -8 -9 -10 -11 -12 -13 13 14 15 -17 -18 -19 19 -21
leaf_value=-0.019961839589241387 -0.0019281158328258411 -0.036512819323167439 0.016498873109783426 -0.02380268416594164 0.0163838807900718 0.02198640864664031 0.012766998057488573 -0.007730251091363158 0.0025612827287410009 0.0053624652438642121 0.013442306930171731 -0.0095771728565071917 0.024823002359925288 -0.0045778259087865614 -0.004745399851902362 0.02424482776570205 -0.017125433563529489 0.027860036846289495 0.032181404729778214 -0.0039373011477159166
leaf_weight=34 1059 27 32 94 65 59 147 78 43 975 23 158 25 559 57 40 145 27 25 48
leaf_count=34 1059 27 32 94 65 59 147 78 43 975 23 158 25 559 57 40 145 27 25 48
internal_value=-5.68439e-11 0.001099 -0.00692459 0.00186316 -0.00594759 0.0028395 -0.00013692 0.00323072 -0.0155279 0.00631103 -0.0105282 -0.0135083 -0.00315963 -0.00450643 -0.00542183 0.00720933 -0.00716221 0.00514226 -0.000590261 0.00843212
internal_weight=3720 2760 240 2520 280 2240 1206 143 137 1034 208 185 960 826 801 97 704 134 107 73
internal_count=3720 2760 240 2520 280 2240 1206 143 137 1034 208 185 960 826 801 97 704 134 107 73
is_linear=0
shrinkage=0.0104276


Tree=95
num_leaves=16
num_cat=0
split_feature=2 7 2 3 3 7 3 3 7 7 5 2 0 8 3
split_gain=118.159 129.197 320.229 431.814 278.634 231.418 254.005 293.447 242.716 219.725 206.503 201.724 191.359 71.0921 45.7294
threshold=8.9285714285714306 0.040506361211769308 12.928571428571431 6.0395521751360359 5.1570565991016029 0.23072550352129315 4.9617585208318564 5.7569833370313974 0.27015960959192747 0.13711425348255882 14.894500689213002 17.214285714285719 15.500000000000002 3.5000000000000004 5.214446791510122
decision_type=2 2 2 2 2 2 2 2 2 2 2 2 2 2 2
left_child=14 2 13 4 -4 6 9 -8 12 -3 -10 -5 -7 -2 -1
right_child=1 5 3 11 -6 8 7 -9 10 -11 -12 -13 -14 -15 -16
leaf_value=0.0077200635102055992 0.047072951885943057 -0.0039743763089439433 -0.0021315271700499483 0.0041159140331737598 -0.054142235880641189 0.022089140686243118 0.012465116437633039 -0.0060254403450701139 -0.0026380354046683491 -0.029499929387714414 0.0034000647620808567 0.037307527328583008 -0.0008931941817494094 0.020696491444041988 0.028215933742676648
leaf_weight=29 20 67 24 85 21 100 113 536 1421 81 1087 26 65 25 20
leaf_count=29 20 67 24 85 21 100 113 536 1421 81 1087 26 65 25 20
internal_value=-5.08583e-11 -0.00021471 0.00791331 0.000844262 -0.0264032 -0.000685526 -0.00561713 -0.00280598 0.000784915 -0.0179444 -2.10438e-05 0.0118905 0.0130355 0.0324194 0.0160857
internal_weight=3720 3671 201 156 45 3470 797 649 2673 148 2508 111 165 45 49
internal_count=3720 3671 201 156 45 3470 797 649 2673 148 2508 111 165 45 49
is_linear=0
shrinkage=0.0104276


Tree=96
num_leaves=16
num_cat=0
split_feature=2 7 2 3 3 7 3 3 7 7 5 2 0 8 3
split_gain=115.708 126.516 313.586 422.855 272.853 226.617 248.735 287.359 237.681 215.166 202.219 197.538 187.389 69.6172 44.7807
threshold=8.9285714285714306 0.040506361211769308 12.928571428571431 6.0395521751360359 5.1570565991016029 0.23072550352129315 4.9617585208318564 5.7569833370313974 0.27015960959192747 0.13711425348255882 14.894500689213002 17.214285714285719 15.500000000000002 3.5000000000000004 5.214446791510122
decision_type=2 2 2 2 2 2 2 2 2 2 2 2 2 2 2
left_child=14 2 13 4 -4 6 9 -8 12 -3 -10 -5 -7 -2 -1
right_child=1 5 3 11 -6 8 7 -9 10 -11 -12 -13 -14 -15 -16
leaf_value=0.007639561433773449 0.046582094403973193 -0.0039329332990436176 -0.0021093001611417568 0.0040729951528359933 -0.053577662346392121 0.021858804232361397 0.012335135285319021 -0.0059626093222717811 -0.0026105267759900085 -0.029192315767340292 0.0033646101893966521 0.036918498403456658 -0.00088388020705911148 0.020480676911181661 0.027921708844764505
leaf_weight=29 20 67 24 85 21 100 113 536 1421 81 1087 26 65 25 20
leaf_count=29 20 67 24 85 21 100 113 536 1421 81 1087 26 65 25 20
internal_value=5.96655e-11 -0.000212471 0.0078308 0.000835458 -0.0261279 -0.000678378 -0.00555856 -0.00277672 0.000776731 -0.0177573 -2.08243e-05 0.0117665 0.0128996 0.0320813 0.015918
internal_weight=3720 3671 201 156 45 3470 797 649 2673 148 2508 111 165 45 49
internal_count=3720 3671 201 156 45 3470 797 649 2673 148 2508 111 165 45 49
is_linear=0
shrinkage=0.0104276


Tree=97
num_leaves=21
num_cat=0
split_feature=9 6 7 5 7 2 5 7 10 5 5 7 2 5 5 7 3 7 3 3
split_gain=116.06 152.114 182.098 174.581 220.03 268.476 205.376 251.905 184.483 141.56 132.881 149.964 103.297 190.823 210.207 106.667 216.368 185.906 161.771 127.556
threshold=2.5000000000000004 1.0000000180025095e-35 0.69554457121156443 16.291758455811983 0.42915757408335492 18.071428571428573 14.654020148029447 0.77279574640276405 1.0000000180025095e-35 15.314633149065839 16.291758455811983 0.10179469516679256 18.071428571428573 16.912558006388416 15.89383194328604 0.12348188893391697 3.0078843751231035 0.10179469516679256 8.7858106539118186 5.3117078709447698
decision_type=2 2 2 2 2 2 2 2 2 2 2 2 2 2 2 2 2 2 2 2
left_child=12 3 10 6 8 -6 7 -2 -5 -8 11 -3 15 14 -14 17 -17 19 -18 -1
right_child=1 2 -4 4 5 -7 9 -9 -10 -11 -12 -13 13 -15 -16 16 18 -19 -20 -21
leaf_value=-0.018827126519519781 -0.0018870963657765538 -0.036058756452139143 0.016311095941999882 -0.023549348716142848 -0.011464403362146314 0.017117757514902576 0.010749612036462025 0.012679889882165195 0.0025256983543918386 0.0029341111476859998 0.013228864475194696 -0.0094666146781579481 -0.0012188960246403916 -0.010832377235205309 0.044412260883935142 0.024624512057785375 -0.0083656757227268241 0.031005816058693885 0.0066216911759520471 0.0070102369074986027
leaf_weight=31 1059 27 32 94 70 73 435 147 43 599 23 158 21 32 23 25 652 24 89 63
leaf_count=31 1059 27 32 94 70 73 435 147 43 599 23 158 21 32 23 25 652 24 89 63
internal_value=-6.90402e-11 0.00108626 -0.00684622 0.00184174 -0.00592123 0.00312649 0.00281211 -0.000111518 -0.0153652 0.00622206 -0.0104089 -0.0133476 -0.003123 0.00854275 0.0226338 -0.00412594 -0.00554762 0.00510291 -0.00656557 -0.0015106
internal_weight=3720 2760 240 2520 280 143 2240 1206 137 1034 208 185 960 76 44 884 766 118 741 94
internal_count=3720 2760 240 2520 280 143 2240 1206 137 1034 208 185 960 76 44 884 766 118 741 94
is_linear=0
shrinkage=0.0104276


Tree=98
num_leaves=11
num_cat=0
split_feature=1 1 4 0 0 1 8 0 1 1
split_gain=118.916 163.235 168.937 113.567 255.697 323.679 237.394 346.121 235.134 165.241
threshold=31.500000000000004 28.500000000000004 14.138390172764355 11.500000000000002 13.500000000000002 7.5000000000000009 2.5000000000000004 9.5000000000000018 16.500000000000004 18.500000000000004
decision_type=2 2 2 2 2 2 2 2 2 2
left_child=1 3 -3 6 5 -5 7 -1 -6 -8
right_child=-2 2 -4 4 8 -7 9 -9 -10 -11
leaf_value=0.0028469124432898367 0.019706632673313986 0.0016410136027744193 -0.030416113540663942 -0.028533889471800643 0.0030708842019118122 -0.0043697819226006032 -0.004183382533817415 0.021537761942052841 -0.0045657783018150794 0.0068392020453465112
leaf_weight=411 33 33 39 74 1221 325 552 146 684 202
leaf_count=411 33 33 39 74 1221 325 552 146 684 202
internal_value=3.16086e-11 -0.000176382 -0.0157233 0.000133266 -0.00126091 -0.00885135 0.00258344 0.00774613 0.000328901 -0.00123038
internal_weight=3720 3687 72 3615 2304 399 1311 557 1905 754
internal_count=3720 3687 72 3615 2304 399 1311 557 1905 754
is_linear=0
shrinkage=0.0104276


Tree=99
num_leaves=28
num_cat=0
split_feature=1 5 4 9 4 1 9 7 7 7 8 7 9 7 7 7 1 4 1 5 5 4 1 5 5 4 5
split_gain=117.885 192.112 284.327 392.751 321.907 185.228 371.635 175.974 229.265 189.573 173.164 199.073 256.171 377.346 177.579 190.534 165.68 160.348 158.584 142.187 140.643 127.701 119.855 134.216 187.201 63.7082 39.0523
threshold=13.500000000000002 16.249782541634058 15.207003296631548 4.5000000000000009 15.374103592775327 18.500000000000004 2.5000000000000004 0.42915757408335492 0.26189852928807206 0.63209106626866596 5.5000000000000009 0.41856757364393143 2.5000000000000004 0.43536188261105441 0.068925873025850362 0.099120481556777815 21.500000000000004 13.909566044065995 8.5000000000000018 15.60421631844765 16.812504006790494 12.664107451848221 12.500000000000002 13.581554809909809 15.389047006981789 19.094209991429775 12.85204994546015
decision_type=2 2 2 2 2 2 2 2 2 2 2 2 2 2 2 2 2 2 2 2 2 2 2 2 2 2 2
left_child=10 2 5 4 -4 17 -7 8 20 16 11 14 18 -14 21 -16 -9 -2 -13 -5 -3 -1 23 26 -25 -11 -12
right_child=1 7 3 19 -6 6 -8 9 -10 25 22 12 13 -15 15 -17 -18 -19 -20 -21 -22 -23 -24 24 -26 -27 -28
leaf_value=0.029186924537703302 -0.0039938366293292213 -0.022622869878069832 0.039941370888353818 -0.00013400799187001714 0.0080339995425728443 -0.012667864321242618 0.0053911594261360539 0.027447937392077116 -0.04103528308083719 -0.0067133568518098043 0.0203419706969417 -0.015476727603368753 0.04761249211355733 0.0061899292587789577 -0.026214177233394143 -0.0039074915462503444 -0.0077487483134480225 -0.01614360863652365 0.0023309705269658147 -0.021103682826550355 0.0049106016620500377 0.0028111407080821712 -0.0096192235035389602 -0.0018684743040466123 0.022080575231890939 -0.02743703843508126 0.039013701004543662
leaf_weight=25 377 43 38 83 361 170 457 33 37 54 29 94 25 550 45 557 26 172 129 61 38 99 28 83 62 23 21
leaf_count=25 377 43 38 83 361 170 457 33 37 54 29 94 25 550 45 557 26 172 129 61 38 99 28 83 62 23 21
internal_value=3.62974e-11 -0.00174673 -0.00049596 0.00574512 0.0110728 -0.00337768 0.000494773 -0.0102116 -0.0195295 -0.0021269 0.0019727 0.000716878 0.0043116 0.00799091 -0.00323435 -0.00557493 0.0119375 -0.00780032 -0.00517541 -0.009017 -0.00970593 0.00812884 0.0105551 0.0134519 0.00837181 -0.0129035 0.0281841
internal_weight=3720 1973 1719 543 399 1176 627 254 118 136 1747 1524 798 575 726 602 59 549 223 144 81 124 223 195 145 77 50
internal_count=3720 1973 1719 543 399 1176 627 254 118 136 1747 1524 798 575 726 602 59 549 223 144 81 124 223 195 145 77 50
is_linear=0
shrinkage=0.0104276


Tree=100
num_leaves=9
num_cat=0
split_feature=1 1 4 2 4 5 8 8
split_gain=116.994 159.459 164.986 111.924 128.243 213.541 208.294 43.0965
threshold=31.500000000000004 28.500000000000004 14.138390172764355 8.9285714285714306 15.658689860371426 16.291758455811983 5.5000000000000009 2.5000000000000004
decision_type=2 2 2 2 2 2 2 2
left_child=1 3 -3 7 6 -6 -5 -1
right_child=-2 2 -4 4 5 -7 -8 -9
leaf_value=0.0040078175734371982 0.019546746723748312 0.0016190433367891752 -0.030060913276510969 -0.0027348102028592358 0.0054659441773706584 -0.0040650291016419713 0.0064300014576472529 0.023904920174743105
leaf_weight=20 33 33 39 2028 864 363 311 29
leaf_count=20 33 33 39 2028 864 363 311 29
internal_value=1.56e-11 -0.000174951 -0.0155409 0.000131094 -8.39861e-05 0.00264627 -0.00151623 0.0157837
internal_weight=3720 3687 72 3615 3566 1227 2339 49
internal_count=3720 3687 72 3615 3566 1227 2339 49
is_linear=0
shrinkage=0.0104276


Tree=101
num_leaves=24
num_cat=0
split_feature=1 3 3 7 1 7 1 8 7 3 3 4 7 7 3 3 7 5 1 5 3 3 8
split_gain=115.328 194.772 217.947 226.856 326 205.825 196.198 167.406 194.908 282.346 465.358 196.29 173.973 186.651 170.256 166.404 356.91 145.791 117.376 131.091 197.218 131.774 84.375
threshold=13.500000000000002 9.8838433152543868 8.7858106539118186 0.83589943869142747 18.500000000000004 0.82329845595141093 16.500000000000004 5.5000000000000009 0.41856757364393143 7.1514234347336147 7.5023805745719327 18.323573397838395 0.068925873025850362 0.099120481556777815 6.3919581492782198 9.0343260744256764 0.47620427309182084 16.332466246636233 12.500000000000002 13.581554809909809 6.6726154385997924 6.1023024538361961 2.5000000000000004
decision_type=2 2 2 2 2 2 2 2 2 2 2 2 2 2 2 2 2 2 2 2 2 2 2
left_child=7 2 3 5 -5 -2 -3 8 12 11 -11 -10 14 -14 -1 16 -4 -17 19 21 -21 -9 -8
right_child=1 6 15 4 -6 -7 22 18 9 10 -12 -13 13 -15 -16 17 -18 -19 -20 20 -22 -23 -24
leaf_value=-0.0054103990523600943 -0.0023123751508755744 -0.045298668653687389 0.051325596459587265 -0.0079095835948196497 0.049529433975629734 -0.03133584028696728 -0.023878165873548726 0.047709247559857941 -0.0027471636484686125 0.037938137495932452 0.005821914727917368 0.024007793328907717 -0.025937814335423179 -0.0038595773333121594 0.019142229630296007 0.0095330604606390836 -0.0008687480791488392 -0.018763758293312456 -0.0095749190552554316 -0.0045273059098770501 0.019823352902313063 0.013410660267967911 0.0030213686827974444
leaf_weight=56 1663 21 28 21 22 27 21 21 437 60 269 32 45 557 68 83 29 26 28 69 76 29 32
leaf_count=56 1663 21 28 21 22 27 21 21 437 60 269 32 45 557 68 83 29 26 28 69 76 29 32
internal_value=-3.54999e-11 -0.00172768 -0.00108093 -0.00217427 0.0214778 -0.00277606 -0.0183247 0.00195119 0.000716421 0.00427334 0.011679 -0.000921666 -0.00319325 -0.00550994 0.00805395 0.0103332 0.0247706 0.00278336 0.0103897 0.0132564 0.0082358 0.0278161 -0.00763694
internal_weight=3720 1973 1899 1733 43 1690 74 1747 1524 798 329 469 726 602 124 166 57 109 223 195 145 50 53
internal_count=3720 1973 1899 1733 43 1690 74 1747 1524 798 329 469 726 602 124 166 57 109 223 195 145 50 53
is_linear=0
shrinkage=0.0104276


Tree=102
num_leaves=12
num_cat=0
split_feature=1 1 4 0 3 0 1 3 8 5 2
split_gain=114.833 155.635 161.394 110.504 291.587 249.772 318.817 244.849 218.668 77.2071 75.1324
threshold=31.500000000000004 28.500000000000004 15.753780806648265 11.500000000000002 9.9928543059577493 13.500000000000002 7.5000000000000009 2.8743499452978107 2.5000000000000004 14.554050132928563 14.214285714285717
decision_type=2 2 2 2 2 2 2 2 2 2 2
left_child=1 3 9 4 8 6 -5 -7 -1 -3 -6
right_child=-2 2 -4 5 10 7 -8 -9 -10 -11 -12
leaf_value=0.0085594998477245641 0.019365348282008508 -0.015716742911807337 -0.040527704982930395 -0.02828236866257184 -0.037025194418403622 -0.034260930935363094 -0.0043004322251596495 0.00072915321048090719 -0.00022063217713414485 0.010400353658395596 -0.011308621997583718
leaf_weight=539 33 32 20 74 21 22 325 1883 721 20 30
leaf_count=539 33 32 20 74 21 22 325 1883 721 20 30
internal_value=-4.57839e-11 -0.000173327 -0.0153539 0.000129025 0.00254592 -0.00124622 -0.00874821 0.000325068 0.00353531 -0.00567171 -0.0218978
internal_weight=3720 3687 72 3615 1311 2304 399 1905 1260 52 51
internal_count=3720 3687 72 3615 1311 2304 399 1905 1260 52 51
is_linear=0
shrinkage=0.0104276


Tree=103
num_leaves=26
num_cat=0
split_feature=1 0 5 5 1 0 0 5 4 0 1 4 0 5 1 4 7 5 5 7 4 8 5 5 0
split_gain=113.437 190.525 294.979 348.697 287.143 275.641 196.625 226.783 305.847 197.024 257.437 185.16 170.415 264.024 194.548 196.742 193.199 257.683 213.547 200.665 409.199 280.094 123.306 121.908 75.7365
threshold=13.500000000000002 18.500000000000004 16.291758455811983 12.951608688134103 17.500000000000004 15.500000000000002 22.500000000000004 15.732438912210188 14.379521341036289 24.500000000000004 22.500000000000004 12.189326979287282 23.500000000000004 16.812504006790494 11.500000000000002 12.761707183731898 0.81861465225589847 15.542089947645099 13.912681274774092 0.41856757364393143 18.49255432513057 5.5000000000000009 12.65415813906198 16.071398020343995 6.5000000000000009
decision_type=2 2 2 2 2 2 2 2 2 2 2 2 2 2 2 2 2 2 2 2 2 2 2 2 2
left_child=12 2 3 22 -5 24 7 8 -3 10 -8 -11 16 14 15 -14 19 18 -18 21 -21 -1 -2 -9 -4
right_child=1 6 5 4 -6 -7 9 23 -10 11 -12 -13 13 -15 -16 -17 17 -19 -20 20 -22 -23 -24 -25 -26
leaf_value=-0.0045971125616326896 -0.0042957681716689648 -0.019626594229338875 -0.039815868944434098 -0.0029857898873525777 0.0082452885477078686 0.014197599998905639 0.00057310971821965381 -0.044280849886063928 0.0061840712187624363 -0.035357372708215769 0.035996731647451888 -0.0036776861208520049 0.026936538891517068 0.045926411811043587 0.028588844762516292 -0.0042419100445843672 -0.021723159704537004 -0.044156587095030446 0.01525073179815886 0.0033600640288386544 0.03298345830462987 0.014072238356976604 -0.021541654891394302 -0.017526985412201813 -0.017701672296467564
leaf_weight=648 113 104 21 386 690 29 87 31 96 23 30 157 27 21 36 119 35 23 33 649 55 101 75 46 85
leaf_count=648 113 104 21 386 690 29 87 31 96 23 30 157 27 21 36 119 35 23 33 649 55 101 75 46 85
internal_value=3.16611e-11 -0.00171346 0.000362147 0.00192697 0.0042163 -0.0142892 -0.00677229 -0.0130919 -0.00723747 -0.000878296 0.00965609 -0.00772565 0.00193512 0.010917 0.00687746 0.00152397 0.00075421 -0.013985 -0.00377995 0.00167732 0.00567439 -0.00207962 -0.0111758 -0.028298 -0.0220828
internal_weight=3720 1973 1399 1264 1076 135 574 277 200 297 117 180 1747 203 182 146 1544 91 68 1453 704 749 188 77 106
internal_count=3720 1973 1399 1264 1076 135 574 277 200 297 117 180 1747 203 182 146 1544 91 68 1453 704 749 188 77 106
is_linear=0
shrinkage=0.0104276


Tree=104
num_leaves=9
num_cat=0
split_feature=1 1 4 2 5 4 3 3
split_gain=112.454 152.67 159.168 109.825 125.834 342.667 290.81 43.6439
threshold=31.500000000000004 28.500000000000004 14.138390172764355 8.9285714285714306 14.010373983056075 13.018793629486407 3.8606685826112943 5.214446791510122
decision_type=2 2 2 2 2 2 2 2
left_child=1 3 -3 7 5 -5 -6 -1
right_child=-2 2 -4 4 6 -7 -8 -9
leaf_value=0.0074603192740597644 0.019163774757113356 0.0016478827855398101 -0.029468523971208145 0.0012800534173088929 -0.014913257236220277 -0.010615075138680079 0.002078725430770402 0.027483381632978605
leaf_weight=29 33 33 39 746 115 407 2298 20
leaf_count=29 33 33 39 746 115 407 2298 20
internal_value=-3.19214e-11 -0.000171523 -0.0152068 0.000127936 -8.51176e-05 -0.00291883 0.00126891 0.015633
internal_weight=3720 3687 72 3615 3566 1153 2413 49
internal_count=3720 3687 72 3615 3566 1153 2413 49
is_linear=0
shrinkage=0.0104276


Tree=105
num_leaves=23
num_cat=0
split_feature=1 3 3 0 7 7 9 8 0 7 3 3 0 4 3 0 1 8 3 3 7 9
split_gain=111.283 188.304 214.595 267.25 284.073 233.244 202.702 182.722 166.363 247.682 200.885 477.029 328.57 224.623 200.289 207.532 183.091 238.19 181.13 162.514 348.639 114.809
threshold=13.500000000000002 9.8838433152543868 8.7858106539118186 18.500000000000004 0.83955413393916645 0.81274868348893181 3.5000000000000004 3.5000000000000004 23.500000000000004 0.77630375097457227 8.1998838551588875 7.7428922859859668 15.500000000000002 18.323573397838395 8.7150663194482352 26.500000000000004 12.500000000000002 1.0000000180025095e-35 9.6916752896354108 9.0343260744256764 0.47620427309182084 4.5000000000000009
decision_type=2 2 2 2 2 2 2 2 2 2 2 2 2 2 2 2 2 2 2 2 2 2
left_child=8 2 3 4 -2 -5 -3 -8 10 14 11 13 -13 -1 15 -10 17 -12 -16 20 -4 -21
right_child=1 6 19 5 -6 -7 7 -9 9 -11 16 12 -14 -15 18 -17 -18 -19 -20 21 -22 -23
leaf_value=-0.00065590253364352215 -0.00035310908799803296 -0.040786367615004059 0.050777979632360373 -0.0068688752453665257 0.033239186440168961 -0.036891884332584092 -0.024222901758130386 0.016981930102421817 0.01009229592609015 0.043013384607944981 0.018829778360614603 0.036549741605463225 -0.0021234288644526029 0.017996805955026715 0.043515398287292235 -0.017031979032042305 0.014705753759411961 -0.014682852143259689 0.003343060888339184 0.008642143081902592 -0.00080804334843224924 -0.01681305226359147
leaf_weight=1097 1222 27 28 453 28 30 25 22 82 23 26 71 36 75 26 49 35 204 23 84 29 25
leaf_count=1097 1222 27 28 453 28 30 25 22 82 23 26 71 36 75 26 49 35 204 23 84 29 25
internal_value=9.49479e-12 -0.00169711 -0.00106119 -0.00214608 0.000399358 -0.00873366 -0.0180162 -0.00493553 0.00191666 0.0107911 0.000749869 0.00246194 0.0235382 0.000537743 0.00667384 -5.34252e-05 -0.00751331 -0.0108945 0.024659 0.0102648 0.0245325 0.0028038
internal_weight=3720 1973 1899 1733 1250 483 74 47 1747 203 1544 1279 107 1172 180 131 265 230 49 166 57 109
internal_count=3720 1973 1899 1733 1250 483 74 47 1747 203 1544 1279 107 1172 180 131 265 230 49 166 57 109
is_linear=0
shrinkage=0.0104276


Tree=106
num_leaves=19
num_cat=0
split_feature=2 2 7 7 2 7 4 5 2 4 4 4 7 5 0 8 5 7
split_gain=110.884 259.934 497.206 237.574 233.426 213.061 243.608 208.948 198.125 197.94 188.687 239.679 235.064 167.385 160.527 119.8 126.947 85.2914
threshold=19.500000000000004 18.071428571428573 0.44576807838270699 0.061435934677514313 20.357142857142858 0.75516464203108058 18.175661619254967 16.249782541634058 15.214285714285717 15.151068968585912 15.658689860371426 15.374103592775327 0.82680212361450944 16.661330532157159 17.500000000000004 1.5000000000000002 16.498026898258573 0.43179026241201307
decision_type=2 2 2 2 2 2 2 2 2 2 2 2 2 2 2 2 2 2
left_child=1 7 3 -3 15 6 -4 10 -9 -10 11 -1 -12 -5 -6 -2 -17 -16
right_child=4 2 5 13 14 -7 -8 8 9 -11 12 -13 -14 -15 17 16 -18 -19
leaf_value=-0.00031043133293000877 -0.040916187359969089 0.027395080072743164 0.0044896896807196836 -0.0020395873672306463 0.028268153692306647 0.058746060853169725 0.040608231096684849 -0.036521171221771939 0.024692858266941724 -0.0098673356262807266 0.0062506844787265708 -0.015196807968859208 -0.023098726897517335 -0.033144348504210455 -0.022059307409576227 -0.031318360584392024 0.0021543720409554464 0.0080294686262895511
leaf_weight=2280 24 23 45 76 22 20 37 27 20 182 693 124 31 25 20 22 28 21
leaf_count=2280 24 23 45 76 22 20 37 27 20 182 693 124 31 25 20 22 28 21
internal_value=-1.24812e-12 0.000352034 0.0111767 -0.00285105 -0.00920685 0.02823 0.0207871 -0.000376703 -0.00999157 -0.00644553 0.000327198 -0.00107828 0.00499401 -0.00973879 0.00554495 -0.0217658 -0.0125736 -0.00664798
internal_weight=3720 3583 226 124 137 102 82 3357 229 202 3128 2404 724 101 63 74 50 41
internal_count=3720 3583 226 124 137 102 82 3357 229 202 3128 2404 724 101 63 74 50 41
is_linear=0
shrinkage=0.0104276


Tree=107
num_leaves=16
num_cat=0
split_feature=7 3 2 7 2 4 4 9 7 3 2 3 3 4 0
split_gain=110.216 309.073 321.753 208.371 187.855 196.489 172.738 142.812 203.576 198.089 151.016 188.023 141.58 167.941 138.187
threshold=0.040506361211769308 5.9120538692049323 13.928571428571431 0.099120481556777815 12.928571428571431 18.001988546380293 17.820580980611748 2.5000000000000004 0.12348188893391697 3.0078843751231035 8.9285714285714306 4.0059303218556899 4.4801077021290761 14.988104098923261 18.500000000000004
decision_type=2 2 2 2 2 2 2 2 2 2 2 2 2 2 2
left_child=1 2 -1 6 -3 14 12 8 -5 -10 -9 -12 -2 -14 -6
right_child=3 4 -4 7 5 -7 -8 10 9 -11 11 -13 13 -15 -16
leaf_value=0.010471165732748229 0.018945233706370086 0.042088014658357598 -0.036381647549273824 0.024241150865191734 0.016070407993236224 0.040203853297631091 -0.030531530644809363 0.030083275095714221 0.024556457111824886 -0.0052505555883852681 -0.011037505153416878 0.0019995380015530718 -0.017518237981965234 0.0028718382385638538 -0.0092675136116213089
leaf_weight=34 22 25 30 28 50 20 37 20 25 801 127 2276 106 75 44
leaf_count=34 22 25 30 28 50 20 37 20 25 801 127 2276 106 75 44
internal_value=1.49927e-11 0.00747092 -0.0114911 -0.000431219 0.0162016 0.0105248 -0.00981007 0.000255667 -0.00341104 -0.00434841 0.00154802 0.00131052 -0.00603325 -0.00906931 0.0042101
internal_weight=3720 203 64 3517 139 114 240 3277 854 826 2423 2403 203 181 94
internal_count=3720 203 64 3517 139 114 240 3277 854 826 2423 2403 203 181 94
is_linear=0
shrinkage=0.0104276


Tree=108
num_leaves=11
num_cat=0
split_feature=1 1 4 7 7 5 8 2 5 4
split_gain=110.631 148.716 155.3 108.561 273.893 261.668 227.422 707.09 170.298 160.528
threshold=31.500000000000004 28.500000000000004 14.138390172764355 0.54832137687450644 0.56555386899886984 14.048626056870841 5.5000000000000009 15.785714285714286 11.894066739784435 15.884582723572414
decision_type=2 2 2 2 2 2 2 2 2 2
left_child=1 3 -3 6 9 -6 8 -8 -1 -5
right_child=-2 2 -4 4 5 -7 7 -9 -10 -11
leaf_value=0.017944526683882904 0.019007798801701788 0.0016392064883779154 -0.029096834288338914 0.012147708760440246 -0.0053662788169639864 0.0047727894990543017 0.017747976038176832 -0.014608982746964894 -0.0030374066986254985 0.046942027714695196
leaf_weight=43 33 33 39 46 414 835 217 111 1928 21
leaf_count=43 33 33 39 46 414 835 217 111 1928 21
internal_value=-3.45076e-11 -0.000170127 -0.0150095 0.000125429 0.00251384 0.00141204 -0.00124175 0.00679791 -0.00257966 0.0230534
internal_weight=3720 3687 72 3615 1316 1249 2299 328 1971 67
internal_count=3720 3687 72 3615 1316 1249 2299 328 1971 67
is_linear=0
shrinkage=0.0104276


Tree=109
num_leaves=21
num_cat=0
split_feature=1 3 3 0 7 7 1 0 3 3 4 7 3 1 3 3 7 7 8 0
split_gain=108.831 184.138 209.82 260.856 278.365 228.673 190.208 164.716 159.867 427.917 355.093 284.465 196.667 299.243 189.731 159.216 340.829 81.3207 79.6079 70.8915
threshold=13.500000000000002 9.8838433152543868 8.7858106539118186 18.500000000000004 0.83955413393916645 0.81274868348893181 16.500000000000004 3.5000000000000004 7.1280799525204452 7.4097747539828704 15.774032689425779 0.019738241777657855 6.2029179001652457 11.500000000000002 6.3433504741654705 9.0343260744256764 0.47620427309182084 0.5741544455555968 2.5000000000000004 19.500000000000004
decision_type=2 2 2 2 2 2 2 2 2 2 2 2 2 2 2 2 2 2 2 2
left_child=7 2 3 4 -2 -5 -3 17 12 10 -10 -11 13 -9 -14 16 -4 -1 -8 -17
right_child=1 6 15 5 -6 -7 18 8 9 11 -12 -13 14 -15 -16 19 -18 -19 -20 -21
leaf_value=-0.027145253833993948 -0.00035228312368662372 -0.044374906604575361 0.050221868307465452 -0.0067840941430415257 0.032900845523060732 -0.036511428303923746 -0.023068321787282804 0.0067375040353199467 0.011990693143210112 0.04044700715625834 0.05219449599635187 0.0013386291428464183 -0.026163372067440509 -0.0089001789845131601 -0.0035990850886114352 -0.0042866704998375622 -0.00078312196592144191 -0.00017565535510456705 0.0030602761875096352 0.012793753712526229
leaf_weight=31 1222 21 28 453 28 30 21 536 71 21 36 547 48 177 260 64 29 20 32 45
leaf_count=31 1222 21 28 453 28 30 21 536 71 21 36 547 48 177 260 64 29 20 32 45
internal_value=-2.44829e-11 -0.00167831 -0.00104946 -0.00212222 0.000392587 -0.00863051 -0.0178159 0.00189543 0.00245066 0.00638809 0.0255172 0.00278454 -0.000152432 0.0028555 -0.0071156 0.0101498 0.024272 -0.0165689 -0.00729256 0.00276488
internal_weight=3720 1973 1899 1733 1250 483 74 1747 1696 675 107 568 1021 713 308 166 57 51 53 109
internal_count=3720 1973 1899 1733 1250 483 74 1747 1696 675 107 568 1021 713 308 166 57 51 53 109
is_linear=0
shrinkage=0.0104276


Tree=110
num_leaves=12
num_cat=0
split_feature=1 1 4 0 3 0 1 3 0 5 4
split_gain=108.53 145.415 152.029 106.604 280.262 245.839 312.807 238.555 204.587 78.1019 73.2217
threshold=31.500000000000004 28.500000000000004 15.753780806648265 11.500000000000002 9.9928543059577493 13.500000000000002 7.5000000000000009 2.8743499452978107 9.5000000000000018 14.554050132928563 15.680497702988852
decision_type=2 2 2 2 2 2 2 2 2 2 2
left_child=1 3 9 4 8 6 -5 -7 -1 -3 -6
right_child=-2 2 -4 5 10 7 -8 -9 -10 -11 -12
leaf_value=0.00094409349413491312 0.018826413901866314 -0.015548167044380131 -0.0392747463665011 -0.028018843552637215 -0.033718590399193248 -0.033806719311349896 -0.0042640334985612162 0.00073071322915838326 0.010463950390813945 0.010719840287141702 -0.0087247466308149977
leaf_weight=926 33 32 20 74 26 22 325 1883 334 20 25
leaf_count=926 33 32 20 74 26 22 325 1883 334 20 25
internal_value=1.54391e-11 -0.000168503 -0.0148422 0.000123753 0.00249763 -0.00122701 -0.00866969 0.000331856 0.00346761 -0.00544509 -0.0214667
internal_weight=3720 3687 72 3615 1311 2304 399 1905 1260 52 51
internal_count=3720 3687 72 3615 1311 2304 399 1905 1260 52 51
is_linear=0
shrinkage=0.0104276


Tree=111
num_leaves=19
num_cat=0
split_feature=7 7 8 7 4 5 5 5 7 7 5 8 8 4 5 5 5 4
split_gain=106.913 205.698 283.953 202.894 167.719 150.494 542.251 241.061 179.563 399.894 377.332 133.497 130.508 125.51 214.64 170.928 112.837 49.0595
threshold=0.040506361211769308 0.032774858722070054 1.5000000000000002 0.099120481556777815 17.820580980611748 14.894500689213002 15.314633149065839 15.389047006981789 0.77279574640276405 0.75270044168274863 12.78901861878987 5.5000000000000009 5.5000000000000009 14.988104098923261 15.790873342820621 12.754271047234429 15.007739222948139 14.912685315578861
decision_type=2 2 2 2 2 2 2 2 2 2 2 2 2 2 2 2 2 2
left_child=1 2 17 4 13 8 11 -8 9 -5 -10 -7 16 15 -15 -2 -4 -1
right_child=3 -3 12 5 -6 6 7 -9 10 -11 -12 -13 -14 14 -16 -17 -18 -19
leaf_value=-0.0088413041925852528 0.015234957558457942 0.032564729175514451 0.014074466913588607 -0.0020667982454787063 -0.030097644126336174 0.016881563181217588 -0.018356742319595751 0.00056568659064215935 -0.021889157253773519 -0.033937756664846344 0.01294328103466149 -0.0018744187551775068 0.032627612685407155 0.014470075732616494 -0.023693147254217166 -0.018104355090297328 -0.0081208966980895522 -0.031123580211485254
leaf_weight=21 20 30 66 1580 37 294 79 998 41 44 193 48 24 59 22 102 40 22
leaf_count=21 20 30 66 1580 37 294 79 998 41 44 193 48 24 59 22 102 40 22
internal_value=6.37772e-12 0.00735812 0.00298703 -0.000424708 -0.00967947 0.00025309 0.00281013 -0.00082231 -0.00169979 -0.0029303 0.00684016 0.0142491 0.0106703 -0.00595793 0.00410476 -0.0126389 0.00569886 -0.0202415
internal_weight=3720 203 173 3517 240 3277 1419 1077 1858 1624 234 342 130 203 81 122 106 43
internal_count=3720 203 173 3517 240 3277 1419 1077 1858 1624 234 342 130 203 81 122 106 43
is_linear=0
shrinkage=0.0104276


Tree=112
num_leaves=15
num_cat=0
split_feature=2 7 2 3 3 7 1 7 3 3 7 2 1 3
split_gain=107.58 115.687 300.487 394.975 266.546 208.641 263.589 249.069 244.414 281.379 210.201 189.045 155.569 43.5435
threshold=8.9285714285714306 0.040506361211769308 12.928571428571431 6.0395521751360359 5.1570565991016029 0.23072550352129315 31.500000000000004 0.27015960959192747 4.9617585208318564 5.7569833370313974 0.13711425348255882 17.214285714285719 13.500000000000002 5.214446791510122
decision_type=2 2 2 2 2 2 2 2 2 2 2 2 2 2
left_child=13 2 12 4 -4 8 7 -7 10 -10 -3 -5 -2 -1
right_child=1 5 3 11 -6 6 -8 -9 9 -11 -12 -13 -14 -15
leaf_value=0.0071855067934548716 0.052901832166722819 -0.0037614080853645032 -0.0016811471115644773 0.0036770176197680094 -0.052551185153395755 0.012868268758842784 0.038459823493555666 -0.00036129772267615119 0.012378351197322803 -0.0057280238979387299 -0.028727613731054778 0.035808612786599872 0.013883653969319962 0.027185528655485642
leaf_weight=29 20 67 24 85 21 165 20 2488 113 536 81 26 25 20
leaf_count=29 20 67 24 85 21 165 20 2488 113 536 81 26 25 20
internal_value=4.7594e-11 -0.000204873 0.00748645 0.000638769 -0.0254205 -0.000650394 0.000745811 0.000461499 -0.00533302 -0.00257545 -0.0174253 0.0112033 0.0312251 0.0153488
internal_weight=3720 3671 201 156 45 3470 2673 2653 797 649 148 111 45 49
internal_count=3720 3671 201 156 45 3470 2673 2653 797 649 148 111 45 49
is_linear=0
shrinkage=0.0104276


Tree=113
num_leaves=20
num_cat=0
split_feature=9 6 7 1 7 0 7 1 8 3 1 3 0 8 1 0 0 0 1
split_gain=106.911 147.384 177.024 144.794 137.953 262.559 184.241 292.508 266.065 100.256 94.3199 260.994 226.313 198.539 152.991 136.296 188.377 123.236 61.7692
threshold=2.5000000000000004 1.0000000180025095e-35 0.69554457121156443 19.500000000000004 0.011325859094010101 16.500000000000004 0.16775933788214709 6.5000000000000009 2.5000000000000004 6.049399492719167 21.500000000000004 7.7120808136449526 16.500000000000004 1.5000000000000002 20.500000000000004 9.5000000000000018 12.500000000000002 7.5000000000000009 24.500000000000004
decision_type=2 2 2 2 2 2 2 2 2 2 2 2 2 2 2 2 2 2 2
left_child=10 4 3 9 5 -2 7 -6 -8 -3 14 12 13 -12 15 17 -17 -1 -13
right_child=1 2 -4 -5 6 -7 8 -9 -10 -11 11 18 -14 -15 -16 16 -18 -19 -20
leaf_value=-0.003750590238345679 0.039545523631772425 -0.0042544351086923546 0.01606682615383203 0.0084252972713705337 -0.02711123294203199 -0.0070808161930299447 0.0074365999136218686 -0.0014635410400326298 -0.00030661819911355321 -0.020655503328977247 -0.034233072041684992 -0.0010772260869826075 -0.041967357695233916 0.00065857444883930685 0.021181205585777942 0.012157571513018555 -0.0028313490738973231 -0.020408470463422784 0.023925304935787099
leaf_weight=139 29 66 32 37 55 24 803 400 1209 105 25 21 32 61 31 115 440 74 22
leaf_count=139 29 66 32 37 55 24 803 400 1209 105 25 21 32 61 31 115 440 74 22
internal_value=-8.57814e-12 0.00104257 -0.00676561 -0.0102783 0.0017862 0.0184317 0.0014286 -0.00456381 0.00278374 -0.0143253 -0.00299738 -0.0102787 -0.0182933 -0.00948435 -0.00153018 -0.00244692 0.000274463 -0.00953784 0.0117148
internal_weight=3720 2760 240 208 2520 53 2467 455 2012 171 960 161 118 86 799 768 555 213 43
internal_count=3720 2760 240 208 2520 53 2467 455 2012 171 960 161 118 86 799 768 555 213 43
is_linear=0
shrinkage=0.0104276


Tree=114
num_leaves=24
num_cat=0
split_feature=1 2 2 7 2 3 1 8 7 2 9 3 7 2 7 2 7 1 7 7 1 7 3
split_gain=107.141 183.43 175.347 237.583 191.078 363.732 255.983 158.348 181.077 288.72 321.168 262.002 167.253 206.794 176.802 131.062 116.812 113.818 125.013 188.405 89.0833 50.9156 19.5764
threshold=13.500000000000002 19.500000000000004 18.214285714285719 0.4690207787425672 17.357142857142858 5.9641787843280305 19.500000000000004 5.5000000000000009 0.41856757364393143 17.071428571428573 4.5000000000000009 7.1514234347336147 0.068925873025850362 12.642857142857144 0.099120481556777815 20.357142857142858 0.14898274817078697 12.500000000000002 0.33664445031849827 0.77279574640276405 8.5000000000000018 0.67122532536049118 7.7613204571190906
decision_type=2 2 2 2 2 2 2 2 2 2 2 2 2 2 2 2 2 2 2 2 2 2 2
left_child=7 2 4 16 6 -6 -2 8 12 11 -11 -10 13 -1 -14 22 -4 18 20 -20 -9 -5 -3
right_child=1 15 3 21 5 -7 -8 17 9 10 -12 -13 14 -15 -16 -17 -18 -19 19 -21 -22 -23 -24
leaf_value=0.035426850592537619 -0.0046251991881224959 -0.037619307596692381 0.016889620937588504 0.019779513501199348 -0.049173613673321875 -0.0045417243055234152 0.0035072739484268995 0.0095152310492787311 -0.0043187338869982647 0.025275423743973596 -0.012507858854403793 0.0091626194998392849 -0.025241770225824408 0.0013421825230781686 -0.0037539250112968905 -0.0018229535633293491 -0.014323661524884922 -0.0095719655541161609 0.0003741343218265393 0.034079516722201691 0.033055913139154548 0.043027081860891665 -0.023204185206974783
leaf_weight=24 921 20 22 20 26 84 775 29 388 116 31 263 45 100 557 31 32 28 100 22 44 21 21
leaf_count=24 921 20 22 20 26 84 775 29 388 116 31 263 45 100 557 31 32 28 100 22 44 21 21
internal_value=1.83033e-11 -0.00166523 -0.00104646 0.0127618 -0.00177281 -0.0150911 -0.000909004 0.00188065 0.000679759 0.00410815 0.0173075 0.00112765 -0.00308864 0.00793922 -0.00536016 -0.0180026 -0.00160714 0.0100877 0.0129106 0.00645215 0.0237041 0.0316868 -0.030236
internal_weight=3720 1973 1901 95 1806 110 1696 1747 1524 798 147 651 726 124 602 72 54 223 195 122 73 41 41
internal_count=3720 1973 1901 95 1806 110 1696 1747 1524 798 147 651 726 124 602 72 54 223 195 122 73 41 41
is_linear=0
shrinkage=0.0104276


Tree=115
num_leaves=16
num_cat=0
split_feature=5 3 5 0 5 4 5 0 1 8 1 0 4 4 1
split_gain=106.201 393.287 243.151 305.478 181.821 223.761 382.111 182.192 122.617 140.541 88.5302 89.2552 64.087 58.6704 41.7009
threshold=17.034473924761382 6.0395521751360359 16.737414395340434 13.500000000000002 16.291758455811983 17.289398909768494 15.965178317552272 11.500000000000002 18.500000000000004 4.5000000000000009 15.500000000000002 19.500000000000004 17.872574649303058 19.205305226628635 15.500000000000002
decision_type=2 2 2 2 2 2 2 2 2 2 2 2 2 2 2
left_child=2 -2 4 -4 5 7 -7 -1 9 -6 11 -3 -10 -12 -5
right_child=1 10 3 14 8 6 -8 -9 12 -11 13 -13 -14 -15 -16
leaf_value=0.002987051859522681 -0.038615343132307717 -0.00023578971868687501 -0.01056574982578368 0.044425994549507158 -0.010887413854285655 0.0017017990049920965 0.028220963733992941 -0.0022917829571725938 -0.012846934252875647 0.011409081522514679 -0.022185311319036918 0.026567840803826744 -0.034093124702081146 0.0012487121817790258 0.024493727107901615
leaf_weight=1150 36 35 24 25 102 205 83 1862 38 44 21 22 26 26 21
leaf_count=1150 36 35 24 25 102 205 83 1862 38 44 21 22 26 26 21
internal_value=-5.13148e-11 -0.00890955 0.000348418 0.019592 -3.53569e-05 0.000563339 0.00934447 -0.000276292 -0.00944344 -0.00416792 0.00137322 0.0101095 -0.0214782 -0.00922181 0.0353265
internal_weight=3720 140 3580 70 3510 3300 288 3012 210 146 104 57 64 47 46
internal_count=3720 140 3580 70 3510 3300 288 3012 210 146 104 57 64 47 46
is_linear=0
shrinkage=0.0104276


Tree=116
num_leaves=26
num_cat=0
split_feature=9 4 8 3 1 3 0 4 4 9 7 0 1 4 1 4 7 3 3 3 0 3 3 3 4
split_gain=104.799 150.486 632.81 490.437 381.5 348.496 307.457 169.27 168.336 182.234 288.854 216.009 153.586 97.1413 186.272 182.656 185.129 191.991 173.047 315.908 230.553 159.369 359.443 156.354 123.734
threshold=2.5000000000000004 11.672347023524869 1.5000000000000002 6.9006555934235445 11.500000000000002 6.3658303099171851 14.500000000000002 10.581361185473959 11.866310293411541 4.5000000000000009 0.846258922572793 3.5000000000000004 14.500000000000002 13.227173792428646 12.500000000000002 13.909566044065995 0.52905150949594704 6.9178848654488103 7.6749437720912281 7.2735659689564907 16.500000000000004 7.0457685377819557 5.2417736002416664 3.8606685826112943 11.326143496166738
decision_type=2 2 2 2 2 2 2 2 2 2 2 2 2 2 2 2 2 2 2 2 2 2 2 2 2
left_child=13 2 3 4 -2 6 -4 -7 12 10 -10 -11 -3 14 21 16 17 -15 19 -17 -20 22 -1 -16 -25
right_child=1 8 5 -5 -6 7 -8 -9 9 11 -12 -13 -14 15 23 18 -18 -19 20 -21 -22 -23 -24 24 -26
leaf_value=0.015601815702338198 0.048669429829065761 -0.037091500517407894 -0.00018475670155872407 0.064023077975205955 -0.006976760459185806 -0.029390739779190177 0.033329248117640591 -0.0041091998720782135 0.0020122456612978396 -0.034372092125526194 0.03846812131626879 -0.0026035654090043252 -0.00089319049796605183 0.044903936404940732 0.01394186288121653 -0.0033883944108364294 -0.003417707008370349 0.0031945026235620654 -0.0025831228093121292 -0.034681897499488613 0.023302610370412133 0.02064450157176104 -0.021521715598059925 -0.0043479065445694515 -0.02166079684004726
leaf_weight=53 21 25 92 32 37 46 44 77 1544 24 24 768 26 28 21 285 39 21 117 40 55 37 61 67 136
leaf_count=53 21 25 92 32 37 46 44 77 1544 24 24 768 26 28 21 285 39 21 117 40 55 37 61 67 136
internal_value=-5.01926e-11 0.00103222 0.00743199 0.0312517 0.013171 -0.000845147 0.010658 -0.0135641 0.000105833 0.000510879 0.00257024 -0.00356625 -0.0186375 -0.00296763 -0.00711062 -0.000311873 0.0135353 0.0270285 -0.00276368 -0.0072399 0.00569429 0.00184052 -0.00426253 -0.0131446 -0.0159467
internal_weight=3720 2760 349 90 58 259 136 123 2411 2360 1568 792 51 960 375 585 88 49 497 325 172 151 114 224 203
internal_count=3720 2760 349 90 58 259 136 123 2411 2360 1568 792 51 960 375 585 88 49 497 325 172 151 114 224 203
is_linear=0
shrinkage=0.0104276


Tree=117
num_leaves=15
num_cat=0
split_feature=2 5 4 3 5 3 8 3 2 4 5 4 2 5
split_gain=105.221 104.829 331.66 302.726 287.47 232.234 296.34 218.261 238.081 205.906 192.056 158.162 214.632 187.002
threshold=8.6428571428571441 14.010373983056075 13.018793629486407 3.8606685826112943 13.944406416322138 3.6774675532904193 2.5000000000000004 5.7569833370313974 12.642857142857144 15.207003296631548 13.79422887277455 13.111006111798998 11.214285714285717 17.034473924761382
decision_type=2 2 2 2 2 2 2 2 2 2 2 2 2 2
left_child=-1 2 7 5 9 6 -3 8 -2 -4 -9 12 -5 -13
right_child=1 3 4 11 -6 -7 -8 10 -10 -11 -12 13 -14 -15
leaf_value=0.019131053851148848 0.0040159147220790907 0.016214052116667148 -0.011298224540434955 0.02022665957918408 -0.039316570423519492 -0.041983729719500179 -0.021873129343789644 -0.0057775512240638037 0.028752361375352354 0.0086250609270218381 0.015148758259451101 0.003680771238110819 -0.0089225658111446934 -0.0088360126302329985
leaf_weight=31 275 36 309 31 34 27 58 408 50 69 54 1958 241 139
leaf_count=31 275 36 309 31 34 27 58 408 50 69 54 1958 241 139
internal_value=-4.11804e-11 -0.000160765 -0.00269391 0.00105901 -0.0102738 -0.0150289 -0.00728655 0.00127419 0.00782152 -0.00766143 -0.00333162 0.00188072 -0.00560041 0.00285109
internal_weight=3720 3689 1199 2490 412 121 94 787 325 378 462 2369 272 2097
internal_count=3720 3689 1199 2490 412 121 94 787 325 378 462 2369 272 2097
is_linear=0
shrinkage=0.0104276


Tree=118
num_leaves=11
num_cat=0
split_feature=1 1 4 7 7 5 8 7 5 4
split_gain=104.507 141.43 149.649 103.597 268.532 250.969 220.146 405.899 164.336 157.309
threshold=31.500000000000004 28.500000000000004 14.138390172764355 0.54832137687450644 0.56555386899886984 14.048626056870841 5.5000000000000009 0.33664445031849827 11.894066739784435 15.884582723572414
decision_type=2 2 2 2 2 2 2 2 2 2
left_child=1 3 -3 6 9 -6 8 -8 -1 -5
right_child=-2 2 -4 4 5 -7 7 -9 -10 -11
leaf_value=0.017632668154251133 0.018474157008360415 0.0017063360671404407 -0.028465304197194802 0.011997770540908816 -0.0052732201047678362 0.00465639980883113 0.016036851090041063 -0.007710182573918165 -0.002978674611373459 0.04644155461894614
leaf_weight=43 33 33 39 46 414 835 199 129 1928 21
leaf_count=43 33 33 39 46 414 835 199 129 1928 21
internal_value=2.99646e-11 -0.00016535 -0.0146366 0.000122874 0.00245604 0.00136508 -0.00121268 0.00669732 -0.00252901 0.0227936
internal_weight=3720 3687 72 3615 1316 1249 2299 328 1971 67
internal_count=3720 3687 72 3615 1316 1249 2299 328 1971 67
is_linear=0
shrinkage=0.0104276


Tree=119
num_leaves=26
num_cat=0
split_feature=1 0 5 5 1 0 0 5 5 0 1 0 5 7 5 5 7 5 8 1 5 7 5 5 0
split_gain=103.278 177.021 280.742 339.492 277.618 266.566 191.833 221.507 222.091 192.968 248.401 160.616 253.468 191.663 253.574 205.792 191.271 325.902 259.402 188.116 152.192 138.957 119.543 119.133 73.3661
threshold=13.500000000000002 18.500000000000004 16.291758455811983 12.951608688134103 17.500000000000004 15.500000000000002 22.500000000000004 15.732438912210188 14.907456202380375 24.500000000000004 22.500000000000004 23.500000000000004 16.812504006790494 0.81861465225589847 15.542089947645099 13.912681274774092 0.41856757364393143 15.48230648446158 5.5000000000000009 11.500000000000002 14.654020148029447 0.20641003797401616 12.65415813906198 16.071398020343995 6.5000000000000009
decision_type=2 2 2 2 2 2 2 2 2 2 2 2 2 2 2 2 2 2 2 2 2 2 2 2 2
left_child=11 2 3 22 -5 24 7 8 -3 10 -8 13 19 16 15 -15 18 -18 -1 21 -11 -13 -2 -9 -4
right_child=1 6 5 4 -6 -7 9 23 -10 20 -12 12 -14 14 -16 -17 17 -19 -20 -21 -22 -23 -24 -25 -26
leaf_value=-0.0044712532107838215 -0.0042620650479606092 -0.015570028569027332 -0.039045230295874422 -0.0029303669750914479 0.008112875247541557 0.01408627846295242 0.00081381120717874758 -0.043581376846774413 0.0070684893771368884 -0.020858179027009937 0.035610163020905555 0.019126589438061139 0.044868667528681766 -0.02147156581162574 -0.04391061415251233 0.014824731059115139 0.0015497487782731229 0.018194515407147113 0.013495286870883581 0.027957761783887067 -0.00060104311661380552 -0.004475679473387925 -0.021242802364966045 -0.017133763501322719 -0.017279851896924454
leaf_weight=648 113 124 21 386 690 29 87 31 76 61 30 36 21 35 23 33 536 168 101 36 119 110 75 46 85
leaf_count=648 113 124 21 386 690 29 87 31 76 61 30 36 21 35 23 33 536 168 101 36 119 110 75 46 85
internal_value=-6.11555e-11 -0.00163493 0.000365764 0.00189236 0.00415127 -0.0139277 -0.00651119 -0.0127533 -0.00696739 -0.00068945 0.00973595 0.00184643 0.0105663 0.000699976 -0.0139806 -0.00385719 0.00161941 0.0055218 -0.00204853 0.00660831 -0.00746596 0.00134406 -0.0110363 -0.0277815 -0.0215919
internal_weight=3720 1973 1399 1264 1076 135 574 277 200 297 117 1747 203 1544 91 68 1453 704 749 182 180 146 188 77 106
internal_count=3720 1973 1399 1264 1076 135 574 277 200 297 117 1747 203 1544 91 68 1453 704 749 182 180 146 188 77 106
is_linear=0
shrinkage=0.0104276


Tree=120
num_leaves=18
num_cat=0
split_feature=2 2 7 7 2 7 4 5 5 7 7 5 2 2 8 5 7
split_gain=104.932 246.975 472.476 226.02 224.875 207.063 237.679 201.26 197.345 253.038 208.392 161.877 140.993 257.418 116.272 123.715 90.8385
threshold=19.500000000000004 18.071428571428573 0.44576807838270699 0.061435934677514313 20.357142857142858 0.75516464203108058 18.175661619254967 16.057855167196909 14.894500689213002 0.027250961960885303 0.040506361211769308 16.661330532157159 17.928571428571434 17.214285714285719 1.5000000000000002 16.498026898258573 0.42915757408335492
decision_type=2 2 2 2 2 2 2 2 2 2 2 2 2 2 2 2 2
left_child=1 7 3 -3 14 6 -4 8 10 -10 -1 -5 13 -9 -2 -16 -6
right_child=4 2 5 11 16 -7 -8 12 9 -11 -12 -13 -14 -15 15 -17 -18
leaf_value=0.012662134663560953 -0.040149351137156369 0.026720916223943854 0.0040824099116873068 -0.0019273168443953782 -0.0060412566117384143 0.057601146054158864 0.039758700991830952 -0.003991562518151485 -0.023910313402618052 0.0054869123615312529 -0.0020837005297799707 -0.032515996216149777 0.01873374128463377 -0.025291797503202804 -0.030731817032199502 0.0023119717172438397 0.019080579047078133
leaf_weight=110 24 23 45 76 34 20 37 225 33 904 1980 25 20 85 22 28 29
leaf_count=110 24 23 45 76 34 20 37 225 33 904 1980 25 20 85 22 28 29
internal_value=-1.80295e-11 0.000342455 0.0108938 -0.0027806 -0.00895631 0.0275177 0.0201802 -0.000367886 0.000475136 0.00445158 -0.0013076 -0.00949877 -0.0081007 -0.00983195 -0.0212831 -0.0122273 0.00552276
internal_weight=3720 3583 226 124 137 102 82 3357 3027 937 2090 101 330 310 74 50 63
internal_count=3720 3583 226 124 137 102 82 3357 3027 937 2090 101 330 310 74 50 63
is_linear=0
shrinkage=0.0104276


Tree=121
num_leaves=16
num_cat=0
split_feature=2 7 2 3 3 7 2 5 5 8 2 2 1 7 3
split_gain=102.989 109.802 289.508 382.11 259.974 197.554 182.464 166.399 527.125 218.632 154.55 187.429 147.206 103.052 43.3298
threshold=8.9285714285714306 0.040506361211769308 12.928571428571431 6.0395521751360359 5.1570565991016029 0.099120481556777815 17.214285714285719 14.894500689213002 15.314633149065839 2.5000000000000004 16.928571428571434 16.071428571428573 13.500000000000002 0.072912235634577174 5.214446791510122
decision_type=2 2 2 2 2 2 2 2 2 2 2 2 2 2 2
left_child=14 2 12 4 -4 10 -5 9 -9 -7 11 -3 -2 -12 -1
right_child=1 5 3 6 -6 7 -8 8 -10 -11 13 -13 -14 -15 -16
leaf_value=0.0068744908819326801 0.051679710657357575 -0.0096110404294119968 -0.0016152503958237561 0.0035682111331141343 -0.051854194245364998 0.0019960357024370766 0.035135562054236638 0.013988626774895544 -0.00087112877637487009 -0.0052847169612759426 -0.012505645856613599 0.021116688603354791 0.013724723287156827 -0.04229452177029034 0.026825381949993048
leaf_weight=29 20 158 24 85 21 806 26 342 1077 1011 28 25 25 23 20
leaf_count=29 20 158 24 85 21 806 26 342 1077 1011 28 25 25 23 20
internal_value=-6.26824e-12 -0.000200454 0.00729269 0.000571272 -0.0250601 -0.000634495 0.0109624 3.45676e-05 0.00271029 -0.00205506 -0.00988701 -0.00541326 0.0305936 -0.0259398 0.0150177
internal_weight=3720 3671 201 156 45 3470 111 3236 1419 1817 234 183 45 51 49
internal_count=3720 3671 201 156 45 3470 111 3236 1419 1817 234 183 45 51 49
is_linear=0
shrinkage=0.0104276


Tree=122
num_leaves=11
num_cat=0
split_feature=1 1 4 0 0 1 7 8 0 7
split_gain=102.698 138.022 145.606 103.443 240.793 305.846 232.94 229.536 334.16 329.777
threshold=31.500000000000004 28.500000000000004 14.138390172764355 11.500000000000002 13.500000000000002 7.5000000000000009 0.81861465225589847 2.5000000000000004 9.5000000000000018 0.040506361211769308
decision_type=2 2 2 2 2 2 2 2 2 2
left_child=1 3 -3 7 5 -5 -6 8 -1 -9
right_child=-2 2 -4 4 6 -7 -8 9 -10 -11
leaf_value=0.0027219454595972929 0.018313605989316691 0.0016609296993637715 -0.028100326202458142 -0.027708344576847701 0.0011590932431040759 -0.0042193051591076763 -0.015762195668273932 0.029506909535559945 0.021086994123600482 -0.0028351218715628023
leaf_weight=411 33 33 39 74 1812 325 93 36 146 718
leaf_count=411 33 33 39 74 1812 325 93 36 146 718
internal_value=1.40516e-12 -0.000163913 -0.0144598 0.000120817 -0.00120977 -0.00857567 0.000333015 0.00245923 0.00753576 -0.00129094
internal_weight=3720 3687 72 3615 2304 399 1905 1311 557 754
internal_count=3720 3687 72 3615 2304 399 1905 1311 557 754
is_linear=0
shrinkage=0.0104276


Tree=123
num_leaves=14
num_cat=0
split_feature=5 5 0 2 2 5 5 4 4 8 2 2 2
split_gain=101.81 238.508 292.591 180.284 199.18 245.004 228.511 173.671 174.362 166.715 137.255 102.956 97.7522
threshold=17.034473924761382 16.737414395340434 13.500000000000002 19.500000000000004 18.071428571428573 16.043660705057096 16.249782541634058 18.810705281048129 17.820580980611748 2.5000000000000004 19.928571428571434 18.500000000000004 20.214285714285719
decision_type=2 2 2 2 2 2 2 2 2 2 2 2 2
left_child=1 3 -3 4 6 -6 -1 8 -2 -9 -11 -4 -5
right_child=7 2 11 12 5 -7 -8 9 -10 10 -12 -13 -14
leaf_value=0.00031668782296158973 -0.0048175452550452708 -0.0101146631350978 0.050399377216586487 -0.031459995835924397 0.0006392109682417012 0.026236533753186488 -0.012459780162353769 -0.014796185011289114 -0.041298865021073952 -0.0027833728077997603 0.034089002375504864 0.019198878601179619 -0.0035410686446991275
leaf_weight=3128 29 24 23 30 97 70 160 39 28 23 21 23 25
leaf_count=3128 29 24 23 30 97 70 160 39 28 23 21 23 25
internal_value=3.09517e-11 0.000341139 0.0194001 -3.89547e-05 0.000259217 0.0113686 -0.000305038 -0.00872341 -0.0227382 0.000901208 0.0148148 0.0347991 -0.0187696
internal_weight=3720 3580 70 3510 3455 167 3288 140 57 83 44 46 55
internal_count=3720 3580 70 3510 3455 167 3288 140 57 83 44 46 55
is_linear=0
shrinkage=0.0104276


Tree=124
num_leaves=21
num_cat=0
split_feature=1 3 3 0 5 1 3 0 3 4 3 3 5 4 3 5 3 5 1 8
split_gain=101.359 177.139 202.887 249.148 212.152 185.062 158.892 158.364 154.982 187.928 149.97 419.61 475.095 251.55 192.695 307.162 185.057 137.803 76.8284 45.0841
threshold=13.500000000000002 9.8838433152543868 8.7858106539118186 18.500000000000004 16.291758455811983 16.500000000000004 4.6521877213394225 3.5000000000000004 9.0343260744256764 14.599409884148802 7.1280799525204452 7.4097747539828704 14.449851969875201 12.82836191910218 6.2029179001652457 13.375670711973092 6.3433504741654705 16.332466246636233 19.500000000000004 1.5000000000000002
decision_type=2 2 2 2 2 2 2 2 2 2 2 2 2 2 2 2 2 2 2 2
left_child=7 2 3 4 -2 -3 -5 19 9 -4 14 12 -12 -13 15 -9 -16 -10 -7 -1
right_child=1 5 8 6 -6 18 -8 10 17 -11 11 13 -14 -15 16 -17 -18 -19 -20 -21
leaf_value=-0.0040694964257617147 0.001645968933629578 -0.043644861978511647 -0.00084758255331176483 -0.029493180462333086 -0.014410974661899651 0.007835522857150853 -0.006721037745858526 0.015605366529047518 0.0092859007381287974 0.038403980909534681 0.00030358962721228975 0.017451354304491767 0.044576911613341222 -0.00062778166022838542 -0.025851820536838571 -0.00083683825293043659 -0.003567161893079126 -0.018224747674219253 -0.017644004543605471 -0.024150502175779479
leaf_weight=20 1153 21 21 36 97 22 447 159 83 36 47 102 60 466 48 554 260 26 31 31
leaf_count=20 1153 21 21 36 97 22 447 159 83 36 47 102 60 466 48 554 260 26 31 31
internal_value=3.69023e-11 -0.00161967 -0.00100289 -0.00205777 0.00039995 -0.0174476 -0.00841834 0.0018292 0.0100098 0.0239429 0.00237363 0.00618722 0.0251298 0.00261882 -0.000147605 0.0028298 -0.0070401 0.00272373 -0.0070676 -0.0162756
internal_weight=3720 1973 1899 1733 1250 74 483 1747 166 57 1696 675 107 568 1021 713 308 109 53 51
internal_count=3720 1973 1899 1733 1250 74 483 1747 166 57 1696 675 107 568 1021 713 308 109 53 51
is_linear=0
shrinkage=0.0104276


Tree=125
num_leaves=21
num_cat=0
split_feature=9 4 8 1 4 5 7 7 7 7 5 7 7 4 2 5 5 4 4 2
split_gain=101.494 147.795 614.683 271.378 428.667 271.239 293.694 338.376 213.685 271.714 176.788 382.966 284.316 155.767 99.2391 178.087 203.541 137.633 392.837 145.27
threshold=2.5000000000000004 11.672347023524869 1.5000000000000002 10.500000000000002 10.581361185473959 14.010373983056075 0.77279574640276405 0.73797502888850108 0.12807275798618264 0.79956766740021901 15.555068591720476 0.81274868348893181 0.83285073720353064 12.53219691637417 18.071428571428573 16.912558006388416 15.89383194328604 17.948171698864105 17.444833100412477 17.214285714285719
decision_type=2 2 2 2 2 2 2 2 2 2 2 2 2 2 2 2 2 2 2 2
left_child=14 2 3 -2 -5 6 7 -3 -4 -10 12 -12 -7 -8 17 16 -16 18 19 -1
right_child=1 5 8 4 -6 10 13 -9 9 -11 11 -13 -14 -15 15 -17 -18 -19 -20 -21
leaf_value=-0.0035476091398574704 0.054631711128355284 -0.0073366072002165302 -0.02329540779029406 -0.020384417243459439 0.038897333414217451 0.0036359792926872023 -0.008160660827690085 -0.050145161534527867 0.0068528815908283644 -0.03345796719452486 -8.2224908248793754e-06 -0.030754211146355733 0.033031838078121205 0.025953401978485554 -0.0013448769565863399 -0.010203524931302525 0.043556834811415368 -0.026653269106321698 0.041384465462549917 -0.030122634060916795
leaf_weight=812 33 457 39 21 36 1082 22 21 200 20 702 47 37 43 21 32 23 28 21 23
leaf_count=812 33 457 39 21 36 1082 22 21 200 20 702 47 37 43 21 32 23 28 21 23
internal_value=4.17511e-11 0.00101581 0.00735809 0.0308342 0.0170567 9.77484e-05 -0.00638935 -0.00921732 -0.000799629 0.00318826 0.00198345 -0.00193754 0.00460796 0.0144071 -0.00292046 0.00851384 0.0221265 -0.0039035 -0.00315935 -0.00427962
internal_weight=3720 2760 349 90 57 2411 543 478 259 220 1868 749 1119 65 960 76 44 884 856 835
internal_count=3720 2760 349 90 57 2411 543 478 259 220 1868 749 1119 65 960 76 44 884 856 835
is_linear=0
shrinkage=0.0104276


Tree=126
num_leaves=14
num_cat=0
split_feature=2 7 2 3 3 7 2 5 5 8 4 4 8
split_gain=101.068 104.762 277.774 371.608 254.731 205.82 177.161 157.302 512.182 215.743 147.252 141.875 61.6065
threshold=8.6428571428571441 0.040506361211769308 12.928571428571431 6.0395521751360359 5.1570565991016029 0.099120481556777815 17.214285714285719 14.894500689213002 15.314633149065839 2.5000000000000004 17.820580980611748 14.988104098923261 3.5000000000000004
decision_type=2 2 2 2 2 2 2 2 2 2 2 2 2
left_child=-1 2 12 4 -4 10 -5 9 -9 -7 11 -3 -2
right_child=1 5 3 6 -6 7 -8 8 -10 -11 -12 -13 -14
leaf_value=0.018749692242814225 0.042828661261554005 -0.01378086235949127 -0.0015660288637148539 0.0034647905369331322 -0.051295838358235736 0.0021030555455260969 0.034570072730261033 0.013824395308967508 -0.0008232250332501288 -0.0051006098506575226 -0.029099371421926361 0.0041720728480987524 0.01860178965931927
leaf_weight=31 21 117 24 85 21 810 26 342 1077 1023 37 81 25
leaf_count=31 21 117 24 85 21 810 26 342 1077 1023 37 81 25
internal_value=2.34976e-11 -0.00015756 0.00714346 0.000503409 -0.0247733 -0.000580504 0.0107507 0.000100517 0.00270707 -0.00191732 -0.0100047 -0.00643648 0.0296619
internal_weight=3720 3689 202 156 45 3487 111 3252 1419 1833 235 198 46
internal_count=3720 3689 202 156 45 3487 111 3252 1419 1833 235 198 46
is_linear=0
shrinkage=0.0104276


Tree=127
num_leaves=15
num_cat=0
split_feature=5 3 5 7 5 4 5 0 3 3 3 3 5 0
split_gain=97.4465 380.959 236.051 576.948 169.932 213.329 371.864 176.198 116.635 341.752 126.809 79.5465 105.29 108.9
threshold=17.034473924761382 6.0395521751360359 16.737414395340434 0.49919894374383444 16.291758455811983 17.289398909768494 15.965178317552272 11.500000000000002 5.8858179594575697 6.9710282727036583 5.2417736002416664 9.0079330116768244 17.294418306914732 19.500000000000004
decision_type=2 2 2 2 2 2 2 2 2 2 2 2 2 2
left_child=2 -2 4 -4 5 7 -7 -1 10 -10 -6 12 -3 -14
right_child=1 11 3 -5 8 6 -8 -9 9 -11 -12 -13 13 -15
leaf_value=0.0029237937428769566 -0.037770900880039357 0.024141718967892759 -0.0089779577003587917 0.050993438646543085 -0.0079586954835467686 0.0015689151689772844 0.027730092303268224 -0.0022674749109807082 0.018167069248236686 -0.014941780633719832 -0.041003390538367046 -0.013438813448090552 -0.016514645002025947 0.01428821729908035
leaf_weight=1150 36 26 37 33 28 205 83 1862 49 110 23 28 26 24
leaf_count=1150 36 26 37 33 28 205 83 1862 49 110 23 28 26 24
internal_value=-4.59968e-11 -0.00853441 0.000333748 0.0192943 -4.43821e-05 0.000534409 0.00910842 -0.000285417 -0.00913967 -0.00473842 -0.0228612 0.00158591 0.00712133 -0.00172927
internal_weight=3720 140 3580 70 3510 3300 288 3012 210 159 51 104 76 50
internal_count=3720 140 3580 70 3510 3300 288 3012 210 159 51 104 76 50
is_linear=0
shrinkage=0.0104276


Tree=128
num_leaves=8
num_cat=0
split_feature=1 1 4 3 4 3 3
split_gain=100.391 134.616 140.883 99.8642 116.924 209.694 208.432
threshold=31.500000000000004 28.500000000000004 14.138390172764355 11.039964297125545 15.658689860371426 5.9641787843280305 9.5518634432290366
decision_type=2 2 2 2 2 2 2
left_child=1 3 -3 4 6 -6 -1
right_child=-2 2 -4 -5 5 -7 -8
leaf_value=-0.00051246346743142506 0.018106742966455647 0.0015766326539035022 -0.027697944132898375 -0.022029795497448948 -0.0042039855481098044 0.0055203381668325179 -0.017532573101892723
leaf_weight=2293 33 33 39 22 331 888 81
leaf_count=2293 33 33 39 22 331 888 81
internal_value=-8.07984e-13 -0.000162062 -0.0142804 0.000119134 0.000254752 0.00287985 -0.00109318
internal_weight=3720 3687 72 3615 3593 1219 2374
internal_count=3720 3687 72 3615 3593 1219 2374
is_linear=0
shrinkage=0.0104276


Tree=129
num_leaves=23
num_cat=0
split_feature=1 3 3 0 7 7 1 0 5 3 0 3 3 0 5 1 8 5 3 7 5 8
split_gain=99.2214 171.098 198.268 242.957 266.944 221.476 181.22 155.73 245.361 272.94 233.954 198.52 458.575 320.083 232.814 180.474 228.586 157.215 150.457 330.093 133.327 75.9018
threshold=13.500000000000002 9.8838433152543868 8.7858106539118186 18.500000000000004 0.83589943869142747 0.81274868348893181 16.500000000000004 23.500000000000004 16.812504006790494 8.7150663194482352 26.500000000000004 8.1998838551588875 7.7428922859859668 15.500000000000002 13.360586727211912 12.500000000000002 1.0000000180025095e-35 15.254076892893094 9.0343260744256764 0.47620427309182084 16.332466246636233 2.5000000000000004
decision_type=2 2 2 2 2 2 2 2 2 2 2 2 2 2 2 2 2 2 2 2 2 2
left_child=7 2 3 4 -2 -5 -3 11 9 10 -9 12 14 -14 -1 16 -13 -11 19 -4 -20 -8
right_child=1 6 18 5 -6 -7 21 8 -10 17 -12 15 13 -15 -16 -17 -18 -19 20 -21 -22 -23
leaf_value=0.0091365878078862369 -0.00039321526269122948 -0.043082107940232345 0.049156364998067019 -0.0065030420843658482 0.030117405741760823 -0.035758841630458144 -0.022290666720245829 0.0086267030195484908 0.044145325124169577 0.045015258561018373 -0.020660063980400718 0.018228469669956324 0.035889883890345808 -0.0022806114791912311 -0.0020036081189548161 0.014526223420818258 -0.014601599201712461 0.0080048075428148652 0.0091661100655184603 -0.0010388099475447689 -0.017894120611670252 0.0032224802570588241
leaf_weight=263 1218 21 28 453 32 30 21 87 21 26 45 26 71 36 909 35 204 24 83 29 26 32
leaf_count=263 1218 21 28 453 32 30 21 87 21 26 45 26 71 36 909 35 204 24 83 29 26 32
internal_value=-3.30337e-11 -0.0016025 -0.00099633 -0.00203914 0.000387857 -0.00832017 -0.0171582 0.00180981 0.010396 0.00650183 -0.00135742 0.000680929 0.00238289 0.0230475 0.000496282 -0.00753346 -0.0108904 0.0272502 0.00989032 0.0236185 0.00271138 -0.0068865
internal_weight=3720 1973 1899 1733 1250 483 74 1747 203 182 132 1544 1279 107 1172 265 230 50 166 57 109 53
internal_count=3720 1973 1899 1733 1250 483 74 1747 203 182 132 1544 1279 107 1172 265 230 50 166 57 109 53
is_linear=0
shrinkage=0.0104276


Tree=130
num_leaves=20
num_cat=0
split_feature=9 6 7 1 7 0 7 1 8 3 1 3 0 8 1 0 0 0 1
split_gain=99.6884 143.925 173.441 140.61 127.987 247.579 175.9 287.888 248.334 98.9864 92.2651 253.809 215.543 193.018 150.565 133.259 183.722 120.313 59.8622
threshold=2.5000000000000004 1.0000000180025095e-35 0.69554457121156443 19.500000000000004 0.011325859094010101 16.500000000000004 0.16775933788214709 6.5000000000000009 2.5000000000000004 6.049399492719167 21.500000000000004 7.7120808136449526 16.500000000000004 1.5000000000000002 20.500000000000004 9.5000000000000018 12.500000000000002 7.5000000000000009 24.500000000000004
decision_type=2 2 2 2 2 2 2 2 2 2 2 2 2 2 2 2 2 2 2
left_child=10 4 3 9 5 -2 7 -6 -8 -3 14 12 13 -12 15 17 -17 -1 -13
right_child=1 2 -4 -5 6 -7 8 -9 -10 -11 11 18 -14 -15 -16 16 -18 -19 -20
leaf_value=-0.0036459452607682189 0.038277185380814517 -0.0041674704964228581 0.015890866568587295 0.0082451529771488084 -0.026826672247216354 -0.0069994903978223633 0.0072164142281780997 -0.0013823623887886433 -0.00026434497710116231 -0.020464324873952697 -0.033804855787293947 -0.001000320924738804 -0.041103295944673358 0.00059824784129855707 0.021087350122607745 0.012073559234943305 -0.0027289754824834866 -0.020105128543956421 0.023613227934212451
leaf_weight=139 29 66 32 37 55 24 803 400 1209 105 25 21 32 61 31 115 440 74 22
leaf_count=139 29 66 32 37 55 24 803 400 1209 105 25 21 32 61 31 115 440 74 22
internal_value=7.97933e-12 0.00100674 -0.00670929 -0.0101862 0.0017416 0.0177745 0.00139715 -0.00445805 0.00272127 -0.0141743 -0.00289437 -0.010096 -0.0179994 -0.00940265 -0.00144324 -0.00235268 0.000338216 -0.00936416 0.0115927
internal_weight=3720 2760 240 208 2520 53 2467 455 2012 171 960 161 118 86 799 768 555 213 43
internal_count=3720 2760 240 208 2520 53 2467 455 2012 171 960 161 118 86 799 768 555 213 43
is_linear=0
shrinkage=0.0104276


Tree=131
num_leaves=25
num_cat=0
split_feature=9 4 8 3 3 0 4 4 9 7 0 3 3 4 4 7 3 3 3 3 0 0 4 3
split_gain=97.6202 143.876 596.288 477.38 335.774 301.486 165.498 162.317 177.438 276.55 209.541 147.664 96.6843 95.5431 180.169 179.769 188.864 174.135 169 305.98 225.318 86.6452 76.8388 15.9761
threshold=2.5000000000000004 11.672347023524869 1.5000000000000002 6.9006555934235445 6.3658303099171851 14.500000000000002 10.581361185473959 11.866310293411541 4.5000000000000009 0.846258922572793 3.5000000000000004 5.4772255750516559 6.2773186580969478 13.227173792428646 13.909566044065995 0.52905150949594704 6.9178848654488103 3.8606685826112943 7.6749437720912281 7.2735659689564907 16.500000000000004 5.5000000000000009 9.6868193392815005 6.4770657671804592
decision_type=2 2 2 2 2 2 2 2 2 2 2 2 2 2 2 2 2 2 2 2 2 2 2 2
left_child=13 2 3 11 5 -4 -6 12 9 -9 -10 -2 -3 17 15 16 -15 -1 19 -16 -20 23 -23 -19
right_child=1 7 4 -5 6 -7 -8 8 10 -11 -12 -13 -14 14 18 -17 -18 21 20 -21 -22 22 -24 -25
leaf_value=0.015902439327115433 0.027535175704078658 -0.0042360470804353664 -0.00022656543299875582 0.062708199609640802 -0.028914768279924785 0.032960379964318297 -0.003916517855866072 0.0019742616636194642 -0.033876034637519453 0.037645266768147424 -0.0025867906349928728 -0.005920895028692497 -0.032956479995034441 0.044547948045355681 -0.0032984863767739937 -0.0031836014898133104 0.0031795263805294836 -0.0013485756335342176 -0.0024898509858006018 -0.034096332869653315 0.023100305544072774 -0.026107651125923566 -0.0092481249948768197 0.011831571261475505
leaf_weight=33 32 26 92 32 46 44 77 1544 24 24 768 26 25 28 285 39 21 20 117 40 55 33 269 20
leaf_count=33 32 26 92 32 46 44 77 1544 24 24 768 26 25 28 285 39 21 20 117 40 55 33 269 20
internal_value=3.18237e-11 0.00099624 0.00725389 0.0303761 -0.000780844 0.0105104 -0.0132655 9.0426e-05 0.000488164 0.00252025 -0.00353495 0.0125376 -0.0183147 -0.00286419 -0.000230368 0.0135222 0.0268186 -0.00697295 -0.00266543 -0.00708899 0.00569305 -0.00918023 -0.0110904 0.0052415
internal_weight=3720 2760 349 90 259 136 123 2411 2360 1568 792 58 51 960 585 88 49 375 497 325 172 342 302 40
internal_count=3720 2760 349 90 259 136 123 2411 2360 1568 792 58 51 960 585 88 49 375 497 325 172 342 302 40
is_linear=0
shrinkage=0.0104276


Tree=132
num_leaves=12
num_cat=0
split_feature=1 1 4 7 7 3 9 3 3 3 7
split_gain=98.9536 131.169 137.741 99.8991 262.345 236.377 212.078 178.886 423.005 261.602 64.1347
threshold=31.500000000000004 28.500000000000004 15.753780806648265 0.54832137687450644 0.56555386899886984 6.9333543135894393 3.5000000000000004 5.7569833370313974 5.9120538692049323 5.3363086938623168 0.49582585643233962
decision_type=2 2 2 2 2 2 2 2 2 2 2
left_child=1 3 10 7 6 -6 -5 9 -9 -1 -3
right_child=-2 2 -4 4 5 -7 -8 8 -10 -11 -12
leaf_value=-0.00061384675044091951 0.017976641248897047 0.0064278642009736441 -0.037353403137567402 0.0052940181732793173 -0.0029147770152776701 0.0061780186208021505 0.04250211164481741 -0.027886502934247659 -0.0020060304392641405 0.013572170168966139 -0.016733255334914588
leaf_weight=552 33 26 20 36 666 583 31 72 1485 190 26
leaf_count=552 33 26 20 36 666 583 31 72 1485 190 26
internal_value=-2.1439e-11 -0.000160898 -0.0140973 0.000116675 0.00240782 0.0013295 0.0225097 -0.00119483 -0.00320282 0.00301869 -0.0051527
internal_weight=3720 3687 72 3615 1316 1249 67 2299 1557 742 52
internal_count=3720 3687 72 3615 1316 1249 67 2299 1557 742 52
is_linear=0
shrinkage=0.0104276


Tree=133
num_leaves=15
num_cat=0
split_feature=2 1 2 4 9 7 8 4 9 4 2 1 7 7
split_gain=98.8938 105.235 163.059 199.785 265.74 204.161 155.916 177.183 1109.29 217.071 124.214 111.562 118.749 4.72709
threshold=8.6428571428571441 13.500000000000002 19.500000000000004 15.207003296631548 4.5000000000000009 0.7649510975891981 5.5000000000000009 10.855392144112175 3.5000000000000004 14.44037533637051 20.357142857142858 12.500000000000002 0.33664445031849827 0.41568951044423103
decision_type=2 2 2 2 2 2 2 2 2 2 2 2 2 2
left_child=-1 6 3 5 -5 -3 7 8 -2 -9 13 12 -8 -4
right_child=1 2 10 4 -6 -7 11 9 -10 -11 -12 -13 -14 -15
leaf_value=0.018546900143454836 -0.013798348865281074 -0.005414497201449181 -0.025497390243643298 0.0069374888435312781 -0.0077216803351689905 0.0082135957700925841 0.023167268197424231 -0.0051013254791193409 0.054471297045396799 0.0031583605003257689 -0.0014648362335453796 -0.0096110380025375905 0.0063531028903809949 -0.032580905700313391
leaf_weight=31 65 1043 20 523 181 135 73 618 43 786 31 28 122 21
leaf_count=31 65 1043 20 523 181 135 73 618 43 786 31 28 122 21
internal_value=-2.6931e-11 -0.000155856 -0.00181543 -0.00122625 0.00316858 -0.0038527 0.0017132 0.000512715 0.0133831 -0.000477313 -0.0172161 0.00985283 0.0126476 -0.0291255
internal_weight=3720 3689 1954 1882 704 1178 1735 1512 108 1404 72 223 195 41
internal_count=3720 3689 1954 1882 704 1178 1735 1512 108 1404 72 223 195 41
is_linear=0
shrinkage=0.0104276


Tree=134
num_leaves=11
num_cat=0
split_feature=1 1 4 0 0 1 8 0 1 5
split_gain=97.2765 127.676 135.458 97.1888 237.545 299.71 219.233 325.241 210.554 155.372
threshold=31.500000000000004 28.500000000000004 14.138390172764355 11.500000000000002 13.500000000000002 7.5000000000000009 2.5000000000000004 9.5000000000000018 16.500000000000004 12.65415813906198
decision_type=2 2 2 2 2 2 2 2 2 2
left_child=1 3 -3 6 5 -5 7 -1 -6 -8
right_child=-2 2 -4 4 8 -7 9 -9 -10 -11
leaf_value=0.0025930932488584611 0.017823658186182707 0.0016396129762286879 -0.027065767739051394 -0.027431221217434819 0.0029516425837396595 -0.0041790297621255674 0.011258686330402013 0.02071138555654373 -0.0042748522533411198 -0.0030704919396400843
leaf_weight=411 33 33 39 74 1221 325 94 146 684 660
leaf_count=411 33 33 39 74 1221 325 94 146 684 660
internal_value=1.84537e-11 -0.000159528 -0.0139091 0.000114323 -0.00117541 -0.00849147 0.00238094 0.00734223 0.000356933 -0.0012841
internal_weight=3720 3687 72 3615 2304 399 1311 557 1905 754
internal_count=3720 3687 72 3615 2304 399 1311 557 1905 754
is_linear=0
shrinkage=0.0104276


Tree=135
num_leaves=13
num_cat=0
split_feature=2 7 2 7 4 1 4 4 2 2 4 7
split_gain=96.7323 101.932 270.61 197.323 188.952 144.902 142.828 137.418 131.535 193.724 159.294 116.665
threshold=8.6428571428571441 0.040506361211769308 12.928571428571431 0.099120481556777815 19.205305226628635 13.500000000000002 17.820580980611748 14.988104098923261 10.928571428571431 10.785714285714286 11.672347023524869 0.027250961960885303
decision_type=2 2 2 2 2 2 2 2 2 2 2 2
left_child=-1 2 5 6 11 -2 7 -3 9 -5 -10 -4
right_child=1 3 4 8 -6 -7 -8 -9 10 -11 -12 -13
leaf_value=0.018343084891601621 0.050375299619219986 -0.013512838386247445 -0.010251986206845223 -0.0040739072980678229 0.030420011724615344 0.013041762752379072 -0.028604659437219054 0.00415584095886297 0.0088831856259115188 -0.034587638249508515 7.8923416184391389e-06 0.01079410033589567
leaf_weight=31 20 117 95 238 20 26 37 81 239 25 2750 41
leaf_count=31 20 117 95 238 20 26 37 81 239 25 2750 41
internal_value=4.09584e-11 -0.000154144 0.00704758 -0.000571336 0.000493716 0.0292737 -0.00979894 -0.00628474 9.54811e-05 -0.00697445 0.000717559 -0.00390721
internal_weight=3720 3689 202 3487 156 46 235 198 3252 263 2989 136
internal_count=3720 3689 202 3487 156 46 235 198 3252 263 2989 136
is_linear=0
shrinkage=0.0104276


Tree=136
num_leaves=13
num_cat=0
split_feature=5 3 5 7 2 2 5 5 2 0 7 2
split_gain=95.9523 369.54 230.719 561.581 171.334 192.754 238.651 217.656 119.081 102.513 169.375 95.2942
threshold=17.034473924761382 6.0395521751360359 16.737414395340434 0.49919894374383444 19.500000000000004 18.071428571428573 16.043660705057096 16.249782541634058 18.071428571428573 22.500000000000004 0.49919894374383444 20.214285714285719
decision_type=2 2 2 2 2 2 2 2 2 2 2 2
left_child=2 -2 4 -4 5 7 -7 -1 -3 10 -10 -6
right_child=1 8 3 -5 11 6 -8 -9 9 -11 -12 -13
leaf_value=0.00029972120677473267 -0.037263711418527336 -0.01833626198023347 -0.0088168058980866108 0.050350535118767269 -0.030832306828595567 0.00058735800568741664 0.025850640208575009 -0.012169591658238893 -0.016866120427820902 0.024735107798494659 0.020745577390808911 -0.0032666282571251677
leaf_weight=3128 36 25 37 33 30 97 70 160 30 26 23 25
leaf_count=3128 36 25 37 33 30 97 70 160 30 26 23 25
internal_value=1.32718e-11 -0.00846873 0.00033118 0.0190764 -4.26562e-05 0.000248021 0.0111768 -0.000307058 0.00149876 0.00777566 -0.000544063 -0.0183025
internal_weight=3720 140 3580 70 3510 3455 167 3288 104 79 53 55
internal_count=3720 140 3580 70 3510 3455 167 3288 104 79 53 55
is_linear=0
shrinkage=0.0104276


Tree=137
num_leaves=9
num_cat=0
split_feature=1 1 4 3 7 3 8 7
split_gain=95.4491 124.639 132.759 97.6792 128.952 315.931 184.558 63.0388
threshold=31.500000000000004 28.500000000000004 15.753780806648265 11.039964297125545 0.54832137687450644 6.9333543135894393 5.5000000000000009 0.49582585643233962
decision_type=2 2 2 2 2 2 2 2
left_child=1 3 7 4 6 -6 -1 -3
right_child=-2 2 -4 -5 5 -7 -8 -9
leaf_value=-0.0024480543779694937 0.0176554460372342 0.006519461384232551 -0.03657475817029783 -0.021792731770165333 -0.0018523626526555012 0.0084576942015986041 0.00602369515588746 -0.016442919162782309
leaf_weight=1965 33 26 20 22 706 596 326 26
leaf_count=1965 33 26 20 22 706 596 326 26
internal_value=9.17314e-12 -0.000158023 -0.0137431 0.000112552 0.000246678 0.00286714 -0.00124256 -0.00496173
internal_weight=3720 3687 72 3615 3593 1302 2291 52
internal_count=3720 3687 72 3615 3593 1302 2291 52
is_linear=0
shrinkage=0.0104276


Tree=138
num_leaves=15
num_cat=0
split_feature=5 3 5 7 5 4 5 0 3 3 3 8 5 5
split_gain=93.7504 361.457 226.186 549.023 164.649 206.714 360.608 168.841 112.119 334.464 123.084 77.6349 247.3 34.8915
threshold=17.034473924761382 6.0395521751360359 16.737414395340434 0.49919894374383444 16.291758455811983 17.289398909768494 15.965178317552272 11.500000000000002 5.8858179594575697 6.9710282727036583 5.2417736002416664 2.5000000000000004 17.294418306914732 17.616286828284483
decision_type=2 2 2 2 2 2 2 2 2 2 2 2 2 2
left_child=2 -2 4 -4 5 7 -7 -1 10 -10 -6 13 -13 -3
right_child=1 11 3 -5 8 6 -8 -9 9 -11 -12 12 -14 -15
leaf_value=0.0028614188912766147 -0.036849332767749217 -0.017711303981793478 -0.0086920423329888384 0.049809991643973546 -0.0077668310009090785 0.0015424430467200132 0.027304642227053352 -0.0022203196846496674 0.017979592442040535 -0.014774329641270243 -0.040322589050836792 0.03919006370367601 -0.0061105611183493802 0.00045202188745816283
leaf_weight=1150 36 23 37 33 28 205 83 1862 49 110 23 20 38 23
leaf_count=1150 36 23 37 33 28 205 83 1862 49 110 23 20 38 23
internal_value=5.27412e-11 -0.008371 0.000327357 0.0188875 -4.27876e-05 0.000526934 0.00896697 -0.000280081 -0.00899556 -0.00468035 -0.0224488 0.00148689 0.00951034 -0.00862964
internal_weight=3720 140 3580 70 3510 3300 288 3012 210 159 51 104 58 46
internal_count=3720 140 3580 70 3510 3300 288 3012 210 159 51 104 58 46
is_linear=0
shrinkage=0.0104276


Tree=139
num_leaves=14
num_cat=0
split_feature=2 5 4 5 0 9 0 7 1 4 4 5 8
split_gain=95.0895 102.613 306.234 278.504 222.955 210.651 202.142 187.948 291.751 215.383 214.889 144.695 43.888
threshold=8.9285714285714306 14.010373983056075 13.018793629486407 13.944406416322138 3.5000000000000004 2.5000000000000004 20.500000000000004 0.54832137687450644 3.5000000000000004 11.326143496166738 11.705850804872407 16.270583358154429 2.5000000000000004
decision_type=2 2 2 2 2 2 2 2 2 2 2 2 2
left_child=12 2 4 6 -2 -6 -4 9 -9 -3 -10 -11 -1
right_child=1 7 3 -5 5 -7 -8 8 10 11 -12 -13 -14
leaf_value=0.0025467596443310846 -0.028274765233593197 -0.034350820434503354 -0.0046040887687659382 -0.038564825388548142 -0.0062218479851152871 0.0058772455970616134 -0.028150794463486412 -0.033658879170890908 0.034632124285296217 0.00070532378407997954 0.0047608493313426176 -0.007795085656263954 0.022625745652453896
leaf_weight=20 27 21 333 34 224 519 45 21 27 1289 869 262 29
leaf_count=20 27 21 333 34 224 519 45 21 27 1289 869 262 29
internal_value=-1.44334e-11 -0.000192613 -0.00272248 -0.00997852 0.00115997 0.00222961 -0.00740727 0.0010088 0.00476053 -0.00117972 0.00566099 -0.000730593 0.0144302
internal_weight=3720 3671 1182 412 770 743 378 2489 917 1572 896 1551 49
internal_count=3720 3671 1182 412 770 743 378 2489 917 1572 896 1551 49
is_linear=0
shrinkage=0.0104276


Tree=140
num_leaves=26
num_cat=0
split_feature=1 0 1 0 0 1 4 7 8 8 0 7 7 1 7 4 8 1 0 4 0 7 7 8 9
split_gain=94.0248 161.268 213.99 186.857 189.099 239.631 175.769 155.312 269.582 176.875 151.098 231.46 190.677 237.167 181.886 371.235 246.687 141.597 252.936 213.436 122.997 245.342 148.247 62.0942 41.711
threshold=13.500000000000002 18.500000000000004 31.500000000000004 22.500000000000004 24.500000000000004 22.500000000000004 12.189326979287282 0.45838697673384565 2.5000000000000004 1.0000000180025095e-35 23.500000000000004 0.77630375097457227 0.81861465225589847 8.5000000000000018 0.41856757364393143 18.49255432513057 5.5000000000000009 17.500000000000004 15.500000000000002 10.177354237885803 26.500000000000004 0.27426826952026812 0.40691040802460149 2.5000000000000004 3.5000000000000004
decision_type=2 2 2 2 2 2 2 2 2 2 2 2 2 2 2 2 2 2 2 2 2 2 2 2 2
left_child=10 2 17 7 5 -5 -6 9 -9 -3 12 20 14 23 16 -16 -1 18 -2 -19 21 -12 -22 -14 -15
right_child=1 3 -4 4 6 -7 -8 8 -10 -11 11 -13 13 24 15 -17 -18 19 -20 -21 22 -23 -24 -25 -26
leaf_value=-0.0043725459703833312 -0.0077875760861830113 -0.044534404909704541 0.029985764159765758 0.0010886104973796011 -0.034098611781216016 0.03526524298088754 -0.0032327315932787369 0.013417254478569804 -0.016649550158766305 -0.014466279230148218 0.038284346444328217 0.041368538645733643 0.017746889428830577 -0.021460476610255318 0.0031679692002293293 0.031383729750199915 0.013148107647006265 -0.018967534009628882 0.011704428745160202 0.0036655486385552627 -0.017973658283355957 0.0030471346753561525 0.010597539448495204 -0.0079261696697343932 -0.040901514618577946
leaf_weight=648 431 26 26 87 23 30 157 55 79 117 31 23 20 30 649 55 101 48 87 807 39 70 40 21 20
leaf_count=648 431 26 26 87 23 30 157 55 79 117 31 23 20 30 649 55 101 48 87 807 39 70 40 21 20
internal_value=3.46363e-11 -0.00155997 0.000349625 -0.00621421 -0.000468487 0.00985185 -0.00717671 -0.0123748 -0.0043087 -0.0199332 0.00176178 0.0102193 0.000649812 -0.0139929 0.00156687 0.00537233 -0.00200995 -0.000211583 -0.00451382 0.00239492 0.00623913 0.0138625 -0.00350723 0.00459727 -0.0292369
internal_weight=3720 1973 1399 574 297 117 180 277 134 143 1747 203 1544 91 1453 704 749 1373 518 855 180 101 79 41 50
internal_count=3720 1973 1399 574 297 117 180 277 134 143 1747 203 1544 91 1453 704 749 1373 518 855 180 101 79 41 50
is_linear=0
shrinkage=0.0104276


Tree=141
num_leaves=29
num_cat=0
split_feature=9 4 8 3 1 3 0 5 0 0 3 3 5 4 8 4 1 4 5 4 3 3 0 3 3 3 5 4
split_gain=93.5278 135.312 580.484 464.504 363.037 328.579 294.335 260.275 416.606 343.32 314.387 250.738 242.616 161.394 155.752 91.6071 178.764 178.583 172.838 236.898 163.042 298.841 222.608 148.625 126.517 349.324 124.051 120.017
threshold=2.5000000000000004 11.672347023524869 1.5000000000000002 6.9006555934235445 11.500000000000002 6.3658303099171851 14.500000000000002 14.010373983056075 20.500000000000004 3.5000000000000004 4.1604706010168817 4.4239607334862976 13.39463387661471 10.581361185473959 2.5000000000000004 13.227173792428646 12.500000000000002 13.909566044065995 13.550681937761434 11.10378243491982 7.6749437720912281 7.2735659689564907 16.500000000000004 3.8606685826112943 7.3694993859810323 6.1023024538361961 14.465370902369409 11.326143496166738
decision_type=2 2 2 2 2 2 2 2 2 2 2 2 2 2 2 2 2 2 2 2 2 2 2 2 2 2 2 2
left_child=15 2 3 4 -2 6 -4 8 9 -3 14 -12 -10 -7 -9 16 18 24 19 -1 21 -19 -22 -18 25 -17 -20 -25
right_child=1 7 5 -5 -6 13 -8 10 12 -11 11 -13 -14 -15 -16 17 23 20 26 -21 22 -23 -24 27 -26 -27 -28 -29
leaf_value=-0.0057910588665569702 0.046889939537103867 -0.038944917174400899 -0.00032311456603283838 0.06175050458296636 -0.0073930166837197393 -0.028688067299343357 0.032467912444095512 0.0008802526887654739 -0.051355445067413373 -0.00065954638960084671 0.027894319621607419 0.0023999769534652432 -0.011629626964728697 -0.0040017036769158295 -0.02451995413186937 0.0028773798673064938 0.01367061573185909 -0.0032476982616964473 -0.022777480007994587 0.028044525177886141 -0.0025725538093543314 -0.033684146688186582 0.022863241504609652 -0.0040466063028264769 -0.0069500551616557844 0.053650402391574231 0.0081900020567323185 -0.021097479963700452
leaf_weight=45 21 27 92 32 37 46 44 42 32 449 43 1713 35 77 70 41 21 285 39 45 117 40 55 67 24 23 22 136
leaf_count=45 21 27 92 32 37 46 44 42 32 449 43 1713 35 77 70 41 21 285 39 45 117 40 55 67 24 23 22 136
internal_value=-3.73774e-11 0.000975135 0.00704368 0.0298574 0.0122612 -0.000883864 0.0102857 9.66942e-05 -0.00625794 -0.0028312 0.00194389 0.00302427 -0.0306032 -0.013234 -0.0149949 -0.00280351 -0.00682675 -0.000224513 0.00194215 0.0111267 -0.00264883 -0.00699372 0.00556099 -0.0127379 0.0134674 0.0211239 -0.0116089 -0.0154699
internal_weight=3720 2760 349 90 58 259 136 2411 543 476 1868 1756 67 123 112 960 375 585 151 90 497 325 172 224 88 64 61 203
internal_count=3720 2760 349 90 58 259 136 2411 543 476 1868 1756 67 123 112 960 375 585 151 90 497 325 172 224 88 64 61 203
is_linear=0
shrinkage=0.0104276


Tree=142
num_leaves=17
num_cat=0
split_feature=2 2 3 2 1 5 1 1 8 4 5 8 5 3 3 9
split_gain=94.4493 228.767 252.956 213.99 223.355 189.067 199.202 177.206 223.823 170.561 162.897 135.829 169.398 133.661 108.424 78.367
threshold=19.500000000000004 18.071428571428573 4.6521877213394225 20.357142857142858 14.500000000000002 16.057855167196909 31.500000000000004 16.500000000000004 5.5000000000000009 18.323573397838395 14.894500689213002 2.5000000000000004 15.769926462086337 6.320789582985741 5.8858179594575697 3.5000000000000004
decision_type=2 2 2 2 2 2 2 2 2 2 2 2 2 2 2 2
left_child=1 5 -3 4 -2 6 10 9 -9 -7 -1 12 -4 -13 -5 -16
right_child=3 2 11 14 -6 7 -8 8 -10 -11 -12 13 -14 -15 15 -17
leaf_value=-0.0014118699912703788 -0.0028889354364330403 -0.024925725521226409 -0.020072351847717881 -0.013047730236933692 -0.03913456533389905 -0.0057815422736089573 0.029771342474476842 -0.011179301625235168 -0.048035897906073315 0.020341760605366431 0.0038427282092296151 0.034679598856928284 0.013419480896810792 0.012567008180427988 0.00087525208780796996 0.029716806764187229
leaf_weight=2073 38 20 24 22 36 154 25 122 21 33 929 46 52 84 20 21
leaf_count=2073 38 20 24 22 36 154 25 122 21 33 929 46 52 84 20 21
internal_value=-4.88458e-11 0.0003249 0.0104799 -0.0084972 -0.0205219 -0.000358754 0.000458332 -0.00785366 -0.0165918 -0.00117155 0.00021422 0.0139173 0.00284311 0.0203915 0.00562711 0.0156478
internal_weight=3720 3583 226 137 74 3357 3027 330 143 187 3002 206 76 130 63 41
internal_count=3720 3583 226 137 74 3357 3027 330 143 187 3002 206 76 130 63 41
is_linear=0
shrinkage=0.0104276


Tree=143
num_leaves=15
num_cat=0
split_feature=5 5 7 4 4 5 4 5 0 7 9 1 10 4
split_gain=91.994 221.005 532.547 167.403 168.103 160.728 198.556 351.592 166.084 117.086 218.684 113.835 135.344 60.0258
threshold=17.034473924761382 16.737414395340434 0.49919894374383444 18.810705281048129 17.820580980611748 16.291758455811983 17.289398909768494 15.965178317552272 11.500000000000002 0.42915757408335492 3.5000000000000004 18.500000000000004 1.0000000180025095e-35 17.872574649303058
decision_type=2 2 2 2 2 2 2 2 2 2 2 2 2 2
left_child=1 5 -3 4 -2 6 8 -8 -1 10 -5 12 -7 -13
right_child=3 2 -4 9 -6 11 7 -9 -10 -11 -12 13 -14 -15
leaf_value=0.0028461095130830959 -0.0044557338039359741 -0.0084919750192940374 0.049125591850872737 -0.033727827808817411 -0.040276234090459467 -0.010398161017959283 0.0014619930472110567 0.026900080952384369 -0.0021939690786076677 0.014634729076971645 0.01225797651753855 -0.012129588148665745 0.011482168761381799 -0.032691577804403994
leaf_weight=1150 29 37 33 22 28 102 205 83 1862 38 23 38 44 26
leaf_count=1150 29 37 33 22 28 102 205 83 1862 38 23 38 44 26
internal_value=3.24238e-12 0.000324277 0.0186706 -0.00829221 -0.0220518 -4.16044e-05 0.000521294 0.00879311 -0.000269636 0.00115712 -0.010224 -0.00888715 -0.00380409 -0.0204829
internal_weight=3720 3580 70 140 57 3510 3300 288 3012 83 45 210 146 64
internal_count=3720 3580 70 140 57 3510 3300 288 3012 83 45 210 146 64
is_linear=0
shrinkage=0.0104276


Tree=144
num_leaves=23
num_cat=0
split_feature=9 6 1 4 1 4 9 8 3 1 1 0 1 3 0 8 1 0 0 0 1 0
split_gain=91.0438 140.759 155.78 291.833 380.456 225.722 118.41 227.044 321.147 160.178 146.477 92.8421 90.879 246.356 205.302 187.885 147.459 130.434 177.906 116.966 87.8887 60.3176
threshold=2.5000000000000004 1.0000000180025095e-35 19.500000000000004 12.793446320290638 11.500000000000002 14.40785398969893 4.5000000000000009 2.5000000000000004 4.4614753058558785 2.5000000000000004 10.500000000000002 14.500000000000002 21.500000000000004 7.7120808136449526 16.500000000000004 1.5000000000000002 20.500000000000004 9.5000000000000018 12.500000000000002 7.5000000000000009 6.5000000000000009 14.500000000000002
decision_type=2 2 2 2 2 2 2 2 2 2 2 2 2 2 2 2 2 2 2 2 2 2
left_child=12 6 3 4 -3 -5 9 8 -8 -2 -11 -4 16 14 15 -14 17 19 -19 -1 -9 -15
right_child=1 2 11 5 -6 -7 7 20 -10 10 -12 -13 13 21 -16 -17 -18 18 -20 -21 -22 -23
leaf_value=-0.0035245077189030734 -0.025284957169429127 0.046452002395526805 -0.0043695844328984776 -0.040201225513300382 -0.01266612770097561 -0.010461295222412121 0.039504312671450735 0.0039900707865764239 0.0021118867996891034 0.008350627027195202 0.0015971268211051634 0.026283232302110073 -0.033385386279420691 -0.001186305423322683 -0.040248233559449065 0.00055722360862970059 0.020971197830619646 0.011984463400378656 -0.0025818881424578615 -0.019753101096324152 -0.0077943289147563927 0.023520699447385225
leaf_weight=139 21 20 21 37 29 111 27 82 333 507 1122 22 25 21 32 61 31 115 440 74 428 22
leaf_count=139 21 20 21 37 29 111 27 82 333 507 1122 22 25 21 32 61 31 115 440 74 428 22
internal_value=2.58711e-12 0.000962098 -0.00666857 -0.0105935 0.0114637 -0.0178963 0.00168883 -0.00142404 0.00491632 0.00333016 0.00369904 0.0113133 -0.00276603 -0.00991332 -0.0176999 -0.00930981 -0.00132584 -0.00222585 0.000436365 -0.00916261 -0.00589958 0.0114545
internal_weight=3720 2760 240 197 49 148 2520 870 360 1650 1629 43 960 161 118 86 799 768 555 213 510 43
internal_count=3720 2760 240 197 49 148 2520 870 360 1650 1629 43 960 161 118 86 799 768 555 213 510 43
is_linear=0
shrinkage=0.0104276


Tree=145
num_leaves=14
num_cat=0
split_feature=2 7 3 1 2 4 1 7 5 5 3 3 7
split_gain=93.8607 100.474 265.307 301.991 296.91 237.237 201.864 187.984 147.218 503.558 208.595 140.987 170.856
threshold=8.6428571428571441 0.040506361211769308 5.9120538692049323 10.500000000000002 13.071428571428573 14.072093326145575 21.500000000000004 0.099120481556777815 14.894500689213002 15.314633149065839 5.7981934789249303 4.4801077021290761 0.065758681759227611
decision_type=2 2 2 2 2 2 2 2 2 2 2 2 2
left_child=-1 2 4 5 -2 -4 -5 11 10 -10 -9 -3 -13
right_child=1 7 3 6 -6 -7 -8 8 9 -11 -12 12 -14
leaf_value=0.018068774833662534 0.018104421802359615 0.016210645361346393 0.061841079893469354 -0.0040077409516929285 -0.028510985760314633 0.0134149955921662 0.031477338324314444 0.0028670295695563696 0.013629766194180638 -0.0008940132937208503 -0.0044809739550671236 -0.002060650623815882 -0.020747692337686773
leaf_weight=31 24 21 22 72 39 22 23 652 342 1077 1181 99 115
leaf_count=31 24 21 22 72 39 22 23 652 342 1077 1181 99 115
internal_value=1.97728e-11 -0.000151838 0.00699818 0.0150436 -0.0107527 0.037628 0.00458338 -0.000566035 8.48096e-05 0.00260643 -0.00186728 -0.00957262 -0.0121028
internal_weight=3720 3689 202 139 63 44 95 3487 3252 1419 1833 235 214
internal_count=3720 3689 202 139 63 44 95 3487 3252 1419 1833 235 214
is_linear=0
shrinkage=0.0104276


Tree=146
num_leaves=15
num_cat=0
split_feature=5 3 5 7 5 4 5 4 1 8 1 7 7 4
split_gain=89.8321 351.719 216.588 521.521 156.678 194.303 344.21 144.454 111.202 132.621 80.9964 112.086 90.6465 58.8452
threshold=17.034473924761382 6.0395521751360359 16.737414395340434 0.49919894374383444 16.291758455811983 17.289398909768494 15.965178317552272 17.009895004831453 18.500000000000004 4.5000000000000009 15.500000000000002 0.49919894374383444 0.47923963526106056 17.872574649303058
decision_type=2 2 2 2 2 2 2 2 2 2 2 2 2 2
left_child=2 -2 4 -4 5 7 -7 -1 9 -6 11 -3 -12 -10
right_child=1 10 3 -5 8 6 -8 -9 13 -11 12 -13 -14 -15
leaf_value=0.00010392498584520197 -0.036286288372036332 -0.00086445952197592953 -0.0083973843192087661 0.048620583566688941 -0.010278594929112306 0.0014429773805303527 0.026612610726444212 -0.014274129566620617 -0.011965265499776733 0.011380513395069658 0.0049805683480163452 0.02977507423212028 -0.024041456003397077 -0.03232404849268327
leaf_weight=2934 36 37 37 33 102 205 83 78 38 44 25 20 22 26
leaf_count=2934 36 37 37 33 102 205 83 78 38 44 25 20 22 26
internal_value=-7.3161e-11 -0.0081942 0.000320443 0.0184825 -4.17631e-05 0.000513997 0.00869673 -0.000268415 -0.00877514 -0.00375119 0.00152999 0.00988625 -0.00860421 -0.020236
internal_weight=3720 140 3580 70 3510 3300 288 3012 210 146 104 57 47 64
internal_count=3720 140 3580 70 3510 3300 288 3012 210 146 104 57 47 64
is_linear=0
shrinkage=0.0104276


Tree=147
num_leaves=14
num_cat=0
split_feature=2 7 2 3 3 7 1 7 3 3 1 2 1
split_gain=91.9023 98.2387 260.548 347.243 247.65 183.952 238.788 242.194 235.361 268.972 196.046 168.464 137.861
threshold=8.6428571428571441 0.040506361211769308 12.928571428571431 6.0395521751360359 5.1570565991016029 0.23072550352129315 31.500000000000004 0.27015960959192747 4.9617585208318564 5.7569833370313974 7.5000000000000009 17.214285714285719 13.500000000000002
decision_type=2 2 2 2 2 2 2 2 2 2 2 2 2
left_child=-1 2 12 4 -4 8 7 -7 10 -10 -3 -5 -2
right_child=1 5 3 11 -6 6 -8 -9 9 -11 -12 -13 -14
leaf_value=0.017879276413700112 0.04931136254739301 0.012035596874925565 -0.0010626614124322773 0.003289752120426244 -0.050096347212533782 0.012715930666284549 0.03664569415565095 -0.00032783006678093038 0.012317091627176043 -0.00531557968040042 -0.021661508369028529 0.033621943548895958 0.012896109078046787
leaf_weight=31 20 22 24 85 21 165 20 2500 114 538 128 26 26
leaf_count=31 20 22 24 85 21 165 20 2500 114 538 128 26 26
internal_value=-3.58869e-11 -0.000150246 0.00691979 0.000488925 -0.023945 -0.00055981 0.00074915 0.000479757 -0.00494205 -0.00223257 -0.0167193 0.0103946 0.0287288
internal_weight=3720 3689 202 156 45 3487 2685 2665 802 652 150 111 46
internal_count=3720 3689 202 156 45 3487 2685 2665 802 652 150 111 46
is_linear=0
shrinkage=0.0104276


Tree=148
num_leaves=28
num_cat=0
split_feature=9 6 1 4 1 4 5 5 3 9 1 4 4 4 1 5 4 3 3 4 3 3 3 5 4 5 8
split_gain=89.4669 137.846 152.278 284.485 370.045 220.557 139.436 184.524 231.718 143.861 125.045 177.542 90.2873 174.392 174.295 169.655 231.772 159.093 290.678 220.461 144.893 123.5 341.762 120.194 116.245 88.9756 48.9331
threshold=2.5000000000000004 1.0000000180025095e-35 19.500000000000004 12.793446320290638 11.500000000000002 14.40785398969893 16.249782541634058 14.654020148029447 5.7383418445233572 3.5000000000000004 20.500000000000004 16.359430279893179 13.227173792428646 13.909566044065995 12.500000000000002 13.550681937761434 11.10378243491982 7.6749437720912281 7.2735659689564907 15.07062339994142 3.8606685826112943 7.3694993859810323 6.1023024538361961 14.465370902369409 11.326143496166738 15.068807265785582 5.5000000000000009
decision_type=2 2 2 2 2 2 2 2 2 2 2 2 2 2 2 2 2 2 2 2 2 2 2 2 2 2 2
left_child=12 6 3 4 -3 -5 7 8 -2 -9 11 -8 14 21 15 16 -1 18 -15 -19 -16 22 -14 -17 -22 -4 -12
right_child=1 2 25 5 -6 -7 10 9 -10 -11 26 -13 13 17 20 23 -18 19 -20 -21 24 -23 -24 -25 -26 -27 -28
leaf_value=-0.0057116915275527164 0.0063575841171766827 0.045805893214597486 -0.0034739769019749202 -0.039736700448722337 -0.012497778119006285 -0.010338969429287363 -0.025509938104323625 0.011973738826243946 -0.0033817483763674419 0.0033330319103586433 -0.011368020657408289 0.0026160083844233612 0.0028654133327222406 -0.0031747679995292456 0.013501985516637434 -0.022496796421002399 0.027755877947246942 0.0259802711581218 -0.033192640526868988 -0.0012834717476456585 -0.0040280491896630792 -0.0068239364119763593 0.053085881457362261 0.0079854257416841264 -0.020808842303232277 0.02653377756312689 -0.029988297010974312
leaf_weight=45 395 20 22 37 29 111 28 295 811 723 57 190 41 285 21 39 45 43 40 129 67 24 23 22 136 21 21
leaf_count=45 395 20 22 37 29 111 28 295 811 723 57 190 41 285 21 39 45 43 40 129 67 24 23 22 136 21 21
internal_value=-1.79192e-11 0.00095373 -0.00659758 -0.0104782 0.0112996 -0.0176884 0.0016729 0.00256775 -0.000191834 0.00583697 -0.00505057 -0.000996499 -0.00274197 -0.00018162 -0.00673613 0.00192247 0.0110221 -0.00257733 -0.00686928 0.00553246 -0.0125729 0.0133487 0.0209134 -0.0115032 -0.0152704 0.011181 -0.0163812
internal_weight=3720 2760 240 197 49 148 2520 2224 1206 1018 296 218 960 585 375 151 90 497 325 172 224 88 64 61 203 43 78
internal_count=3720 2760 240 197 49 148 2520 2224 1206 1018 296 218 960 585 375 151 90 497 325 172 224 88 64 61 203 43 78
is_linear=0
shrinkage=0.0104276


Tree=149
num_leaves=19
num_cat=0
split_feature=2 2 7 7 2 1 7 4 2 1 4 0 3 4 4 3 3 7
split_gain=90.9265 221.327 446.245 211.658 209.97 215.467 200.982 227.763 177.105 367.362 351.415 162.691 148.045 146.618 247.714 205.782 101.175 76.749
threshold=19.500000000000004 18.071428571428573 0.44576807838270699 0.061435934677514313 20.357142857142858 14.500000000000002 0.75516464203108058 18.175661619254967 17.357142857142858 16.500000000000004 17.289398909768494 17.500000000000004 6.2163376255910707 15.658689860371426 16.428423758279553 9.5518634432290366 7.7120808136449526 0.43179026241201307
decision_type=2 2 2 2 2 2 2 2 2 2 2 2 2 2 2 2 2 2
left_child=1 8 3 -3 5 -2 7 -4 13 10 -10 -6 -11 15 -15 -1 -5 -13
right_child=4 2 6 16 11 -7 -8 -9 9 12 -12 17 -14 14 -16 -17 -18 -19
leaf_value=-0.00040160810744676619 -0.0029296656050245831 0.025566634096991742 0.0034756925659437036 -0.017934705012198508 0.028529592755565023 -0.03852945623463299 0.056101447848822185 0.038399867323313824 -0.01813731455505177 -0.053017524906455185 0.017300805997962996 -0.021240259229964732 -0.019366197659302968 0.011639280858737904 -0.0006565762083509427 -0.016137617388909002 0.0034049050771142956 0.0073019930327301421
leaf_weight=2335 38 23 45 61 22 36 20 37 58 21 64 20 44 298 443 94 40 21
leaf_count=2335 38 23 45 61 22 36 20 37 58 21 64 20 44 298 443 94 40 21
internal_value=2.071e-11 0.000318783 0.0103073 -0.00298216 -0.00833723 -0.0202485 0.026463 0.0192342 -0.000353662 -0.0102149 0.000453175 0.00565377 -0.0302382 0.00022806 0.00428832 -0.00101058 -0.00948337 -0.00662106
internal_weight=3720 3583 226 124 137 74 102 82 3357 187 122 63 65 3170 741 2429 101 41
internal_count=3720 3583 226 124 137 74 102 82 3357 187 122 63 65 3170 741 2429 101 41
is_linear=0
shrinkage=0.0104276


Tree=150
num_leaves=15
num_cat=0
split_feature=2 5 4 5 0 4 9 4 0 5 0 4 1 8
split_gain=89.914 95.3807 295.232 272.511 214.708 200.192 199.808 146.55 420.49 166.984 237.114 153.987 126.121 43.7622
threshold=8.9285714285714306 14.010373983056075 13.018793629486407 13.944406416322138 3.5000000000000004 15.207003296631548 2.5000000000000004 13.111006111798998 6.5000000000000009 15.555068591720476 23.500000000000004 12.911293469759967 28.500000000000004 2.5000000000000004
decision_type=2 2 2 2 2 2 2 2 2 2 2 2 2 2
left_child=13 2 4 5 -2 -4 -6 8 -3 12 -11 -10 -9 -1
right_child=1 7 3 -5 6 -7 -8 9 11 10 -12 -13 -14 -15
leaf_value=0.0021656149768754835 -0.027699556839058417 0.034134690116398025 -0.010793420760749321 -0.038027958829942567 -0.0059957137229903522 0.008851486326725614 0.0057878827691204499 0.004983525731661699 -0.0066347928342418141 -0.0037812384992322828 0.0096669249686685502 -0.02953446588620031 -0.016319466405981253 0.022215791608029997
leaf_weight=20 27 26 309 34 224 69 519 1199 233 789 174 37 31 29
leaf_count=20 27 26 309 34 224 69 519 1199 233 789 174 37 31 29
internal_value=2.23612e-11 -0.000187298 -0.00262638 -0.00975089 0.00118569 -0.00720745 0.00223536 0.000970997 -0.00591615 0.00190059 -0.00135135 -0.0097729 0.00444662 0.014032
internal_weight=3720 3671 1182 412 770 378 743 2489 296 2193 963 270 1230 49
internal_count=3720 3671 1182 412 770 378 743 2489 296 2193 963 270 1230 49
is_linear=0
shrinkage=0.0104276


Tree=151
num_leaves=8
num_cat=0
split_feature=1 1 4 3 7 3 3
split_gain=87.6621 119.083 129.292 94.7979 118.91 309.469 178.648
threshold=31.500000000000004 28.500000000000004 14.138390172764355 11.039964297125545 0.54832137687450644 6.9333543135894393 5.7569833370313974
decision_type=2 2 2 2 2 2 2
left_child=1 3 -3 4 6 -6 -1
right_child=-2 2 -4 -5 5 -7 -8
leaf_value=0.0030223180313876789 0.016919939116029972 0.0017604675460296923 -0.026284014618145914 -0.021466749664831405 -0.0019094569258597152 0.0082946050736115128 -0.0032002429780213421
leaf_weight=742 33 33 39 22 706 596 1549
leaf_count=742 33 33 39 22 706 596 1549
internal_value=-6.27933e-13 -0.00015144 -0.0134303 0.000113035 0.000245169 0.00276153 -0.0011849
internal_weight=3720 3687 72 3615 3593 1302 2291
internal_count=3720 3687 72 3615 3593 1302 2291
is_linear=0
shrinkage=0.0104276


Tree=152
num_leaves=18
num_cat=0
split_feature=2 2 7 7 2 1 7 5 1 1 8 5 5 7 3 7 7
split_gain=89.0223 216.531 435.219 207.356 205.899 210.996 196.753 180.724 191.816 168.446 213.515 153.569 146.306 132.131 104.775 83.8745 59.1305
threshold=19.500000000000004 18.071428571428573 0.44576807838270699 0.061435934677514313 20.357142857142858 14.500000000000002 0.75516464203108058 16.057855167196909 31.500000000000004 16.500000000000004 5.5000000000000009 14.894500689213002 16.661330532157159 0.18817418234286687 5.8858179594575697 0.42915757408335492 0.60007563442834455
decision_type=2 2 2 2 2 2 2 2 2 2 2 2 2 2 2 2 2
left_child=1 7 3 -3 5 -2 16 8 11 13 -11 -1 -5 -9 -6 -16 -4
right_child=4 2 6 12 14 -7 -8 9 -10 10 -12 -13 -14 -15 15 -17 -18
leaf_value=-0.0013692265362053777 -0.0029064821100316775 0.025328063102508295 0.028525962352518155 -0.002165820782069281 -0.012752715829989969 -0.038134981230147975 0.05547500399668618 -0.016508527967731477 0.029213654427844189 -0.010910393198254894 -0.046908329403159678 0.00373269896636746 -0.031246148190978429 0.003844019485952822 0.00090079801573776685 0.030738610336863904 0.010768567011674246
leaf_weight=2073 38 23 38 76 22 36 20 46 25 122 21 929 25 141 21 20 44
leaf_count=2073 38 23 38 76 22 36 20 46 25 122 21 929 25 141 21 20 44
internal_value=5.41878e-11 0.000315427 0.0101951 -0.00292912 -0.00824946 -0.0200447 0.02615 -0.000349692 0.000449162 -0.00767736 -0.0161968 0.000209617 -0.00936392 -0.00116249 0.00560523 0.0154558 0.0189976
internal_weight=3720 3583 226 124 137 74 102 3357 3027 330 143 3002 101 187 63 41 82
internal_count=3720 3583 226 124 137 74 102 3357 3027 330 143 3002 101 187 63 41 82
is_linear=0
shrinkage=0.0104276


Tree=153
num_leaves=17
num_cat=0
split_feature=2 1 1 0 5 0 8 5 0 9 2 2 9 2 5 8
split_gain=88.1497 92.5585 236.762 295.333 334.543 190.883 182.974 321.091 239.457 182.399 163.488 157.267 156.603 104.242 113.634 100.428
threshold=8.6428571428571441 15.500000000000002 18.500000000000004 8.5000000000000018 12.820273303241324 5.5000000000000009 4.5000000000000009 15.790873342820621 11.500000000000002 4.5000000000000009 10.642857142857144 13.500000000000002 3.5000000000000004 11.785714285714286 13.05677546761016 2.5000000000000004
decision_type=2 2 2 2 2 2 2 2 2 2 2 2 2 2 2 2
left_child=-1 5 13 4 -4 9 8 -8 -7 10 -2 -11 -5 15 -15 -3
right_child=1 2 3 12 -6 6 7 -9 -10 11 -12 -13 -14 14 -16 -17
leaf_value=0.017510444699850674 0.024064593544270357 -0.0038033149265665196 -0.023225604937743279 -0.0071337696062472259 0.015023825963883186 0.0068001012418808871 0.0034289509524819211 0.023964382008061121 -0.0025469326089951221 -0.042984346824030718 -0.007596951639521194 -0.0049362505976504193 0.0020933593862143248 0.012065516505375851 -0.0072293911363184036 -0.027691756477052444
leaf_weight=31 21 31 28 377 222 430 406 104 971 27 114 21 426 36 425 50
leaf_count=31 21 31 28 377 222 430 406 104 971 27 114 21 426 36 425 50
internal_value=2.15108e-11 -0.000147147 -0.00203969 0.000842652 0.0107399 0.00129441 0.00226867 0.00761657 0.000321893 -0.00887942 -0.00267182 -0.0263383 -0.00223868 -0.00763953 -0.00572263 -0.0185493
internal_weight=3720 3689 1595 1053 250 2094 1911 510 1401 183 135 48 803 542 461 81
internal_count=3720 3689 1595 1053 250 2094 1911 510 1401 183 135 48 803 542 461 81
is_linear=0
shrinkage=0.0104276


Tree=154
num_leaves=17
num_cat=0
split_feature=2 2 7 7 2 1 7 4 5 1 1 8 4 4 5 1
split_gain=87.2237 211.881 425.733 203.556 201.515 206.1 192.741 223.036 178.394 187.563 163.666 208.709 163.567 154.394 143.56 91.3566
threshold=19.500000000000004 18.071428571428573 0.44576807838270699 0.061435934677514313 20.357142857142858 14.500000000000002 0.75516464203108058 18.175661619254967 16.057855167196909 31.500000000000004 16.500000000000004 5.5000000000000009 18.323573397838395 14.324538393890881 16.661330532157159 12.500000000000002
decision_type=2 2 2 2 2 2 2 2 2 2 2 2 2 2 2 2
left_child=1 8 3 -3 5 -2 7 -4 9 13 12 -12 -10 -1 -5 -6
right_child=4 2 6 14 15 -7 -8 -9 10 -11 11 -13 -14 -15 -16 -17
leaf_value=-0.0018277364149941195 -0.0028964594554238693 0.025101891505788902 0.003192139891216686 -0.0021405060929728255 0.020040232248415162 -0.037713899500742866 0.054889783415460455 0.037751996859899675 -0.0057187108030930054 0.028891778066680706 -0.0107971285794506 -0.046387589100190925 0.019863354017328791 0.002953972835822714 -0.030946686746018102 -0.005333941019368342
leaf_weight=1722 38 23 45 76 27 36 20 37 154 25 122 21 33 1280 25 36
leaf_count=1722 38 23 45 76 27 36 20 37 154 25 122 21 33 1280 25 36
internal_value=2.37174e-12 0.000312225 0.0100852 -0.00289518 -0.0081657 -0.0198347 0.0258654 0.0187862 -0.000345714 0.000447974 -0.007626 -0.0160237 -0.00120423 0.0002111 -0.00927075 0.0055407
internal_weight=3720 3583 226 124 137 74 102 82 3357 3027 330 143 187 3002 101 63
internal_count=3720 3583 226 124 137 74 102 82 3357 3027 330 143 187 3002 101 63
is_linear=0
shrinkage=0.0104276


Tree=155
num_leaves=16
num_cat=0
split_feature=2 5 4 3 5 3 2 3 4 3 1 2 3 4 3
split_gain=86.8511 90.9984 290.462 286.989 266.289 232.726 212.249 330.835 194.907 172.293 165.093 243.03 126.563 121.471 43.0893
threshold=8.9285714285714306 14.010373983056075 13.018793629486407 3.8606685826112943 13.944406416322138 3.6774675532904193 11.071428571428573 4.3369947901195163 15.207003296631548 5.1130086194780811 13.500000000000002 11.214285714285717 3.4364987719369018 13.703667826560952 5.214446791510122
decision_type=2 2 2 2 2 2 2 2 2 2 2 2 2 2 2
left_child=14 2 6 5 8 12 9 -8 -4 -2 13 -12 -3 -5 -1
right_child=1 3 4 10 -6 -7 7 -9 -10 -11 11 -13 -14 -15 -16
leaf_value=0.0056703959670866364 0.0042017628687835134 -0.015250264165002084 -0.010657263624698526 -0.0030234077591603501 -0.037585597572769185 -0.041700085711523928 0.03249980157349093 0.0025730754169727998 0.008726602600709352 -0.013047284683308302 0.031414242097065948 -0.0014187569972690004 0.010706565686160869 0.0063163941106241933 0.025565821509707914
leaf_weight=29 103 64 309 182 34 27 44 461 69 162 25 1260 30 901 20
leaf_count=29 103 64 309 182 34 27 44 461 69 162 25 1260 30 901 20
internal_value=2.03269e-11 -0.00018408 -0.00256647 0.000947292 -0.00963318 -0.0147167 0.00121468 0.00518055 -0.00711894 -0.00634294 0.00174769 -0.000779983 -0.00696617 0.00474682 0.013791
internal_weight=3720 3671 1182 2489 412 121 770 505 378 265 2368 1285 94 1083 49
internal_count=3720 3671 1182 2489 412 121 770 505 378 265 2368 1285 94 1083 49
is_linear=0
shrinkage=0.0104276


Tree=156
num_leaves=21
num_cat=0
split_feature=7 3 1 7 1 7 0 3 1 7 5 3 5 5 1 3 3 8 1 7
split_gain=86.4362 265.176 294.006 216.439 197.881 165.797 162.298 135.02 162.416 390.456 124.317 122.848 120.385 487.919 314.971 256.334 193.426 365.678 304.134 106.28
threshold=0.040506361211769308 5.9120538692049323 10.500000000000002 0.027250961960885303 21.500000000000004 0.099120481556777815 18.500000000000004 4.4801077021290761 8.5000000000000018 0.068925873025850362 14.371766952860956 5.9641787843280305 14.894500689213002 15.314633149065839 20.500000000000004 4.1604706010168817 5.7981934789249303 2.5000000000000004 10.500000000000002 0.016561504864339455
decision_type=2 2 2 2 2 2 2 2 2 2 2 2 2 2 2 2 2 2 2 2
left_child=1 3 19 10 6 7 -4 -2 9 -9 -1 -10 16 14 -14 -15 18 -18 -7 -3
right_child=5 2 4 -5 -6 12 -8 8 11 -11 -12 -13 13 15 -16 -17 17 -19 -20 -21
leaf_value=-0.0046758321751830204 0.015276011055326336 0.052472596517088563 0.0083651475429825477 0.017495054460694472 0.031009355664661408 0.013469746830421922 -0.023749461269255194 0.0018806657619524123 -0.021564483807846337 -0.060245457016536219 -0.039876929947339969 -0.0015345171232874276 0.0087527200994781673 -0.022059226203544252 0.035063443479701625 0.00029686928820264464 0.0023875839116142502 -0.009252615745047885 -0.0017299217992856962 0.020026441748107297
leaf_weight=20 23 23 44 20 23 207 28 22 45 22 24 128 282 59 60 1018 531 656 464 21
leaf_count=20 23 23 44 20 23 207 28 22 45 22 24 128 282 59 60 1018 531 656 464 21
internal_value=1.00309e-11 0.00661606 0.014703 -0.0109478 0.00438207 -0.000381877 -0.00412387 -0.0087479 -0.0112942 -0.0291824 -0.0238764 -0.00674462 0.000230832 0.00251782 0.0133686 -0.000927838 -0.0015158 -0.00404542 0.0029591 0.0369869
internal_weight=3720 203 139 64 95 3517 72 240 217 44 44 173 3277 1419 342 1077 1858 1187 671 44
internal_count=3720 203 139 64 95 3517 72 240 217 44 44 173 3277 1419 342 1077 1858 1187 671 44
is_linear=0
shrinkage=0.0104276


Tree=157
num_leaves=22
num_cat=0
split_feature=9 6 1 2 2 2 5 2 5 3 1 5 9 2 5 5 1 1 3 0 2
split_gain=85.586 135.648 148.428 300.652 413.565 222.418 133.16 177.189 172.007 221.72 161.58 142.567 98.1261 92.8049 172.512 194.562 134.492 192.483 184.722 151.649 128.686
threshold=2.5000000000000004 1.0000000180025095e-35 19.500000000000004 14.928571428571431 15.642857142857144 14.928571428571431 16.249782541634058 15.785714285714286 14.654020148029447 5.7383418445233572 18.500000000000004 14.764147859965599 3.5000000000000004 18.071428571428573 16.912558006388416 15.89383194328604 21.500000000000004 20.500000000000004 4.5355736761107126 9.5000000000000018 14.214285714285717
decision_type=2 2 2 2 2 2 2 2 2 2 2 2 2 2 2 2 2 2 2 2 2
left_child=13 6 3 12 -5 -4 8 -8 9 -2 -9 -10 -3 16 15 -15 17 19 -18 -1 -20
right_child=1 2 5 4 -6 -7 7 10 11 -11 -12 -13 -14 14 -16 -17 18 -19 20 -21 -22
leaf_value=-0.010495338580495193 0.0062629354881744174 -0.010200618691364141 -0.01443789088706075 -0.056196192603772385 -0.009556886348882453 0.033109320809022874 -0.034894906840286656 0.0026607852851945136 0.02140979411049539 -0.0032639770530122807 -0.014512073671157389 0.0047091848031916728 0.011357294226017979 -0.0011743628278502118 -0.010046530350956328 0.042725838694614646 -0.042260269531616206 0.024033928856062536 -0.018067766870244077 0.00013901534664040573 0.0032221955021784791
leaf_weight=205 395 38 20 29 72 23 20 189 59 811 87 959 58 21 32 23 20 30 66 505 58
leaf_count=205 395 38 20 29 72 23 20 189 59 811 87 959 58 21 32 23 20 30 66 505 58
internal_value=9.01835e-12 0.000932816 -0.00655804 -0.0103893 -0.0229484 0.0109943 0.00164623 -0.00492419 0.00252071 -0.000143637 -0.0027524 0.0056771 0.00282395 -0.00268184 0.00837557 0.0217735 -0.00363248 -0.00183828 -0.0128527 -0.00293147 -0.00810956
internal_weight=3720 2760 240 197 101 43 2520 296 2224 1206 276 1018 96 960 76 44 884 740 144 710 124
internal_count=3720 2760 240 197 101 43 2520 296 2224 1206 276 1018 96 960 76 44 884 740 144 710 124
is_linear=0
shrinkage=0.0104276


Tree=158
num_leaves=15
num_cat=0
split_feature=2 7 2 3 3 7 2 2 2 2 3 4 7 9
split_gain=85.7596 93.7679 255.58 331.815 242.074 175.756 160.002 134.352 184.752 125.33 224.306 158.469 98.6465 66.8934
threshold=8.6428571428571441 0.040506361211769308 12.928571428571431 6.0395521751360359 5.1570565991016029 0.099120481556777815 17.214285714285719 16.928571428571434 16.071428571428573 10.928571428571431 6.2163376255910707 11.672347023524869 0.072912235634577174 3.5000000000000004
decision_type=2 2 2 2 2 2 2 2 2 2 2 2 2 2
left_child=-1 2 13 4 -4 7 -5 8 -3 10 -7 -11 -9 -2
right_child=1 5 3 6 -6 9 -8 12 -10 11 -12 -13 -14 -15
leaf_value=0.017271425394434832 0.016322908782105881 -0.0092463081668893356 -0.00086882834894038764 0.0031519225175486516 -0.049347343687670554 0.00012874243816755036 0.032712447322361553 -0.011086099376336202 0.021248036483111719 0.0088357197264875269 -0.020168597868307759 -1.6549465785602888e-05 -0.040231344901386488 0.041496094506774127
leaf_weight=31 24 159 24 85 21 173 26 28 25 239 90 2750 23 22
leaf_count=31 24 159 24 85 21 173 26 28 25 239 90 2750 23 22
internal_value=-4.31847e-11 -0.000145138 0.00676215 0.000392891 -0.0234921 -0.000545274 0.010076 -0.00925402 -0.00510305 8.40482e-05 -0.00681712 0.000691277 -0.02423 0.0283623
internal_weight=3720 3689 202 156 45 3487 111 235 184 3252 263 2989 51 46
internal_count=3720 3689 202 156 45 3487 111 235 184 3252 263 2989 51 46
is_linear=0
shrinkage=0.0104276


Tree=159
num_leaves=19
num_cat=0
split_feature=2 2 3 2 2 4 3 0 4 4 3 8 0 5 8 5 5 8
split_gain=84.8585 204.947 240.135 197.101 174.046 276.799 269.849 159.54 138.725 242.147 198.901 133.665 308.008 162.633 112.442 117.953 86.9707 18.8217
threshold=19.500000000000004 18.071428571428573 4.6521877213394225 20.357142857142858 17.357142857142858 17.289398909768494 6.2943663397555518 17.500000000000004 15.658689860371426 16.428423758279553 9.5518634432290366 2.5000000000000004 10.500000000000002 15.769926462086337 1.5000000000000002 16.498026898258573 16.307379035362978 2.5000000000000004
decision_type=2 2 2 2 2 2 2 2 2 2 2 2 2 2 2 2 2 2
left_child=1 4 -3 14 8 6 -6 -5 10 -10 -1 13 -13 -4 -2 -16 -7 -9
right_child=3 2 11 7 5 16 -8 17 9 -11 -12 12 -14 -15 15 -17 -18 -19
leaf_value=-0.00036857967408048778 -0.038147645452941741 -0.024576912943989192 -0.020169907711201328 0.028154455741136741 -0.053147785409770394 0.0115599954990725 -0.012398211280397491 -0.013549071663743386 0.011454911609194976 -0.00070201278616895872 -0.015839261102287276 -0.017950923929508495 0.026535329341056221 0.012646293766846301 -0.028757721234435169 0.0035073947536727935 -0.0083291148882883685 0.00058547149881377355
leaf_weight=2335 24 20 24 22 24 51 67 21 298 443 94 20 110 52 22 28 45 20
leaf_count=2335 24 20 24 22 24 51 67 21 298 443 94 20 110 52 22 28 45 20
internal_value=3.62375e-11 0.000307962 0.00991973 -0.00805423 -0.000339121 -0.0101149 -0.0231454 0.00550122 0.000237555 0.00418701 -0.00096728 0.0132689 0.0196913 0.00228328 -0.0195947 -0.0106893 0.00223698 -0.00665417
internal_weight=3720 3583 226 137 3357 187 91 63 3170 741 2429 206 130 76 74 50 96 41
internal_count=3720 3583 226 137 3357 187 91 63 3170 741 2429 206 130 76 74 50 96 41
is_linear=0
shrinkage=0.0104276


Tree=160
num_leaves=13
num_cat=0
split_feature=5 3 5 7 2 2 5 5 2 1 2 8
split_gain=84.6991 339.178 213.684 503.64 157.403 162.431 223.916 192.473 112.208 115.817 86.3157 71.2296
threshold=17.034473924761382 6.0395521751360359 16.737414395340434 0.49919894374383444 19.500000000000004 18.071428571428573 16.043660705057096 16.249782541634058 18.071428571428573 15.500000000000002 20.214285714285719 2.5000000000000004
decision_type=2 2 2 2 2 2 2 2 2 2 2 2
left_child=2 -2 4 -4 5 7 -7 -1 -3 11 -6 -10
right_child=1 8 3 -5 10 6 -8 -9 9 -11 -12 -13
leaf_value=0.00029104046738675935 -0.035543358680730837 -0.017661492785494465 -0.0080640521339227483 0.047967918990953734 -0.029475303711321718 5.0840724586147799e-06 0.024476007790306228 -0.011434758578527264 0.0063883977791706929 -0.0068396146682508973 -0.0032403498802543737 0.032685385992951108
leaf_weight=3128 36 25 37 33 30 97 70 160 24 34 25 21
leaf_count=3128 36 25 37 33 30 97 70 160 24 34 25 21
internal_value=-7.83346e-12 -0.00795665 0.000311154 0.018351 -4.86157e-05 0.000229993 0.0102624 -0.000279558 0.0015926 0.00768567 -0.0175503 0.0186603
internal_weight=3720 140 3580 70 3510 3455 167 3288 104 79 55 45
internal_count=3720 140 3580 70 3510 3455 167 3288 104 79 55 45
is_linear=0
shrinkage=0.0104276


Tree=161
num_leaves=22
num_cat=0
split_feature=9 4 1 4 5 0 0 3 3 5 4 1 4 7 7 3 7 4 3 1 4
split_gain=83.838 129.908 293.247 315.09 238.372 404.699 326.616 295.947 243.159 237.401 212.692 181.898 253.945 113.545 94.2536 187.39 153.953 214.065 148.507 148.032 141.209
threshold=2.5000000000000004 11.672347023524869 10.500000000000002 10.049380507584218 14.010373983056075 20.500000000000004 3.5000000000000004 4.1604706010168817 4.4239607334862976 13.39463387661471 11.160519023970393 26.500000000000004 11.414747953241234 0.15565847947566844 0.12348188893391697 3.0078843751231035 0.10179469516679256 16.725429451197371 3.7859388972001922 14.500000000000002 13.301115901108743
decision_type=2 2 2 2 2 2 2 2 2 2 2 2 2 2 2 2 2 2 2 2 2
left_child=14 2 3 -2 5 6 -3 13 -9 -7 -5 12 -4 -6 16 -16 17 19 -17 -1 -20
right_child=1 4 11 10 7 9 -8 8 -10 -11 -12 -13 -14 -15 15 18 -18 -19 20 -21 -22
leaf_value=0.005623383547544024 0.05505304908391561 -0.03786567421270004 -0.0066596191735455333 0.00018860470724396043 0.0066316675949950853 -0.050541689435050545 -0.00052328031100088172 0.027369796611406046 0.0022637165253331097 -0.011245149459592709 0.039508343108043957 0.030322024583783302 0.022526568134770684 -0.019795209346018784 0.024143136724300036 -0.028887553403799209 0.027708126122006713 0.028834279000936797 -0.0094876988403825441 -0.021915937370216944 -0.0003881865125405515
leaf_weight=44 24 27 192 52 22 32 449 43 1713 35 21 21 39 90 25 27 27 22 308 41 466
leaf_count=44 24 27 192 52 22 32 449 43 1713 35 21 21 39 90 25 27 27 22 308 41 466
internal_value=2.09005e-11 0.00092324 0.00686936 0.0222758 6.25198e-05 -0.00601886 -0.00264144 0.00183029 0.0028785 -0.0300136 0.0114998 0.000939094 -0.00173208 -0.0146042 -0.00265432 -0.00397033 0.00545783 -0.000156733 -0.00484778 -0.00766029 -0.00400918
internal_weight=3720 2760 349 97 2411 543 476 1868 1756 67 73 252 231 112 960 826 134 107 801 85 774
internal_count=3720 2760 349 97 2411 543 476 1868 1756 67 73 252 231 112 960 826 134 107 801 85 774
is_linear=0
shrinkage=0.0104276


Tree=162
num_leaves=15
num_cat=0
split_feature=5 3 5 7 5 4 5 4 3 3 1 3 5 7
split_gain=83.3308 331.673 208.658 493.149 147.582 179.101 333.566 143.638 106.009 322.299 194.218 74.998 100.818 76.9115
threshold=17.034473924761382 6.0395521751360359 16.737414395340434 0.49919894374383444 16.291758455811983 17.289398909768494 15.965178317552272 17.009895004831453 5.8858179594575697 6.9710282727036583 16.500000000000004 9.0079330116768244 17.294418306914732 0.32932882441735312
decision_type=2 2 2 2 2 2 2 2 2 2 2 2 2 2
left_child=2 -2 4 -4 5 7 -7 -1 10 -10 -6 12 -3 -14
right_child=1 11 3 -5 8 6 -8 -9 9 -11 -12 -13 13 -15
leaf_value=0.00011260630026024511 -0.035171900576993945 0.023580726870914909 -0.0080034137790387996 0.047441930963282669 -0.004579273689668901 0.0012079199464111931 0.025985323902675429 -0.014224748430668342 0.017917053516714736 -0.014235712114497241 -0.04592628519571796 -0.013037950614596434 0.011726087031836474 -0.014160397229954843
leaf_weight=2934 36 26 37 33 30 205 83 78 49 110 21 28 24 26
leaf_count=2934 36 26 37 33 30 205 83 78 49 110 21 28 24 26
internal_value=2.78614e-11 -0.00789212 0.00030863 0.0181351 -4.68835e-05 0.000492504 0.00834863 -0.00025868 -0.00852297 -0.004327 -0.0216045 0.00155089 0.00692572 -0.00173488
internal_weight=3720 140 3580 70 3510 3300 288 3012 210 159 51 104 76 50
internal_count=3720 140 3580 70 3510 3300 288 3012 210 159 51 104 76 50
is_linear=0
shrinkage=0.0104276


Tree=163
num_leaves=9
num_cat=0
split_feature=1 1 4 3 7 3 8 7
split_gain=82.3627 115.2 125.882 92.8215 114.182 302.05 176.473 61.5536
threshold=31.500000000000004 28.500000000000004 15.753780806648265 11.039964297125545 0.54832137687450644 6.9333543135894393 5.5000000000000009 0.49582585643233962
decision_type=2 2 2 2 2 2 2 2
left_child=1 3 7 4 6 -6 -1 -3
right_child=-2 2 -4 -5 5 -7 -8 -9
leaf_value=-0.0023360640189202132 0.016400535166010553 0.006688718379743777 -0.03543975098611149 -0.021240309568556805 -0.0019047521607912128 0.0081762573891387049 0.0059480648250289109 -0.01600154864991131
leaf_weight=1965 33 26 20 22 706 596 326 26
leaf_count=1965 33 26 20 22 706 596 326 26
internal_value=-1.14482e-11 -0.000146791 -0.0132073 0.000113336 0.000244085 0.0027099 -0.00115727 -0.00465642
internal_weight=3720 3687 72 3615 3593 1302 2291 52
internal_count=3720 3687 72 3615 3593 1302 2291 52
is_linear=0
shrinkage=0.0104276


Tree=164
num_leaves=19
num_cat=0
split_feature=7 3 1 4 7 1 0 7 4 4 1 4 9 7 3 4 8 3
split_gain=82.4382 253.238 287.578 234.983 210.912 194.041 159.103 157.693 145.848 140.26 130.348 192.297 110.787 198.41 183.655 129.663 335.669 260.262
threshold=0.040506361211769308 5.9120538692049323 10.500000000000002 14.072093326145575 0.027250961960885303 21.500000000000004 18.500000000000004 0.099120481556777815 13.603894334081794 17.820580980611748 6.5000000000000009 14.988104098923261 2.5000000000000004 0.12348188893391697 3.0078843751231035 11.672347023524869 1.5000000000000002 4.0059303218556899
decision_type=2 2 2 2 2 2 2 2 2 2 2 2 2 2 2 2 2 2
left_child=1 4 3 -3 8 6 -4 9 -1 10 -2 -12 13 -9 -15 16 -14 -17
right_child=7 2 5 -5 -6 -7 -8 12 -10 -11 11 -13 15 14 -16 17 -18 -19
leaf_value=-0.0026682744311728925 -0.027948394499304932 0.06050078674100319 0.0080990349194558203 0.012305238440557847 0.01737462141468412 0.030524251011862302 -0.023697864258794006 0.024294200022915834 -0.040795981093534918 -0.02720407672012351 -0.011038227384969002 0.010954716064082765 0.026371125880079276 0.023901581195848953 -0.004798965187155454 -0.015983706066647976 0.0013928500680075772 0.0012519785715739758
leaf_weight=20 24 22 44 22 20 23 28 28 24 37 106 73 78 25 801 100 234 2011
leaf_count=20 24 22 44 22 20 23 28 28 24 37 106 73 78 25 801 100 234 2011
internal_value=-7.4993e-12 0.00646124 0.0143641 0.036403 -0.0107028 0.00415658 -0.00426643 -0.00037294 -0.0234652 -0.00853196 -0.00512867 -0.00206904 0.000224608 -0.00300491 -0.0039303 0.00136287 0.00763742 0.000435508
internal_weight=3720 203 139 44 64 95 72 3517 44 240 203 179 3277 854 826 2423 312 2111
internal_count=3720 203 139 44 64 95 72 3517 44 240 203 179 3277 854 826 2423 312 2111
is_linear=0
shrinkage=0.0104276


Tree=165
num_leaves=15
num_cat=0
split_feature=2 7 2 5 7 7 1 5 7 2 2 2 1 8
split_gain=84.0457 90.271 251.883 245.968 162.771 231.479 236.956 186.463 153.624 133.542 183.882 182.472 126.751 43.7462
threshold=8.9285714285714306 0.040506361211769308 12.928571428571431 13.659177539888379 0.23072550352129315 0.27015960959192747 31.500000000000004 13.03097174621135 0.027250961960885303 17.214285714285719 19.928571428571434 11.357142857142859 13.500000000000002 2.5000000000000004
decision_type=2 2 2 2 2 2 2 2 2 2 2 2 2 2
left_child=13 2 12 -4 9 7 -7 -6 -5 11 -11 -3 -2 -1
right_child=1 4 3 8 5 6 -8 -9 -10 10 -12 -13 -14 -15
leaf_value=0.0017021488726531846 0.04791344946309592 -0.016158555184865659 -0.032854984848687201 -0.0017101722679279036 0.037142201833208648 -0.00041587368360298464 0.035620559858139042 0.0076108214064652228 0.022650487440479681 -0.019015578375388982 0.013170467586122432 -0.00045804323758310303 0.012694139092554381 0.021748667850735107
leaf_weight=20 20 94 21 95 28 2488 20 137 40 120 23 560 25 29
leaf_count=20 20 94 21 95 28 2488 20 137 40 120 23 560 25 29
internal_value=-3.56376e-11 -0.000181083 0.00661304 0.00034358 -0.000574633 0.000658579 -0.000128502 0.0126222 0.0055078 -0.00471061 -0.0138388 -0.00271469 0.0283472 0.0135664
internal_weight=3720 3671 201 156 3470 2673 2508 165 135 797 143 654 45 49
internal_count=3720 3671 201 156 3470 2673 2508 165 135 797 143 654 45 49
is_linear=0
shrinkage=0.0104276


Tree=166
num_leaves=14
num_cat=0
split_feature=2 7 2 3 3 7 2 3 7 5 5 8 1
split_gain=82.7782 87.9678 242.775 315.538 236.948 166.093 154.385 132.46 163.133 131.818 476.024 197.643 127.76
threshold=8.6428571428571441 0.040506361211769308 12.928571428571431 6.0395521751360359 5.1570565991016029 0.099120481556777815 17.214285714285719 4.4801077021290761 0.065758681759227611 14.894500689213002 15.314633149065839 2.5000000000000004 13.500000000000002
decision_type=2 2 2 2 2 2 2 2 2 2 2 2 2
left_child=-1 2 12 4 -4 7 -5 -3 -9 11 -11 -7 -2
right_child=1 5 3 6 -6 9 -8 8 -10 10 -12 -13 -14
leaf_value=0.016968547655550347 0.047413826007458415 0.015995326127475239 -0.00056932514208434969 0.0029811587733403534 -0.048531842551463727 0.0020824835465507782 0.032018213756226051 -0.0016360245410907274 -0.019895809688838671 0.013185446136457441 -0.00093568813184268743 -0.0048123827813413332 0.012358115856090169
leaf_weight=31 20 21 24 85 21 810 26 99 115 342 1077 1023 26
leaf_count=31 20 21 24 85 21 810 26 99 115 342 1077 1023 26
internal_value=-2.17487e-11 -0.000142593 0.00654766 0.000339997 -0.0229518 -0.000530155 0.00978263 -0.0089961 -0.0114485 8.16207e-05 0.00246771 -0.00176555 0.0275997
internal_weight=3720 3689 202 156 45 3487 111 235 214 3252 1419 1833 46
internal_count=3720 3689 202 156 45 3487 111 235 214 3252 1419 1833 46
is_linear=0
shrinkage=0.0104276


Tree=167
num_leaves=14
num_cat=0
split_feature=2 6 7 3 9 9 2 1 1 3 7 0 3
split_gain=81.0827 86.8997 143.189 144.541 124.032 132.057 174.988 154.979 119.425 103.876 155.115 143.003 42.7168
threshold=8.9285714285714306 1.0000000180025095e-35 0.09073546456230587 4.4801077021290761 2.5000000000000004 4.5000000000000009 10.928571428571431 2.5000000000000004 12.500000000000002 8.8209706840870865 0.13711425348255882 16.500000000000004 5.214446791510122
decision_type=2 2 2 2 2 2 2 2 2 2 2 2 2
left_child=12 4 -3 -4 9 7 -7 -6 -5 10 -2 -11 -1
right_child=1 2 3 8 5 6 -8 -9 -10 11 -12 -13 -14
leaf_value=0.0052397213180399955 0.0060102944147031176 -0.027369694544525414 -0.030013344798756041 -0.0095661560221372011 -0.024925972488074266 -0.01870035315852003 -0.00051830505146358019 0.0035858391183155071 0.0060453523287267849 -0.0037595544710291827 -0.0062675690458379408 0.021969269797680931 0.025048967737115721
leaf_weight=29 134 30 20 94 21 62 803 1610 123 55 678 41 20
leaf_count=29 134 30 20 94 21 62 803 1610 123 55 678 41 20
internal_value=3.26297e-11 -0.000177862 -0.00590636 -0.00318948 0.000271465 0.00147201 -0.00182153 0.00321873 -0.000717237 -0.00302871 -0.00424142 0.0072288 0.0133251
internal_weight=3720 3671 267 237 3404 2496 865 1631 217 908 812 96 49
internal_count=3720 3671 267 237 3404 2496 865 1631 217 908 812 96 49
is_linear=0
shrinkage=0.0104276


Tree=168
num_leaves=15
num_cat=0
split_feature=5 3 5 7 5 4 5 0 4 4 4 3 5 0
split_gain=80.5398 322.31 205.311 481.732 143.24 176.146 326.35 162.623 103.129 373.322 88.6977 73.358 98.2349 99.972
threshold=17.034473924761382 6.0395521751360359 16.737414395340434 0.49919894374383444 16.291758455811983 17.289398909768494 15.965178317552272 11.500000000000002 19.205305226628635 18.390028135169299 19.964664922053675 9.0079330116768244 17.294418306914732 19.500000000000004
decision_type=2 2 2 2 2 2 2 2 2 2 2 2 2 2
left_child=2 -2 4 -4 5 7 -7 -1 9 -6 -10 12 -3 -14
right_child=1 11 3 -5 8 6 -8 -9 10 -11 -12 -13 13 -15
leaf_value=0.0028203127732481237 -0.034650802663915278 0.023305961355992444 -0.0078478167760264988 0.046951922419339973 -0.010812825964666133 0.0012101517146535308 0.025718099231691591 -0.0021669777276811363 -0.038992250511687615 0.035224353368274099 -0.0079365866452428963 -0.012878506037141883 -0.015849609780193841 0.01366360897351627
leaf_weight=1150 36 26 37 33 148 205 83 1862 20 22 20 28 26 24
leaf_count=1150 36 26 37 33 148 205 83 1862 20 22 20 28 26 24
internal_value=5.2887e-11 -0.00775882 0.000303418 0.0179863 -4.92333e-05 0.000482161 0.00827321 -0.0002628 -0.00839971 -0.00485507 -0.0234644 0.00154994 0.00686568 -0.00168326
internal_weight=3720 140 3580 70 3510 3300 288 3012 210 170 40 104 76 50
internal_count=3720 140 3580 70 3510 3300 288 3012 210 170 40 104 76 50
is_linear=0
shrinkage=0.0104276


Tree=169
num_leaves=18
num_cat=0
split_feature=2 2 7 2 1 7 7 2 1 7 0 3 1 3 9 3 7
split_gain=80.4107 195.484 410.197 191.209 197.429 191.183 186.577 168.447 347.088 217.353 156.947 140.077 134.567 126.365 118.85 95.9273 73.3445
threshold=19.500000000000004 18.071428571428573 0.44576807838270699 20.357142857142858 14.500000000000002 0.061435934677514313 0.75516464203108058 17.357142857142858 16.500000000000004 0.41856757364393143 17.500000000000004 6.2163376255910707 31.500000000000004 9.5518634432290366 3.5000000000000004 7.7120808136449526 0.43179026241201307
decision_type=2 2 2 2 2 2 2 2 2 2 2 2 2 2 2 2 2
left_child=1 7 5 4 -2 -3 14 12 9 -9 -5 -10 13 -1 -4 -7 -12
right_child=3 2 6 10 -6 15 -8 8 11 -11 16 -13 -14 -15 -16 -17 -18
leaf_value=0.00049872282333150145 -0.002628935632770561 0.024078498300091164 0.032759123649451202 0.027979421142176823 -0.036706044145282647 -0.017462344866986782 0.053733030952540339 -0.014941680324517497 -0.051570167716185437 0.013030652603312844 -0.0208364663660036 -0.018836921468784788 0.02259446378379917 -0.0092783396145778834 0.0073781967194687806 0.0033165056685335861 0.0070655535810476636
leaf_weight=2990 38 23 35 22 36 61 20 55 21 67 20 44 29 151 47 40 21
leaf_count=2990 38 23 35 22 36 61 20 55 21 67 20 44 29 151 47 40 21
internal_value=-2.34717e-11 0.000299783 0.00968703 -0.00784031 -0.019207 -0.00305433 0.0251765 -0.000332185 -0.00994939 0.000420175 0.00551102 -0.0294123 0.000235139 2.87017e-05 0.0182115 -0.0092331 -0.00654519
internal_weight=3720 3583 226 137 74 124 102 3357 187 122 63 65 3170 3141 82 101 41
internal_count=3720 3583 226 137 74 124 102 3357 187 122 63 65 3170 3141 82 101 41
is_linear=0
shrinkage=0.0104276


Tree=170
num_leaves=15
num_cat=0
split_feature=2 7 2 3 3 7 3 3 7 1 1 0 3 1
split_gain=79.66 86.0783 237.542 306.485 231.42 162.716 237.359 259.845 225.488 228.852 189.349 177.624 152.654 125.18
threshold=8.6428571428571441 0.040506361211769308 12.928571428571431 6.0395521751360359 5.1570565991016029 0.23072550352129315 4.9617585208318564 5.7569833370313974 0.27015960959192747 31.500000000000004 7.5000000000000009 15.500000000000002 9.0079330116768244 13.500000000000002
decision_type=2 2 2 2 2 2 2 2 2 2 2 2 2 2
left_child=-1 2 13 4 -4 6 10 -8 11 -10 -3 -7 -5 -2
right_child=1 5 3 12 -6 8 7 -9 9 -11 -12 -13 -14 -15
leaf_value=0.016645884930152555 0.046915062723601686 0.011787603058064349 -0.00049764354529398345 0.015550911384015599 -0.047897375048910389 0.021240025115253153 0.012376860695912265 -0.0049540949045118717 -0.00034647692532754199 0.035067699809589237 -0.021329021026349065 -0.00090215673701381401 -0.015671682917672528 0.012215088239993533
leaf_weight=31 20 22 24 90 21 100 114 538 2500 20 128 65 21 26
leaf_count=31 20 22 24 90 21 100 114 538 2500 20 128 65 21 26
internal_value=-3.54129e-12 -0.000139881 0.00647813 0.000337746 -0.0226175 -0.000523259 -0.0046448 -0.00192384 0.00070783 -6.5412e-05 -0.0164719 0.0125173 0.00964393 0.027302
internal_weight=3720 3689 202 156 45 3487 802 652 2685 2520 150 165 111 46
internal_count=3720 3689 202 156 45 3487 802 652 2685 2520 150 165 111 46
is_linear=0
shrinkage=0.0104276


Tree=171
num_leaves=22
num_cat=0
split_feature=9 4 5 0 0 3 3 5 2 4 9 0 7 2 7 3 7 4 3 4 0
split_gain=79.5689 123.371 233.679 394.628 319.288 280.536 238.024 232.446 174.688 261.79 234.441 306.633 166.619 146.199 89.7526 178.953 148.699 212.346 145.312 138.132 103.268
threshold=2.5000000000000004 11.672347023524869 14.010373983056075 20.500000000000004 3.5000000000000004 4.1604706010168817 4.4239607334862976 13.39463387661471 12.928571428571431 11.223936175546941 3.5000000000000004 6.5000000000000009 0.21990763771487346 14.071428571428573 0.12348188893391697 3.0078843751231035 0.10179469516679256 16.725429451197371 3.7859388972001922 13.301115901108743 16.500000000000004
decision_type=2 2 2 2 2 2 2 2 2 2 2 2 2 2 2 2 2 2 2 2 2
left_child=14 8 3 4 -3 13 -7 -5 10 -10 12 -12 -2 -4 16 -16 17 20 -17 -20 -1
right_child=1 2 5 7 -6 6 -8 -9 9 -11 11 -13 -14 -15 15 18 -18 -19 19 -21 -22
leaf_value=-0.015290974823460998 -0.023331757120568928 -0.037452291685025903 0.0042434245328346271 -0.049967619734961922 -0.00053118638701065432 0.027062815513663071 0.0022232199776097668 -0.01108331017656203 -0.038073839888385683 0.014052805015151977 -0.011735990818753175 0.02284357223284559 0.0051250387415114201 -0.021889982444596476 0.023603217385894631 -0.028507293433965457 0.027197573857318771 0.028686682608239377 -0.0093164903864228089 -0.00031668311890989127 0.0096529426326167657
leaf_weight=59 30 27 33 32 449 43 1713 35 22 20 34 155 88 79 25 27 27 22 308 466 26
leaf_count=59 30 27 33 32 449 43 1713 35 22 20 34 155 88 79 25 27 27 22 308 466 26
internal_value=1.55168e-12 0.000899427 6.06417e-05 -0.00596058 -0.00262545 0.00181092 0.00283148 -0.0296549 0.00669402 -0.0132516 0.00942274 0.0166229 -0.00210974 -0.01419 -0.00258585 -0.00387006 0.00533023 -0.000187701 -0.00472753 -0.003898 -0.00766107
internal_weight=3720 2760 2411 543 476 1868 1756 67 349 42 307 189 118 112 960 826 134 107 801 774 85
internal_count=3720 2760 2411 543 476 1868 1756 67 349 42 307 189 118 112 960 826 134 107 801 774 85
is_linear=0
shrinkage=0.0104276


Tree=172
num_leaves=26
num_cat=0
split_feature=1 0 5 5 1 0 0 5 4 0 1 4 2 2 0 5 1 4 8 0 0 9 1 5 1
split_gain=79.1931 150.568 246.117 301.048 261.68 250.682 184.475 208.635 290.238 184.349 224.899 170.055 154.064 149.27 144.84 220.929 179.719 185.557 143.791 156.628 202.38 126.548 104.244 112.853 95.2205
threshold=13.500000000000002 18.500000000000004 12.951608688134103 16.291758455811983 17.500000000000004 15.500000000000002 22.500000000000004 15.732438912210188 14.379521341036289 24.500000000000004 22.500000000000004 12.189326979287282 9.3571428571428594 18.928571428571434 23.500000000000004 16.812504006790494 11.500000000000002 12.761707183731898 5.5000000000000009 3.5000000000000004 11.500000000000002 3.5000000000000004 12.500000000000002 13.581554809909809 23.500000000000004
decision_type=2 2 2 2 2 2 2 2 2 2 2 2 2 2 2 2 2 2 2 2 2 2 2 2 2
left_child=14 2 12 4 -4 -5 7 8 -3 10 -8 -11 -2 -9 18 16 17 -16 19 21 -21 -1 23 -20 -14
right_child=1 6 3 5 -6 -7 9 13 -10 11 -12 -13 24 -15 15 -17 -18 -19 22 20 -22 -23 -24 -25 -26
leaf_value=-0.0007247254653272526 0.013416530789797052 -0.018503644584262305 -0.0028969911253883649 -0.01997365839865315 0.0078245624142444965 0.014625122083564503 0.0014804853609656856 -0.03700145296205954 0.0066398002494118501 -0.033323920781293342 0.034589890433893711 -0.0029639535119561533 -0.010754111479258094 -0.0063010132305934942 0.025736435063061083 0.041922368812532224 0.027069713656097442 -0.0045428021209637862 0.026325427700617611 0.0051980643150772868 -0.0032579644242668312 -0.035447294070162685 -0.0097541249298684959 0.0068871360811674394 -0.031884029061097184
leaf_weight=21 25 104 386 106 690 29 87 51 96 23 30 157 135 26 27 21 36 119 44 499 803 25 28 124 28
leaf_count=21 25 104 386 106 690 29 87 51 96 23 30 157 135 26 27 21 36 119 44 499 803 25 28 124 28
internal_value=1.34357e-11 -0.00143166 0.000413499 0.00213677 0.00397835 -0.0125413 -0.00592883 -0.01205 -0.00643479 -0.000219838 0.00997008 -0.00684328 -0.0106869 -0.0266351 0.00161687 0.00989739 0.0062022 0.00105678 0.000528171 -0.000685247 -1.71362e-05 -0.0195957 0.00887351 0.0119781 -0.0143838
internal_weight=3720 1973 1399 1211 1076 135 574 277 200 297 117 180 188 77 1747 203 182 146 1544 1348 1302 46 196 168 163
internal_count=3720 1973 1399 1211 1076 135 574 277 200 297 117 180 188 77 1747 203 182 146 1544 1348 1302 46 196 168 163
is_linear=0
shrinkage=0.0104276


Tree=173
num_leaves=19
num_cat=0
split_feature=2 2 7 2 1 7 7 4 2 1 4 3 4 4 3 3 3 7
split_gain=78.7865 190.965 400.717 186.525 192.563 186.086 182.338 217.361 164.165 338.712 336.033 136.906 134.578 238.894 189.659 96.9198 93.5829 80.119
threshold=19.500000000000004 18.071428571428573 0.44576807838270699 20.357142857142858 14.500000000000002 0.061435934677514313 0.75516464203108058 18.175661619254967 17.357142857142858 16.500000000000004 17.289398909768494 6.2163376255910707 15.658689860371426 16.428423758279553 9.5518634432290366 5.8858179594575697 7.7120808136449526 0.42915757408335492
decision_type=2 2 2 2 2 2 2 2 2 2 2 2 2 2 2 2 2 2
left_child=1 8 5 4 -2 -3 7 -4 12 10 -10 -11 14 -14 -1 -5 -7 -17
right_child=3 2 6 15 -6 16 -8 -9 9 11 -12 -13 13 -15 -16 17 -18 -19
leaf_value=-0.00036987928516221669 -0.0026148157901790411 0.023750273235680752 0.0026044594645297063 -0.012230324887136363 -0.036269353257766257 -0.017242341757797382 0.05311456086167711 0.03672182486050353 -0.017757492166584454 -0.050954311127464069 0.016896375602446539 -0.018593719495315776 0.011341079273213458 -0.00073389146765163505 -0.015476844986484321 0.00067474008475688115 0.0032810270398589067 0.029836901320269584
leaf_weight=2335 38 23 45 22 36 61 20 37 58 21 64 44 298 443 94 21 40 20
leaf_count=2335 38 23 45 22 36 61 20 37 58 21 64 44 298 443 94 21 40 20
internal_value=2.15634e-11 0.00029674 0.00957484 -0.00776072 -0.0189873 -0.00301843 0.0248843 0.0179989 -0.00032788 -0.00982209 0.000421586 -0.0290487 0.000232188 0.00412217 -0.000954505 0.00542604 -0.00911427 0.0149002
internal_weight=3720 3583 226 137 74 124 102 82 3357 187 122 65 3170 741 2429 63 101 41
internal_count=3720 3583 226 137 74 124 102 82 3357 187 122 65 3170 741 2429 63 101 41
is_linear=0
shrinkage=0.0104276


Tree=174
num_leaves=19
num_cat=0
split_feature=9 6 7 8 1 3 7 0 7 1 8 1 7 3 3 3 7 7
split_gain=78.3682 129.59 162.857 220.97 190.116 182.791 113.493 219.15 151.071 283.068 228.354 88.6325 118.912 174.109 131.844 128.205 158.754 93.1035
threshold=2.5000000000000004 1.0000000180025095e-35 0.10179469516679256 1.5000000000000002 19.500000000000004 7.8891124493250286 0.011325859094010101 16.500000000000004 0.16775933788214709 6.5000000000000009 2.5000000000000004 26.500000000000004 0.13711425348255882 3.0078843751231035 8.8209706840870865 8.004461797259939 0.10523678859827851 0.47923963526106056
decision_type=2 2 2 2 2 2 2 2 2 2 2 2 2 2 2 2 2 2
left_child=11 6 -3 5 -5 -4 7 -2 9 -8 -10 12 15 -14 -15 16 -1 -13
right_child=1 2 3 4 -6 -7 8 -9 10 -11 -12 17 13 14 -16 -17 -18 -19
leaf_value=0.0044919437640425887 0.035977410859059041 -0.029155501573861955 -0.0074138854795385714 -0.0010666234475096787 0.03048947337361604 -0.043159205574724566 -0.026341268347679657 -0.0066205472265941758 0.0068031994989924847 -0.0011108424949574191 -0.0003703212979811337 -0.033622915738408907 0.0241863631200376 -0.0059160880046661814 0.0078045491631927788 -0.016773114134083566 0.03288553362029896 -0.0034380768735573879
leaf_weight=91 29 30 60 103 26 21 55 24 803 400 1209 20 24 665 86 21 28 25
leaf_count=91 29 30 60 103 26 21 55 24 803 400 1209 20 24 665 86 21 28 25
internal_value=-4.66402e-12 0.000892615 -0.00642907 -0.00318244 0.00529352 -0.0166812 0.00158992 0.0166878 0.00126556 -0.00416067 0.00249267 -0.00256627 -0.00186362 -0.00346133 -0.00434488 0.0069809 0.0111728 -0.0168536
internal_weight=3720 2760 240 210 129 81 2520 53 2467 455 2012 960 915 775 751 140 119 45
internal_count=3720 2760 240 210 129 81 2520 53 2467 455 2012 960 915 775 751 140 119 45
is_linear=0
shrinkage=0.0104276


Tree=175
num_leaves=13
num_cat=0
split_feature=5 3 5 7 2 2 5 5 2 0 7 2
split_gain=78.6138 311.986 200.956 466.643 148.941 151.347 215.889 179.809 107.35 101.503 152.15 81.0021
threshold=17.034473924761382 6.0395521751360359 16.737414395340434 0.49919894374383444 19.500000000000004 18.071428571428573 16.043660705057096 16.249782541634058 18.071428571428573 22.500000000000004 0.49919894374383444 20.214285714285719
decision_type=2 2 2 2 2 2 2 2 2 2 2 2
left_child=2 -2 4 -4 5 7 -7 -1 -3 10 -10 -6
right_child=1 8 3 -5 11 6 -8 -9 9 -11 -12 -13
leaf_value=0.00028154190052058004 -0.034123272117128949 -0.017339703003997203 -0.0076322043462384217 0.046302493506484646 -0.028625974118644371 -0.00016584209203291233 0.02386247670602536 -0.01105192551378132 -0.016295791959170275 0.024328346259942856 0.019352085446995231 -0.0032113570910025538
leaf_weight=3128 36 25 37 33 30 97 70 160 30 26 23 25
leaf_count=3128 36 25 37 33 30 97 70 160 30 26 23 25
internal_value=2.18103e-11 -0.00766549 0.000299768 0.0177942 -4.91229e-05 0.000221893 0.00990591 -0.000269965 0.00149297 0.00745267 -0.000825958 -0.0170739
internal_weight=3720 140 3580 70 3510 3455 167 3288 104 79 53 55
internal_count=3720 140 3580 70 3510 3455 167 3288 104 79 53 55
is_linear=0
shrinkage=0.0104276


Tree=176
num_leaves=26
num_cat=0
split_feature=1 1 0 7 5 7 5 4 0 5 5 0 5 9 0 7 7 5 5 1 4 0 0 7 7
split_gain=77.4205 148.309 240.293 401.963 325.277 284.912 190.995 146.974 205.108 306.352 249.586 157.577 157.876 146.298 141.447 220.945 190.868 251.844 195.069 172.971 204.71 202.734 120.195 245.912 140.684
threshold=13.500000000000002 19.500000000000004 10.500000000000002 0.81861465225589847 16.270583358154429 0.82006998554388677 14.878195276123019 15.626960826278658 13.500000000000002 15.732438912210188 16.498026898258573 19.500000000000004 14.426181197444178 3.5000000000000004 23.500000000000004 0.77630375097457227 0.81861465225589847 15.542089947645099 13.912681274774092 8.5000000000000018 17.2583076554304 3.5000000000000004 26.500000000000004 0.27426826952026812 0.40691040802460149
decision_type=2 2 2 2 2 2 2 2 2 2 2 2 2 2 2 2 2 2 2 2 2 2 2 2 2
left_child=14 7 3 4 -3 6 -4 11 10 -10 -9 12 -2 -13 16 22 19 18 -18 20 -1 -21 23 -16 -24
right_child=1 2 5 -5 -6 -7 -8 8 9 -11 -12 13 -14 -15 15 -17 17 -19 -20 21 -22 -23 24 -25 -26
leaf_value=-0.0047491609822790607 -0.00016447535248840904 0.0097278212362255159 -0.0064276727218614289 0.052290510588888735 -0.028400120646178958 -0.03581853605048152 0.0054589860075598918 -0.0013822465094948341 0.022810150995742573 -0.0027159033184786232 -0.036861404756540581 -0.025748115898919562 -0.011655991330810769 -0.0051655126829061411 0.037879186788320057 0.040215056350096326 -0.02118780629801546 -0.043955016206945592 0.014150253267699623 -0.020010978821432154 0.010935688438467003 0.006041380670954671 -0.017834363302779488 0.0026010378708280438 0.0099985174199184509
leaf_weight=586 368 246 297 22 27 26 291 107 88 122 27 81 201 70 31 23 35 23 33 34 107 726 39 70 40
leaf_count=586 368 246 297 22 27 26 291 107 88 122 27 81 201 70 31 23 35 23 33 34 107 726 39 70 40
internal_value=-1.29883e-11 -0.00141555 0.00167755 0.00941231 0.00595693 -0.00203866 -0.00054499 -0.00405805 0.00154882 0.00798073 -0.00853103 -0.0067369 -0.00422387 -0.0162065 0.00159867 0.00978165 0.000522797 -0.0141273 -0.00403845 0.00144032 -0.0023274 0.00487588 0.00589293 0.013429 -0.00374177
internal_weight=3720 1973 909 295 273 614 588 1064 344 210 134 720 569 151 1747 203 1544 91 68 1453 693 760 180 101 79
internal_count=3720 1973 909 295 273 614 588 1064 344 210 134 720 569 151 1747 203 1544 91 68 1453 693 760 180 101 79
is_linear=0
shrinkage=0.0104276


Tree=177
num_leaves=17
num_cat=0
split_feature=2 1 1 0 1 0 8 0 9 2 9 2 7 0 7 0
split_gain=77.2936 84.4196 224.873 282.673 247.935 180.78 176.151 229.302 175.857 158.99 149.704 149.014 131.995 241.416 199.085 100.766
threshold=8.6428571428571441 15.500000000000002 18.500000000000004 8.5000000000000018 21.500000000000004 5.5000000000000009 4.5000000000000009 11.500000000000002 4.5000000000000009 10.642857142857144 3.5000000000000004 13.500000000000002 0.21990763771487346 15.500000000000002 0.27426826952026812 24.500000000000004
decision_type=2 2 2 2 2 2 2 2 2 2 2 2 2 2 2 2
left_child=-1 5 12 4 -4 8 7 -7 9 -2 -5 -10 13 -3 -14 -8
right_child=1 2 3 10 -6 6 15 -9 11 -11 -12 -13 14 -15 -16 -17
leaf_value=0.016396771824683715 0.02379936546011575 -0.030284633402058385 0.023588587972320781 -0.0069367895738466599 0.0022781795042963885 0.0066162730562607753 0.0058724945288059294 -0.002530409760028714 -0.042008280019086672 -0.007423666202501622 0.0020848114478523153 -0.0049720647251214143 0.018854189414925525 -0.0012262288966049383 -0.0067999660705435 0.021190189468589141
leaf_weight=31 21 67 97 377 153 430 458 971 27 114 426 21 36 58 381 52
leaf_count=31 21 67 97 377 153 430 458 971 27 114 426 21 36 58 381 52
internal_value=4.17205e-11 -0.000137788 -0.00194521 0.000863831 0.0105466 0.00123893 0.00218705 0.000276923 -0.00866201 -0.00256675 -0.00215073 -0.0258049 -0.00740263 -0.0168015 -0.00458522 0.0074343
internal_weight=3720 3689 1595 1053 250 2094 1911 1401 183 135 803 48 542 125 417 510
internal_count=3720 3689 1595 1053 250 2094 1911 1401 183 135 803 48 542 125 417 510
is_linear=0
shrinkage=0.0104276


Tree=178
num_leaves=14
num_cat=0
split_feature=5 5 0 2 2 5 5 8 2 5 9 1 2
split_gain=76.3707 197.159 260.868 146.099 147.2 212.506 174.906 124.941 154.735 116.718 90.5389 81.8735 78.9107
threshold=17.034473924761382 16.737414395340434 13.500000000000002 19.500000000000004 18.071428571428573 16.043660705057096 16.249782541634058 2.5000000000000004 19.928571428571434 17.414868073586483 3.5000000000000004 17.500000000000004 20.214285714285719
decision_type=2 2 2 2 2 2 2 2 2 2 2 2 2
left_child=1 3 -3 4 6 -6 -1 9 11 -2 -4 -9 -5
right_child=7 2 10 12 5 -7 -8 8 -10 -11 -12 -13 -14
leaf_value=0.00027716356736190206 -0.032819195704967018 -0.010245098994201699 0.046793366654587963 -0.028313674032735971 -0.00022381761761087628 0.023615509304704213 -0.010900735363608681 0.0030286812739179826 0.023385616126549214 -0.0046414552477583434 0.017534772983570847 -0.02331612605391466 -0.0032293014446976649
leaf_weight=3128 31 24 23 30 97 70 160 29 24 33 23 23 25
leaf_count=3128 31 24 23 30 97 70 160 29 24 33 23 23 25
internal_value=-1.17259e-11 0.00029546 0.0176238 -5.01189e-05 0.0002183 0.00976871 -0.000266773 -0.00755534 0.00148442 -0.01829 0.0321641 -0.00862383 -0.0169117
internal_weight=3720 3580 70 3510 3455 167 3288 140 76 64 46 52 55
internal_count=3720 3580 70 3510 3455 167 3288 140 76 64 46 52 55
is_linear=0
shrinkage=0.0104276


Tree=179
num_leaves=20
num_cat=0
split_feature=9 6 7 1 1 7 9 8 3 1 1 7 3 7 3 3 3 3 1
split_gain=76.1336 126.192 160.092 132.088 286.796 199.069 110.335 218.822 317.116 150.817 131.161 86.2147 171.304 143.553 153.277 176.269 142.093 122.097 83.6082
threshold=2.5000000000000004 1.0000000180025095e-35 0.69554457121156443 12.500000000000002 8.5000000000000018 0.14262074964333624 4.5000000000000009 2.5000000000000004 4.4614753058558785 2.5000000000000004 10.500000000000002 0.12348188893391697 3.0078843751231035 0.10179469516679256 5.3117078709447698 7.2011896187582449 3.7859388972001922 8.7858106539118186 6.5000000000000009
decision_type=2 2 2 2 2 2 2 2 2 2 2 2 2 2 2 2 2 2 2
left_child=11 6 3 4 -3 -5 9 8 -8 -2 -11 13 -13 14 -1 -16 -14 -18 -9
right_child=1 2 -4 5 -6 -7 7 18 -10 10 -12 12 16 -15 15 -17 17 -19 -20
leaf_value=-0.018480012219119123 -0.02461404718347425 -0.0031606111337956376 0.015367784179912608 -0.031137933564587422 -0.039999657999346454 0.0044078305117498185 0.039157790811050544 0.0038151001348887543 0.002000762146650618 0.0079119067499716367 0.0015212179449082127 0.023091695121400899 -0.028141933126958375 0.026714723310577639 0.022640035384048959 -0.010016319736423619 -0.0053743983022138129 0.0071347550383580281 -0.0076787432950818869
leaf_weight=34 21 54 32 21 40 93 27 82 333 507 1122 25 27 27 41 32 677 97 428
leaf_count=34 21 54 32 21 40 93 27 82 333 507 1122 25 27 27 41 32 677 97 428
internal_value=8.6248e-13 0.000879797 -0.00634524 -0.00968571 -0.0188368 -0.00214007 0.0015679 -0.00143695 0.00478754 0.00315227 0.00351022 -0.00252942 -0.00378806 0.00522908 -0.000192535 0.00832492 -0.004627 -0.00380671 -0.00583071
internal_weight=3720 2760 240 208 94 114 2520 870 360 1650 1629 960 826 134 107 73 801 774 510
internal_count=3720 2760 240 208 94 114 2520 870 360 1650 1629 960 826 134 107 73 801 774 510
is_linear=0
shrinkage=0.0104276


Tree=180
num_leaves=11
num_cat=0
split_feature=1 1 4 0 0 1 0 1 1 1
split_gain=76.1524 111.774 121.788 84.6733 227.655 295.825 204.229 451.062 370.507 182.924
threshold=31.500000000000004 28.500000000000004 14.138390172764355 11.500000000000002 13.500000000000002 7.5000000000000009 9.5000000000000018 18.500000000000004 11.500000000000002 16.500000000000004
decision_type=2 2 2 2 2 2 2 2 2 2
left_child=1 3 -3 6 5 -5 7 -1 -8 -6
right_child=-2 2 -4 4 9 -7 8 -9 -10 -11
leaf_value=-0.0046543893531300253 0.015770108377439928 0.001737279226714783 -0.025481158433080537 -0.027067487940324136 0.0028298402789432115 -0.0039664902131314114 0.022272151853389866 0.011263395166520852 0.00026173649061520232 -0.0039058468403725447
leaf_weight=697 33 33 39 74 1221 325 139 268 207 684
leaf_count=697 33 33 39 74 1221 325 139 268 207 684
internal_value=3.66791e-12 -0.000141148 -0.013006 0.000115082 -0.00108874 -0.00825089 0.00223073 -0.000233699 0.00910407 0.000411357
internal_weight=3720 3687 72 3615 2304 399 1311 965 346 1905
internal_count=3720 3687 72 3615 2304 399 1311 965 346 1905
is_linear=0
shrinkage=0.0104276


Tree=181
num_leaves=14
num_cat=0
split_feature=2 7 2 3 3 7 3 3 7 5 5 3 9
split_gain=75.9863 83.3755 232.037 296.587 226.791 156.544 147.79 129.338 159.563 127.245 464.205 190.019 64.3409
threshold=8.6428571428571441 0.040506361211769308 12.928571428571431 6.0395521751360359 5.1570565991016029 0.099120481556777815 9.0079330116768244 4.4801077021290761 0.065758681759227611 14.894500689213002 15.314633149065839 5.7981934789249303 3.5000000000000004
decision_type=2 2 2 2 2 2 2 2 2 2 2 2 2
left_child=-1 2 12 4 -4 7 -5 -3 -9 11 -11 -7 -2
right_child=1 5 3 6 -6 9 -8 8 -10 10 -12 -13 -14
leaf_value=0.016257521143945724 0.015150452170846656 0.015962170165504296 -0.00037617316316163881 0.015274627722115689 -0.047299433966426073 0.0027837495991174508 -0.01544650558177897 -0.0014517110678949955 -0.019510613498090485 0.013008170760687656 -0.00093654595429160906 -0.0042294443860710802 0.03983870349629684
leaf_weight=31 24 21 24 90 21 652 21 99 115 342 1077 1181 22
leaf_count=31 24 21 24 90 21 652 21 99 115 342 1077 1181 22
internal_value=1.19825e-11 -0.000136618 0.00637666 0.000307844 -0.0222737 -0.000513929 0.00946252 -0.00873291 -0.0111563 8.00016e-05 0.00242434 -0.00173484 0.0269579
internal_weight=3720 3689 202 156 45 3487 111 235 214 3252 1419 1833 46
internal_count=3720 3689 202 156 45 3487 111 235 214 3252 1419 1833 46
is_linear=0
shrinkage=0.0104276


Tree=182
num_leaves=8
num_cat=0
split_feature=1 1 4 3 7 3 3
split_gain=74.5911 109.445 119.17 89.6977 108.267 293.022 174.638
threshold=31.500000000000004 28.500000000000004 14.138390172764355 11.039964297125545 0.54832137687450644 6.9333543135894393 5.7569833370313974
decision_type=2 2 2 2 2 2 2
left_child=1 3 -3 4 6 -6 -1
right_child=-2 2 -4 -5 5 -7 -8
leaf_value=0.0030375340793835411 0.015607604345695478 0.0017141441756765336 -0.025210164233702315 -0.020877410174368175 -0.0019016772271151089 0.0080275284131904028 -0.0031147781801955225
leaf_weight=742 33 33 39 22 706 596 1549
leaf_count=742 33 33 39 22 706 596 1549
internal_value=-8.07723e-12 -0.000139694 -0.0128699 0.000113853 0.000242383 0.00264349 -0.00112219
internal_weight=3720 3687 72 3615 3593 1302 2291
internal_count=3720 3687 72 3615 3593 1302 2291
is_linear=0
shrinkage=0.0104276


Tree=183
num_leaves=19
num_cat=0
split_feature=9 6 7 5 5 5 2 5 7 1 5 1 7 3 3 3 7 7
split_gain=74.8433 123.741 156.324 133.95 131.789 119.712 168.553 163.75 227.416 148.247 140.645 86.3438 115.04 166.119 126.895 123.412 153.683 91.6281
threshold=2.5000000000000004 1.0000000180025095e-35 0.69554457121156443 16.291758455811983 15.418808269111151 16.249782541634058 15.785714285714286 14.654020148029447 0.77279574640276405 18.500000000000004 14.764147859965599 26.500000000000004 0.13711425348255882 3.0078843751231035 8.8209706840870865 8.004461797259939 0.10523678859827851 0.47923963526106056
decision_type=2 2 2 2 2 2 2 2 2 2 2 2 2 2 2 2 2 2
left_child=11 5 3 4 -3 7 -7 8 -2 -8 -9 12 15 -14 -15 16 -1 -13
right_child=1 2 -4 -5 -6 6 9 10 -10 -11 -12 17 13 14 -16 -17 -18 -19
leaf_value=0.0044244338523392497 -0.0019038376379829655 -0.0077639346856190729 0.01517373573551649 0.014149492854190985 -0.02877353882948586 -0.033907362277231172 0.0026271264479956558 0.02108884142678219 0.011937007977176672 -0.013821970728769959 0.0045011696882302464 -0.03324545875563098 0.023620033706398702 -0.0057903285943429403 0.00767034493317479 -0.016420829972461349 0.032360908812118103 -0.0033007444245405772
leaf_weight=91 1059 143 32 23 42 20 189 59 147 87 959 20 24 665 86 21 28 25
leaf_count=91 1059 143 32 23 42 20 189 59 147 87 959 20 24 665 86 21 28 25
internal_value=-1.41502e-11 0.00087231 -0.00628222 -0.00958314 -0.0125337 0.00155369 -0.00467612 0.00238284 -0.000216769 -0.00255792 0.00546254 -0.00250789 -0.00181437 -0.00338586 -0.00424889 0.00688494 0.0109977 -0.0166095
internal_weight=3720 2760 240 208 185 2520 296 2224 1206 276 1018 960 915 775 751 140 119 45
internal_count=3720 2760 240 208 185 2520 296 2224 1206 276 1018 960 915 775 751 140 119 45
is_linear=0
shrinkage=0.0104276


Tree=184
num_leaves=9
num_cat=0
split_feature=1 1 3 7 3 3 0 7
split_gain=73.5582 106.365 88.2982 105.194 286.41 170.687 71.5684 77.2984
threshold=31.500000000000004 28.500000000000004 11.039964297125545 0.54832137687450644 6.9333543135894393 5.7569833370313974 11.500000000000002 0.49582585643233962
decision_type=2 2 2 2 2 2 2 2
left_child=1 2 3 5 -5 -1 -3 -8
right_child=-2 6 -4 4 -6 -7 7 -9
leaf_value=0.003006087075956696 0.015499161755215252 -0.026943185320440703 -0.020715631020903982 -0.0018880566365867884 0.0079284983536180853 -0.0030762369349792719 0.0074385548414742661 -0.019361610057211119
leaf_weight=742 33 25 22 706 596 1549 25 22
leaf_count=742 33 25 22 706 596 1549 25 22
internal_value=-2.59052e-11 -0.000138723 0.000111231 0.000238754 0.00260554 -0.00110632 -0.0126885 -0.0051062
internal_weight=3720 3687 3615 3593 1302 2291 72 47
internal_count=3720 3687 3615 3593 1302 2291 72 47
is_linear=0
shrinkage=0.0104276


Tree=185
num_leaves=13
num_cat=0
split_feature=2 7 2 4 7 7 1 0 0 0 8 1
split_gain=74.3686 82.3929 227.16 165.304 152.057 220.833 219.132 171.965 145.659 202.763 122.444 121.362
threshold=8.6428571428571441 0.040506361211769308 12.928571428571431 19.205305226628635 0.23072550352129315 0.27015960959192747 31.500000000000004 15.500000000000002 27.500000000000004 19.500000000000004 1.5000000000000002 13.500000000000002
decision_type=2 2 2 2 2 2 2 2 2 2 2 2
left_child=-1 2 11 10 8 7 -7 -6 9 -3 -4 -2
right_child=1 4 3 -5 5 6 -8 -9 -10 -11 -12 -13
leaf_value=0.01608353715638064 0.046015037228572496 -0.0026923294617106439 -0.020271857253627412 0.028325901300611189 0.020949465935458361 -0.00036040546274744025 0.034293567224733243 -0.00083717437546701674 0.017667695033654705 -0.016003202275038056 0.0021551874182917279 0.011848283078153464
leaf_weight=31 20 615 36 20 100 2500 20 65 31 156 100 26
leaf_count=31 20 615 36 20 100 2500 20 65 31 156 100 26
internal_value=-4.80809e-12 -0.000135156 0.00633963 0.000334935 -0.000510237 0.000679847 -8.53739e-05 0.0123669 -0.00449449 -0.00538558 -0.00378138 0.0267034
internal_weight=3720 3689 202 156 3487 2685 2520 165 802 771 136 46
internal_count=3720 3689 202 156 3487 2685 2520 165 802 771 136 46
is_linear=0
shrinkage=0.0104276


Tree=186
num_leaves=20
num_cat=0
split_feature=2 2 7 7 2 7 2 0 5 3 2 8 5 5 7 7 7 7 3
split_gain=73.9344 179.606 386.201 180.277 178.863 177.26 159.941 154.062 130.719 106.95 153.04 106.372 110.7 105.43 95.4313 178.168 70.2506 60.7796 52.2813
threshold=19.500000000000004 18.071428571428573 0.44576807838270699 0.061435934677514313 20.357142857142858 0.75516464203108058 17.357142857142858 17.500000000000004 16.661330532157159 9.5518634432290366 16.642857142857149 1.5000000000000002 16.498026898258573 14.894500689213002 0.41856757364393143 0.79660847639780885 0.43179026241201307 0.69170766019069529 7.8437108762113441
decision_type=2 2 2 2 2 2 2 2 2 2 2 2 2 2 2 2 2 2 2
left_child=1 6 3 -3 11 17 9 -6 -5 13 -11 -2 -13 -1 18 -16 -9 -4 -8
right_child=4 2 5 8 7 -7 14 16 -10 10 -12 12 -14 -15 15 -17 -18 -19 -20
leaf_value=-0.0007395518141206643 -0.036556759637496446 0.02326991868345912 0.022625044158854361 -0.0022737345641778901 0.027656049055267314 0.052149402130147966 -0.02461047758657324 -0.020536368237298971 -0.02976143487266569 -0.012604416375403014 0.017134573944199587 -0.027353985718526031 0.0039034761716037637 0.0033700355682203657 0.0040872838065524946 -0.028754272932048356 0.0067708214937504726 0.0017195830585397048 -0.0074393452474329777
leaf_weight=1987 24 23 62 76 22 20 51 20 25 130 22 22 28 1031 82 23 21 20 31
leaf_count=1987 24 23 62 76 22 20 51 20 25 130 22 22 28 1031 82 23 21 20 31
internal_value=-2.59553e-11 0.000287457 0.0092854 -0.00307767 -0.00751795 0.024315 -0.000318302 0.00539513 -0.00907762 0.000234512 -0.00830009 -0.0185115 -0.00984981 0.000664353 -0.00968955 -0.00310658 -0.00654976 0.0175262 -0.018119
internal_weight=3720 3583 226 124 137 102 3357 63 101 3170 152 74 50 3018 187 105 41 82 82
internal_count=3720 3583 226 124 137 102 3357 63 101 3170 152 74 50 3018 187 105 41 82 82
is_linear=0
shrinkage=0.0104276


Tree=187
num_leaves=24
num_cat=0
split_feature=9 6 8 5 3 0 8 8 5 2 5 8 9 3 2 5 5 0 3 0 8 5 5
split_gain=73.7532 121.223 121.516 176.33 157.5 124.103 165.02 144.34 117.025 165.275 159.288 209.482 138.874 135.526 84.9281 161.655 184.338 94.2294 360.085 170.928 136.509 171.89 123.72
threshold=2.5000000000000004 1.0000000180025095e-35 1.5000000000000002 15.353289723986984 6.4475909122267234 11.500000000000002 2.5000000000000004 2.5000000000000004 16.249782541634058 15.785714285714286 14.654020148029447 2.5000000000000004 3.5000000000000004 4.6521877213394225 18.071428571428573 16.912558006388416 15.89383194328604 19.500000000000004 8.520283806481908 22.500000000000004 5.5000000000000009 13.629626797488271 15.944473916882545
decision_type=2 2 2 2 2 2 2 2 2 2 2 2 2 2 2 2 2 2 2 2 2 2 2
left_child=14 8 3 4 -3 6 -4 -7 10 -10 11 -2 -12 -11 17 16 -16 20 19 -19 22 -22 -1
right_child=1 2 5 -5 -6 7 -8 -9 9 13 12 -13 -14 -15 15 -17 -18 18 -20 -21 21 -23 -24
leaf_value=-0.0018257850920127628 0.0050136708183843529 0.012833605288166501 0.035836250336726189 -0.035444596219328189 -0.02155377368490783 -0.022802369355854429 -0.0015215576501284396 0.0033322154604576645 -0.033564724227092578 -0.028664143979853868 0.011427054899909372 -0.0038238041405861765 0.0029374349732179165 -0.00047925933953101615 -0.0012791126220076544 -0.0097447406404121573 0.041452051697681611 -0.032207147115062167 0.020352642351852322 -0.0082028684628717985 -0.0079551503077033483 0.021502821585282918 -0.016354438745088601
leaf_weight=555 494 28 20 32 30 40 36 54 20 20 295 712 723 256 21 32 23 55 33 78 35 56 72
leaf_count=555 494 28 20 32 30 40 36 54 20 20 295 712 723 256 21 32 23 55 33 78 35 56 72
internal_value=3.61994e-11 0.000865934 -0.00621544 -0.0157944 -0.00495297 -0.000468041 0.0118205 -0.00778888 0.00154035 -0.00461915 0.00236014 -0.00020381 0.00539759 -0.00252164 -0.00248956 0.00808821 0.0210576 -0.00339896 -0.0104794 -0.0181294 -0.00176198 0.0101728 -0.00349415
internal_weight=3720 2760 240 90 58 150 56 94 2520 296 2224 1206 1018 276 960 76 44 884 166 133 718 91 627
internal_count=3720 2760 240 90 58 150 56 94 2520 296 2224 1206 1018 276 960 76 44 884 166 133 718 91 627
is_linear=0
shrinkage=0.0104276


Tree=188
num_leaves=16
num_cat=0
split_feature=2 7 2 3 3 3 7 3 3 7 1 7 5 1 8
split_gain=73.225 81.0207 226.862 290.193 221.498 143.376 141.887 250.566 249.757 219.821 215.941 196.643 183.532 115.521 43.2799
threshold=8.9285714285714306 0.040506361211769308 12.928571428571431 6.0395521751360359 5.1570565991016029 9.0079330116768244 0.23072550352129315 4.9617585208318564 5.7569833370313974 0.27015960959192747 31.500000000000004 0.13711425348255882 13.03097174621135 13.500000000000002 2.5000000000000004
decision_type=2 2 2 2 2 2 2 2 2 2 2 2 2 2 2
left_child=14 2 13 4 -4 -5 7 11 -9 12 -11 -3 -8 -2 -1
right_child=1 6 3 5 -6 -7 9 8 -10 10 -12 -13 -14 -15 -16
leaf_value=0.00086214875566075714 0.045573385805108231 -0.0034310456185553465 -0.00037865123807062938 0.01509778477777694 -0.046751117390116281 -0.015161116938955142 0.036594526420866372 0.012477132866530866 -0.0045815091772781315 -0.00043181538418183895 0.033969587547161083 -0.027578682374331864 0.0072961437310235331 0.011950448598919911 0.020801535532087245
leaf_weight=20 20 67 24 90 21 21 28 113 536 2488 20 81 137 25 29
leaf_count=20 20 67 24 90 21 21 28 113 536 2488 20 81 137 25 29
internal_value=-5.6946e-11 -0.000169024 0.00626759 0.000317667 -0.0220191 0.00937313 -0.000541865 -0.00440342 -0.00161136 0.000609522 -0.000157482 -0.016647 0.012268 0.026894 0.012663
internal_weight=3720 3671 201 156 45 111 3470 797 649 2673 2508 148 165 45 49
internal_count=3720 3671 201 156 45 111 3470 797 649 2673 2508 148 165 45 49
is_linear=0
shrinkage=0.0104276


Tree=189
num_leaves=26
num_cat=0
split_feature=1 1 0 7 5 7 5 4 0 5 5 0 5 9 0 7 7 5 5 1 4 0 0 7 7
split_gain=72.9733 143.767 228.489 390.729 312.463 280.859 186.344 142.374 198.847 299.579 239.732 152.549 154.26 141.8 136.868 213.114 189.062 246.828 190.103 172.493 200.406 195.153 118.015 243.613 137.003
threshold=13.500000000000002 19.500000000000004 10.500000000000002 0.81861465225589847 16.270583358154429 0.82006998554388677 14.878195276123019 15.626960826278658 13.500000000000002 15.732438912210188 16.498026898258573 19.500000000000004 14.426181197444178 3.5000000000000004 23.500000000000004 0.77630375097457227 0.81861465225589847 15.542089947645099 13.912681274774092 8.5000000000000018 17.2583076554304 3.5000000000000004 26.500000000000004 0.27426826952026812 0.40691040802460149
decision_type=2 2 2 2 2 2 2 2 2 2 2 2 2 2 2 2 2 2 2 2 2 2 2 2 2
left_child=14 7 3 4 -3 6 -4 11 10 -10 -9 12 -2 -13 16 22 19 18 -18 20 -1 -21 23 -16 -24
right_child=1 2 5 -5 -6 -7 -8 8 9 -11 -12 13 -14 -15 15 -17 17 -19 -20 21 -22 -23 24 -25 -26
leaf_value=-0.0047517470760070546 -0.00012736079751260598 0.0095025790571774404 -0.0062803181630239572 0.051488285129979119 -0.0278667865428332 -0.035491431602779948 0.0054607304400770421 -0.0013761439676160993 0.02253995759613861 -0.0027023478382816614 -0.03614786893788105 -0.025323703431922428 -0.011486518313496365 -0.0050599600941618646 0.03758533583625271 0.039490742614918091 -0.021028666159497604 -0.043616006618090689 0.013856661570587896 -0.01957938946806885 0.01076735086358524 0.0059812506261670041 -0.017671648687436804 0.0024725194429316751 0.0097946849536763372
leaf_weight=586 368 246 297 22 27 26 291 107 88 122 27 81 201 70 31 23 35 23 33 34 107 726 39 70 40
leaf_count=586 368 246 297 22 27 26 291 107 88 122 27 81 201 70 31 23 35 23 33 34 107 726 39 70 40
internal_value=-1.68051e-11 -0.00137429 0.00167108 0.00921347 0.00580671 -0.0019527 -0.000469697 -0.00397602 0.00154241 0.00787538 -0.00838239 -0.00661261 -0.00414 -0.0159299 0.00155207 0.00960149 0.000493763 -0.0140868 -0.00409902 0.00140693 -0.00235558 0.00483775 0.0057823 0.0132497 -0.00376464
internal_weight=3720 1973 909 295 273 614 588 1064 344 210 134 720 569 151 1747 203 1544 91 68 1453 693 760 180 101 79
internal_count=3720 1973 909 295 273 614 588 1064 344 210 134 720 569 151 1747 203 1544 91 68 1453 693 760 180 101 79
is_linear=0
shrinkage=0.0104276


Tree=190
num_leaves=17
num_cat=0
split_feature=7 5 5 1 5 5 7 1 5 3 1 1 2 8 3 7
split_gain=72.2313 74.2066 348.357 258.412 268.196 194.181 203.345 190.029 171.879 157.385 318.107 426.647 400.204 218.345 558.688 314.578
threshold=1.0000000180025095e-35 14.894500689213002 15.314633149065839 20.500000000000004 15.007739222948139 15.389047006981789 0.81861465225589847 19.500000000000004 14.931187728976022 5.6103645582252941 10.500000000000002 17.500000000000004 13.071428571428573 2.5000000000000004 6.9710282727036583 0.023356634499792604
decision_type=2 2 2 2 2 2 2 2 2 2 2 2 2 2 2 2
left_child=-1 9 3 8 -5 7 -7 -4 -3 10 12 -12 -2 14 -11 -15
right_child=1 2 5 4 -6 6 -8 -9 -10 13 11 -13 -14 15 -16 -17
leaf_value=0.018421997653736612 0.025592903684964856 -0.017517884225367569 -0.02579389807651197 0.054142178025375909 0.012018265602778131 0.0010626634329533335 -0.017792642276541318 0.0098780951587565148 0.0087180050997130269 -0.010234948314685563 -0.011114712788372531 0.0086998547375654323 -0.0035823023462718084 0.029302041340486709 0.0097983919113535378 -0.0082948931442539467
leaf_weight=23 122 30 62 27 42 1078 66 22 286 265 258 218 88 25 353 755
leaf_count=23 122 30 62 27 42 1078 66 22 286 265 258 218 88 25 353 755
internal_value=-3.48347e-11 -0.000114608 0.00156463 0.0102193 0.0285015 -0.00114875 -2.51427e-05 -0.0164512 0.00622726 -0.00141433 0.00267648 -0.00203997 0.0133671 -0.00342169 0.00120804 -0.00708986
internal_weight=3720 3697 1613 385 69 1228 1144 84 316 2084 686 476 210 1398 618 780
internal_count=3720 3697 1613 385 69 1228 1144 84 316 2084 686 476 210 1398 618 780
is_linear=0
shrinkage=0.0104276


Tree=191
num_leaves=20
num_cat=0
split_feature=9 6 7 8 1 3 9 8 3 1 1 1 7 3 3 3 7 7 1
split_gain=71.9602 118.456 155.016 212.315 182.734 176.755 107.205 212.553 310.265 147.094 125.38 86.5317 111.478 162.499 123.385 120.648 151.06 88.27 81.9076
threshold=2.5000000000000004 1.0000000180025095e-35 0.10179469516679256 1.5000000000000002 19.500000000000004 7.8891124493250286 4.5000000000000009 2.5000000000000004 4.4614753058558785 2.5000000000000004 10.500000000000002 26.500000000000004 0.13711425348255882 3.0078843751231035 8.8209706840870865 8.004461797259939 0.10523678859827851 0.47923963526106056 6.5000000000000009
decision_type=2 2 2 2 2 2 2 2 2 2 2 2 2 2 2 2 2 2 2
left_child=11 6 -3 5 -5 -4 9 8 -8 -2 -11 12 15 -14 -15 16 -1 -13 -9
right_child=1 2 3 4 -6 -7 7 18 -10 10 -12 17 13 14 -16 -17 -18 -19 -20
leaf_value=0.0043482779157029798 -0.02433774364901584 -0.028317286864666946 -0.0070959473117557011 -0.00090435601618377528 0.030033049363405478 -0.042246185554448958 0.038691734477429705 0.0037769281802028979 0.0019382618469976202 0.0077408441795888501 0.001492597261577127 -0.03290432913708554 0.023398192915930954 -0.0056853589072560443 0.0075878638491132929 -0.016244554076890769 0.032045302976399133 -0.0035134568524000146 -0.0075994236601627961
leaf_weight=91 21 30 60 103 26 21 27 82 333 507 1122 20 24 665 86 21 28 25 428
leaf_count=91 21 30 60 103 26 21 27 82 333 507 1122 20 24 665 86 21 28 25 428
internal_value=-6.92073e-12 0.000855343 -0.00614473 -0.00297722 0.00533109 -0.016209 0.00152202 -0.00143992 0.00469477 0.00308376 0.00343726 -0.00245911 -0.00176484 -0.00331181 -0.00416539 0.00679876 0.0108652 -0.0165761 -0.00577028
internal_weight=3720 2760 240 210 129 81 2520 870 360 1650 1629 960 915 775 751 140 119 45 510
internal_count=3720 2760 240 210 129 81 2520 870 360 1650 1629 960 915 775 751 140 119 45 510
is_linear=0
shrinkage=0.0104276


Tree=192
num_leaves=20
num_cat=0
split_feature=2 2 1 2 7 5 5 7 4 2 1 4 0 4 4 4 7 7 2
split_gain=72.077 175.134 185.985 173.529 378.331 180.438 275.598 174.188 213.088 157.205 328.216 328.31 150.072 128.53 232.557 185.875 68.6108 50.973 32.2702
threshold=19.500000000000004 20.357142857142858 14.500000000000002 18.071428571428573 0.44576807838270699 15.820092460196117 16.661330532157159 0.75516464203108058 18.175661619254967 17.357142857142858 16.500000000000004 17.289398909768494 17.500000000000004 15.658689860371426 16.428423758279553 15.374103592775327 0.43179026241201307 0.63209106626866596 18.642857142857149
decision_type=2 2 2 2 2 2 2 2 2 2 2 2 2 2 2 2 2 2 2
left_child=3 2 -2 9 5 18 -7 8 -6 13 11 -11 -3 15 -15 -1 -14 -12 -5
right_child=1 12 -4 4 7 6 -8 -9 -10 10 17 -13 16 14 -16 -17 -18 -19 -20
leaf_value=-0.00026277831004178106 -0.0022108938464141499 0.027325631995099988 -0.035285631595805417 -0.011977272045000598 0.0020317816984689561 0.022362332187480891 -0.015978482273474523 0.05159612294635741 0.035812122047211729 -0.017487615382779317 -0.022149308047050304 0.016765724121270326 -0.020256735120813711 0.011160553219201194 -0.00075319088860451727 -0.013521393722576776 0.0067298729120865968 -0.041895139547462677 -0.030484996589329981
leaf_weight=2308 38 22 36 21 45 47 36 20 37 58 44 64 20 298 443 121 21 21 20
leaf_count=2308 38 22 36 21 45 47 36 20 37 58 44 64 20 298 443 121 21 21 20
internal_value=1.85516e-11 -0.00742292 -0.0183013 0.000283824 0.00912824 -0.00310821 0.00573258 0.0240039 0.0172741 -0.0003116 -0.00960237 0.00048135 0.00535487 0.000236467 0.00403803 -0.000923253 -0.00643433 -0.0285287 -0.0210054
internal_weight=3720 137 74 3583 226 124 83 102 82 3357 187 122 63 3170 741 2429 41 65 41
internal_count=3720 137 74 3583 226 124 83 102 82 3357 187 122 63 3170 741 2429 41 65 41
is_linear=0
shrinkage=0.0104276


Tree=193
num_leaves=17
num_cat=0
split_feature=2 1 1 0 5 0 8 5 0 9 2 9 2 2 3 5
split_gain=71.6806 79.5916 214.659 269.58 322.62 174.068 169.894 301.975 221.333 169.732 153.663 146.486 144.864 101.41 128.994 113.823
threshold=8.6428571428571441 15.500000000000002 18.500000000000004 8.5000000000000018 12.820273303241324 5.5000000000000009 4.5000000000000009 15.790873342820621 11.500000000000002 4.5000000000000009 10.642857142857144 3.5000000000000004 13.500000000000002 11.785714285714286 6.9333543135894393 13.05677546761016
decision_type=2 2 2 2 2 2 2 2 2 2 2 2 2 2 2 2
left_child=-1 5 13 4 -4 9 8 -8 -7 10 -2 -5 -11 14 -3 -15
right_child=1 2 3 11 -6 6 7 -9 -10 12 -12 -13 -14 15 -16 -17
leaf_value=0.015790192774455859 0.023397441185529885 -0.01044535546575572 -0.023042035838575801 -0.0068214266783391334 0.014519633944963356 0.0064867620114549777 0.0032265894803879002 0.023141389428158261 -0.0024995841162817104 -0.041329206296092089 -0.007297999789079441 0.0021026894871632364 -0.0048123499839176137 0.012473909713897988 -0.040961701517725685 -0.006837042932325667
leaf_weight=31 21 61 28 377 222 430 406 104 971 27 114 426 21 36 20 425
leaf_count=31 21 61 28 377 222 430 406 104 971 27 114 426 21 36 20 425
internal_value=1.30834e-11 -0.000132691 -0.00188767 0.000856837 0.0103127 0.00120408 0.00213444 0.00728765 0.000258538 -0.00851133 -0.00252315 -0.00208709 -0.0253531 -0.00721971 -0.0179803 -0.00532903
internal_weight=3720 3689 1595 1053 250 2094 1911 510 1401 183 135 803 48 542 81 461
internal_count=3720 3689 1595 1053 250 2094 1911 510 1401 183 135 803 48 542 81 461
is_linear=0
shrinkage=0.0104276


Tree=194
num_leaves=20
num_cat=0
split_feature=2 2 1 2 7 9 7 2 1 7 0 9 2 2 1 8 9 7 7
split_gain=70.628 171.399 181.671 169.784 370.072 177.502 175.487 154.669 320.179 204.6 146.864 123.83 448.366 227.688 110.945 107.754 71.5649 71.2168 67.3694
threshold=19.500000000000004 20.357142857142858 14.500000000000002 18.071428571428573 0.44576807838270699 3.5000000000000004 0.061435934677514313 17.357142857142858 16.500000000000004 0.41856757364393143 17.500000000000004 3.5000000000000004 16.642857142857149 16.928571428571434 11.500000000000002 3.5000000000000004 2.5000000000000004 0.25385127026782267 0.43179026241201307
decision_type=2 2 2 2 2 2 2 2 2 2 2 2 2 2 2 2 2 2 2
left_child=3 2 -2 7 6 16 -5 11 9 -9 -3 13 -13 -1 -7 -10 -6 -8 -12
right_child=1 10 -4 4 5 14 17 8 15 -11 18 12 -14 -15 -16 -17 -18 -19 -20
leaf_value=-0.00094299530157079196 -0.0022069630705426196 0.027027546179723746 -0.034895902546157265 0.022922463520288469 0.026236496182070249 -0.0081186778892307944 -0.016531832744787301 -0.014468416234154936 -0.016166576026433833 0.012670889085038595 -0.020066424204225972 0.00062002419170429431 0.020586927812519088 -0.020297461548213526 0.022223489090063074 -0.043175506885074891 0.052833839976188277 0.0011769374033111534 0.0066749325674220587
leaf_weight=1568 38 22 36 23 22 20 58 55 36 67 20 1399 134 69 38 29 22 43 21
leaf_count=1568 38 22 36 23 22 20 58 55 36 67 20 1399 134 69 38 29 22 43 21
internal_value=1.37786e-11 -0.00734793 -0.0181097 0.000280956 0.0090294 0.0237418 -0.00307275 -0.000308007 -0.00952353 0.000435956 0.00529287 0.000235622 0.00236534 -0.00175879 0.0117607 -0.0282167 0.0395352 -0.00899246 -0.00636963
internal_weight=3720 137 74 3583 226 102 124 3357 187 122 63 3170 1533 1637 58 65 44 101 41
internal_count=3720 137 74 3583 226 102 124 3357 187 122 63 3170 1533 1637 58 65 44 101 41
is_linear=0
shrinkage=0.0104276


Tree=195
num_leaves=13
num_cat=0
split_feature=5 3 5 7 2 2 5 5 2 1 2 7
split_gain=71.2285 301.965 195.374 446.519 139.213 131.133 203.092 164.129 103.742 104.137 72.7765 49.6651
threshold=17.034473924761382 6.0395521751360359 16.737414395340434 0.49919894374383444 19.500000000000004 18.071428571428573 16.043660705057096 16.057855167196909 18.071428571428573 15.500000000000002 20.214285714285719 0.42915757408335492
decision_type=2 2 2 2 2 2 2 2 2 2 2 2
left_child=2 -2 4 -4 5 7 -7 -1 -3 11 -6 -10
right_child=1 8 3 -5 10 6 -8 -9 9 -11 -12 -13
leaf_value=0.00042961852802948525 -0.033325981227393005 -0.016799852177268804 -0.0073370369266691649 0.045421903187276985 -0.027467928272255745 -0.00055119636256491526 0.022754102531721877 -0.0081885732769868217 0.008180619992997169 -0.0062010388263617142 -0.0033782456191900358 0.030226718816775244
leaf_weight=3027 36 25 37 33 30 97 70 261 25 34 25 20
leaf_count=3027 36 25 37 33 30 97 70 261 25 34 25 20
internal_value=4.48375e-11 -0.00729655 0.00028534 0.017535 -5.8671e-05 0.000203346 0.00921749 -0.00025449 0.00171364 0.00757234 -0.0165181 0.0179789
internal_weight=3720 140 3580 70 3510 3455 167 3288 104 79 55 45
internal_count=3720 140 3580 70 3510 3455 167 3288 104 79 55 45
is_linear=0
shrinkage=0.0104276


Tree=196
num_leaves=16
num_cat=0
split_feature=2 6 8 5 3 3 3 5 3 3 4 5 8 2 3
split_gain=70.199 76.4744 148.09 154.142 130.688 115.268 190.216 104.829 273.536 229.498 208.689 475.968 136.512 103.759 89.2582
threshold=8.6428571428571441 1.0000000180025095e-35 1.5000000000000002 15.353289723986984 6.4475909122267234 5.3807416730763977 6.0395521751360359 16.291758455811983 5.8858179594575697 6.1605503773917016 17.289398909768494 15.965178317552272 2.5000000000000004 19.214285714285719 4.7759317216145121
decision_type=2 2 2 2 2 2 2 2 2 2 2 2 2 2 2
left_child=-1 7 3 4 -3 14 -7 10 13 -10 12 -12 -2 -9 -4
right_child=1 2 5 -5 -6 6 -8 8 9 -11 11 -13 -14 -15 -16
leaf_value=0.015626159864725778 0.0027566403653536465 0.010436818054154119 0.00041169109867329582 -0.034804125440104298 -0.021185782740456863 0.033453611025304621 -0.00065232209069051575 -0.012840550665320798 0.030859406157942842 -0.0027685883471656714 0.00092307609636678011 0.031610020045918064 -0.0019226003371197304 -0.036727654048763013 -0.03036884255382858
leaf_weight=31 1188 27 20 32 30 21 116 58 24 274 192 77 1579 30 21
leaf_count=31 1188 27 20 32 30 21 116 58 24 274 192 77 1579 30 21
internal_value=2.7072e-11 -0.000131312 -0.00550624 -0.0164889 -0.00620666 -1.4918e-05 0.00457559 0.000288064 -0.00483044 -6.02935e-05 0.000938836 0.00970707 8.64123e-05 -0.0209839 -0.0153539
internal_weight=3720 3689 267 89 57 178 137 3422 386 298 3036 269 2767 88 41
internal_count=3720 3689 267 89 57 178 137 3422 386 298 3036 269 2767 88 41
is_linear=0
shrinkage=0.0104276


Tree=197
num_leaves=16
num_cat=0
split_feature=2 5 4 3 5 3 2 3 4 3 1 2 3 4 3
split_gain=69.0491 77.6627 276.763 265.381 256.423 223.5 208.295 314.862 187.484 161.042 142.752 235.302 127.717 115.79 43.5397
threshold=8.9285714285714306 14.010373983056075 13.018793629486407 3.8606685826112943 13.944406416322138 3.6774675532904193 11.071428571428573 4.3369947901195163 15.207003296631548 5.1130086194780811 13.500000000000002 11.214285714285717 3.4364987719369018 13.703667826560952 5.214446791510122
decision_type=2 2 2 2 2 2 2 2 2 2 2 2 2 2 2
left_child=14 2 6 5 8 12 9 -8 -4 -2 13 -12 -3 -5 -1
right_child=1 3 4 10 -6 -7 7 -9 -10 -11 11 -13 -14 -15 -16
leaf_value=0.004133721387912897 0.004033574735168818 -0.014908165103197013 -0.010266165914535233 -0.0031467684156576514 -0.036692811515812863 -0.040624862192008532 0.031906241779855675 0.0027108728660843041 0.0087450066539510232 -0.012642790414397564 0.03097858137118539 -0.0013282344033875727 0.011166764291079491 0.0059719873311675871 0.02413286199584164
leaf_weight=29 103 64 309 182 34 27 44 461 69 162 25 1260 30 901 20
leaf_count=29 103 64 309 182 34 27 44 461 69 162 25 1260 30 901 20
internal_value=-1.53184e-11 -0.000164134 -0.00236504 0.000881055 -0.0092631 -0.0141817 0.00132586 0.00525463 -0.00679587 -0.00616103 0.00165073 -0.000699697 -0.00658638 0.00443956 0.0122966
internal_weight=3720 3671 1182 2489 412 121 770 505 378 265 2368 1285 94 1083 49
internal_count=3720 3671 1182 2489 412 121 770 505 378 265 2368 1285 94 1083 49
is_linear=0
shrinkage=0.0104276


Tree=198
num_leaves=17
num_cat=0
split_feature=7 5 5 1 5 5 7 1 5 7 7 5 2 4 4 5
split_gain=70.1416 71.3828 342.983 253.514 262.635 188.828 201.281 186.048 167.956 153.384 379.163 358.978 355.649 215.267 193.611 39.6489
threshold=1.0000000180025095e-35 14.894500689213002 15.314633149065839 20.500000000000004 15.007739222948139 15.389047006981789 0.81861465225589847 19.500000000000004 14.931187728976022 0.77279574640276405 0.75270044168274863 12.78901861878987 13.214285714285717 15.207003296631548 13.56841421506452 12.204957873888466
decision_type=2 2 2 2 2 2 2 2 2 2 2 2 2 2 2 2
left_child=-1 9 3 8 -5 7 -7 -4 -3 10 13 15 -13 -2 -12 -11
right_child=1 2 5 4 -6 6 -8 -9 -10 11 14 12 -14 -15 -16 -17
leaf_value=0.018153566396008458 -0.0032573266145184622 -0.017304966786119383 -0.025492681035993222 0.05360326945393009 0.011918309588268056 0.0010319537409902136 -0.017727371550160263 0.0098036391319451834 0.0086298203493744043 -0.01144801453063099 -0.009746479952444766 0.027981622465010417 -0.00043929021726814066 0.0064415896461564575 -0.05353929227031573 -0.031962834809917372
leaf_weight=23 1508 30 62 27 42 1078 66 22 286 21 21 88 105 298 23 20
leaf_count=23 1508 30 62 27 42 1078 66 22 286 21 21 88 105 298 23 20
internal_value=1.34316e-11 -0.000112938 0.00153404 0.0101217 0.0282298 -0.00115833 -5.0315e-05 -0.0162484 0.00616766 -0.00138769 -0.0023938 0.00656663 0.0125195 -0.00165695 -0.0326382 -0.0214552
internal_weight=3720 3697 1613 385 69 1228 1144 84 316 2084 1850 234 193 1806 44 41
internal_count=3720 3697 1613 385 69 1228 1144 84 316 2084 1850 234 193 1806 44 41
is_linear=0
shrinkage=0.0104276


Tree=199
num_leaves=23
num_cat=0
split_feature=9 4 1 4 4 5 0 0 3 3 5 5 4 1 7 4 4 0 4 1 4 5
split_gain=69.3244 121.201 276.387 307.482 269.055 216.441 384.069 296.046 269.076 228.489 228.354 172.125 306.961 145.892 113.332 84.3081 104.367 281.154 154.852 148.796 139.379 70.324
threshold=2.5000000000000004 11.672347023524869 10.500000000000002 10.34692074641139 11.160519023970393 14.010373983056075 20.500000000000004 3.5000000000000004 4.1604706010168817 4.4239607334862976 13.39463387661471 12.78901861878987 11.414747953241234 18.500000000000004 0.15565847947566844 9.6868193392815005 11.272171093664431 14.500000000000002 11.609680379999725 28.500000000000004 10.805421097268455 12.204957873888466
decision_type=2 2 2 2 2 2 2 2 2 2 2 2 2 2 2 2 2 2 2 2 2 2
left_child=15 2 3 -2 -5 6 7 -3 14 -10 -8 13 -13 -4 -7 21 17 20 -18 -20 -17 -1
right_child=1 5 11 4 -6 8 10 -9 9 -11 -12 12 -14 -15 -16 16 18 -19 19 -21 -22 -23
leaf_value=-0.0046886752338124657 0.046811978349216639 -0.036031810071915069 -0.020517271209310156 -0.0073366168155772652 0.038376547398913378 0.0072378886512906356 -0.04929500760454876 -0.00047990958133302674 0.026433153662328544 0.0020961839987753217 -0.010754540999601997 1.2318716489899957e-05 0.03595556989776965 0.0050016219674483024 -0.019164106409462645 0.0091191886885436564 -0.023457542655214131 -0.014862938747968507 -0.0011170412383011896 -0.028036475249729322 0.042145356779692764 -0.030922261195758038
leaf_weight=25 34 27 58 42 21 22 32 449 43 1713 35 119 33 42 90 33 38 34 763 23 24 20
leaf_count=25 34 27 58 42 21 22 32 449 43 1713 35 119 33 42 90 33 38 34 763 23 24 20
internal_value=1.30974e-11 0.000839532 0.00658293 0.02154 0.0079011 8.1565e-06 -0.00578672 -0.00249651 0.00169264 0.00269213 -0.0291619 0.000825659 0.00781579 -0.00979934 -0.013978 -0.00241365 -0.00172836 0.00886903 -0.0028987 -0.00190476 0.0230249 -0.016348
internal_weight=3720 2760 349 97 63 2411 543 476 1868 1756 67 252 152 100 112 960 915 91 824 786 57 45
internal_count=3720 2760 349 97 63 2411 543 476 1868 1756 67 252 152 100 112 960 915 91 824 786 57 45
is_linear=0
shrinkage=0.0104276


end of trees

feature_importances:
discount_ratio=538
rolling_std_7=516
ema_28=489
lag_28=432
ema_7=395
lag_7=353
rolling_mean_7=345
day_of_week=210
month=151
is_event=45
is_weekend=3

parameters:
[boosting: gbdt]
[objective: regression]
[metric: rmse]
[tree_learner: serial]
[device_type: cpu]
[data_sample_strategy: bagging]
[data: ]
[valid: ]
[num_iterations: 200]
[learning_rate: 0.0104276]
[num_leaves: 48]
[num_threads: 0]
[seed: 42]
[deterministic: 0]
[force_col_wise: 0]
[force_row_wise: 0]
[histogram_pool_size: -1]
[max_depth: 5]
[min_data_in_leaf: 20]
[min_sum_hessian_in_leaf: 0.001]
[bagging_fraction: 1]
[pos_bagging_fraction: 1]
[neg_bagging_fraction: 1]
[bagging_freq: 0]
[bagging_seed: 400]
[bagging_by_query: 0]
[feature_fraction: 0.70612]
[feature_fraction_bynode: 1]
[feature_fraction_seed: 30056]
[extra_trees: 0]
[extra_seed: 12879]
[early_stopping_round: 0]
[early_stopping_min_delta: 0]
[first_metric_only: 0]
[max_delta_step: 0]
[lambda_l1: 0]
[lambda_l2: 0]
[linear_lambda: 0]
[min_gain_to_split: 0]
[drop_rate: 0.1]
[max_drop: 50]
[skip_drop: 0.5]
[xgboost_dart_mode: 0]
[uniform_drop: 0]
[drop_seed: 17869]
[top_rate: 0.2]
[other_rate: 0.1]
[min_data_per_group: 100]
[max_cat_threshold: 32]
[cat_l2: 10]
[cat_smooth: 10]
[max_cat_to_onehot: 4]
[top_k: 20]
[monotone_constraints: ]
[monotone_constraints_method: basic]
[monotone_penalty: 0]
[feature_contri: ]
[forcedsplits_filename: ]
[refit_decay_rate: 0.9]
[cegb_tradeoff: 1]
[cegb_penalty_split: 0]
[cegb_penalty_feature_lazy: ]
[cegb_penalty_feature_coupled: ]
[path_smooth: 0]
[interaction_constraints: ]
[verbosity: -1]
[saved_feature_importance_type: 0]
[use_quantized_grad: 0]
[num_grad_quant_bins: 4]
[quant_train_renew_leaf: 0]
[stochastic_rounding: 1]
[linear_tree: 0]
[max_bin: 255]
[max_bin_by_feature: ]
[min_data_in_bin: 3]
[bin_construct_sample_cnt: 200000]
[data_random_seed: 175]
[is_enable_sparse: 1]
[enable_bundle: 1]
[use_missing: 1]
[zero_as_missing: 0]
[feature_pre_filter: 1]
[pre_partition: 0]
[two_round: 0]
[header: 0]
[label_column: ]
[weight_column: ]
[group_column: ]
[ignore_column: ]
[categorical_feature: ]
[forcedbins_filename: ]
[precise_float_parser: 0]
[parser_config_file: ]
[objective_seed: 16083]
[num_class: 1]
[is_unbalance: 0]
[scale_pos_weight: 1]
[sigmoid: 1]
[boost_from_average: 1]
[reg_sqrt: 0]
[alpha: 0.9]
[fair_c: 1]
[poisson_max_delta_step: 0.7]
[tweedie_variance_power: 1.5]
[lambdarank_truncation_level: 30]
[lambdarank_norm: 1]
[label_gain: ]
[lambdarank_position_bias_regularization: 0]
[eval_at: ]
[multi_error_top_k: 1]
[auc_mu_weights: ]
[num_machines: 1]
[local_listen_port: 12400]
[time_out: 120]
[machine_list_filename: ]
[machines: ]
[gpu_platform_id: -1]
[gpu_device_id: -1]
[gpu_device_id_list: ]
[gpu_use_dp: 0]
[num_gpu: 1]

end of parameters

pandas_categorical:[]
