tree
version=v4
num_class=1
num_tree_per_iteration=1
label_index=0
max_feature_idx=10
objective=regression
feature_names=lag_7 lag_28 rolling_mean_7 rolling_std_7 ema_7 ema_28 is_event discount_ratio day_of_week month is_weekend
feature_infos=[0:38] [0:38] [6.7142857142857144:24.142857142857142] [1.4960264830862091:12.581165060745144] [6.5202590187576988:24.23605465907896] [10.666414365067828:19.032241922423221] [0:1] [0:0.86629742314687896] [0:6] [1:5] [0:1]
tree_sizes=2602 2747 2750 2753 2738 2753 2736 2766 2751 2746 2742 2760 2740 2719 2766 2753 2764 2745 2737 2752 2747 2731 2754 2759 2743 2715 2760 2738 2745 2748 2722 2739 2763 2730 2730 2747 2757 2748 2730 2747 2754 2763 2742 2762 2749 2749 2721 2755 2752 2755 2743 2745 2751 2751 2729 2759 2753 2770 2749 2763 2723 2727 2755 2739 2751 2753 2710 2727 2740 2770 2723 2749 2721 2758 2751 2726 2734 2726 2727 2755 2760 2731 2747 2748 2767 2757 2749 2733 2747 2719 2732 2712 2741 2741 2776 2756 2721 2745 2748 2707 2726 2741 2743 2782 2718 2716 2755 2776 2715 2750 2764 2727 2757 2751 2749 2751 2723 2751 2748 2778 2727 2761 2731 2739 2737 2738 2725 2742 2734 2756 2743 2745 2727 2754 2745 2729 2746 2739 2725 2747 2721 2745 2739 2741 2749 2722 2755 2733 2720 2759 2764 2737 2723 2738 2781 2731 2711 2738 2759 2736 2724 2747 2727 2737 2751 2761 2752 2746 2741 2739 2736 2745 2743 2756 2770 2742 2740 2754 2755 2720 2762 2755 2724 2754 2738 2730 2755 2758 2745 2736 2754 2771 2736 2715 2759 2760 2741 2767 2728 2737 2740 2743 2755 2735 2757 2737 2725 2782 2755 2782 2752 2751 2755 2764 2753 2744 2753 2777 2749 2748 2797 2739 2797 2764 2764 2747 2770 2772 2760 2754 2770 2757 2753 2733 2775 2756 2775 2744 2768 2748 2741 2768 2762 2733 2756 2777 2783 2742 2737 2761 2754 2748 2773 2759 2760 2767 2753 2751 2750 2755 2728 2725 2728 2754 2748 2763 2734 2749 2792 2759 2769 2755 2793 2762 2765 2761 2775 2733 2767 2734 2739 2765 2764 2722 2754 2752 2713 2745 2761 2749 2716 2763 2755 2766 2762 2745 2758 2740 2757 2743

Tree=0
num_leaves=31
num_cat=0
split_feature=9 7 5 1 4 1 0 7 0 4 0 0 2 4 2 0 0 4 5 8 8 4 0 4 4 7 4 4 3 3
split_gain=341.907 297.976 414.399 408.091 498.149 388.699 393.709 358.317 360.787 352.988 319.29 550.238 280.206 278.259 474.819 377.047 368.673 362.708 298.455 283.924 489.298 343.698 308.033 269.545 293.687 315.303 254.866 244.96 239.259 276.885
threshold=2.5000000000000004 0.41856757364393143 15.61114557499099 13.500000000000002 18.323573397838395 18.500000000000004 20.500000000000004 0.43907863847878786 17.500000000000004 19.205305226628635 23.500000000000004 17.500000000000004 17.071428571428573 14.324538393890881 14.357142857142859 14.500000000000002 3.5000000000000004 17.666244232755616 14.654020148029447 2.5000000000000004 5.5000000000000009 11.581462411786573 11.500000000000002 11.326143496166738 13.044857386565626 0.545317665506449 15.287309407663331 13.773943201303686 9.5518634432290366 6.9710282727036583
decision_type=2 2 2 2 2 2 2 2 2 2 2 2 2 2 2 2 2 2 2 2 2 2 2 2 2 2 2 2 2 2
left_child=-1 2 13 4 7 -5 12 -3 28 -6 11 -4 26 14 16 -16 -2 -15 -17 21 27 -18 -23 -10 -25 -26 -7 -21 29 -9
right_child=1 3 10 5 9 6 -8 8 23 -11 -12 -13 -14 17 15 18 19 -19 -20 20 -22 22 -24 24 25 -27 -28 -29 -30 -31
leaf_value=14.515426744644341 14.357822577080499 14.752003615239305 14.5130624769227 14.502945817056323 14.860501151746526 14.589204854632241 14.487783917958133 14.513821322139135 14.795024962636274 14.623794799861514 14.592886137458033 14.367197577654814 14.45907257932809 14.597130429375667 14.289072577158109 14.395651525425992 14.70341683964938 14.430739244471528 14.595153658572704 14.464358292132204 14.629504676993413 14.660947578694792 14.502167815752269 14.465685480592713 14.505739245340761 14.675476087783698 14.697625211303095 14.649072581414254 14.378358291570217 14.604483537499389
leaf_weight=960 24 29 198 355 28 189 97 199 21 36 59 96 30 363 32 38 61 36 37 175 81 48 84 31 36 114 76 20 21 146
leaf_count=960 24 29 198 355 28 189 97 199 21 36 59 96 30 363 32 38 61 36 37 175 81 48 84 31 36 114 76 20 21 146
internal_value=14.5411 14.5501 14.5333 14.5662 14.5948 14.5408 14.5752 14.5806 14.5718 14.7274 14.4867 14.4654 14.6039 14.5498 14.5282 14.4328 14.549 14.5821 14.4941 14.5587 14.5262 14.6053 14.5599 14.6255 14.6058 14.6347 14.6203 14.4833 14.5422 14.5522
internal_weight=3720 2760 1352 1408 661 747 392 597 568 64 353 294 295 999 600 107 493 399 75 469 276 193 132 202 181 150 265 195 366 345
internal_count=3720 2760 1352 1408 661 747 392 597 568 64 353 294 295 999 600 107 493 399 75 469 276 193 132 202 181 150 265 195 366 345
is_linear=0
shrinkage=1


Tree=1
num_leaves=31
num_cat=0
split_feature=9 6 7 1 5 5 7 7 7 5 1 0 1 3 4 4 2 5 2 4 9 2 7 0 8 1 2 4 7 1
split_gain=308.571 292.284 280.869 266.134 255.053 348.964 338.145 336.819 659.144 604.17 504.835 361.345 347.864 479.073 421.447 378.645 327.473 320.252 269.201 267.46 324.127 259.839 259.573 231.576 227.433 383.939 221.42 491.024 401.255 218.174
threshold=2.5000000000000004 1.0000000180025095e-35 0.10179469516679256 19.500000000000004 16.291758455811983 14.654020148029447 0.42915757408335492 0.77279574640276405 0.75270044168274863 12.878615001663253 19.500000000000004 17.500000000000004 10.500000000000002 5.5891050480461777 15.184763233891898 13.018793629486407 18.071428571428573 13.912681274774092 19.785714285714288 10.805421097268455 4.5000000000000009 13.214285714285717 0.32932882441735312 6.5000000000000009 4.5000000000000009 15.500000000000002 14.928571428571431 15.436440819826364 0.59571365110824004 15.500000000000002
decision_type=2 2 2 2 2 2 2 2 2 2 2 2 2 2 2 2 2 2 2 2 2 2 2 2 2 2 2 2 2 2
left_child=-1 4 -3 26 5 7 24 8 12 -9 11 21 13 -2 15 -14 29 -17 -18 -15 -21 -11 -22 -16 -6 -26 28 -28 -4 -8
right_child=1 2 3 -5 6 -7 16 9 -10 10 -12 -13 14 19 23 17 18 -19 -20 20 22 -23 -24 -25 25 -27 27 -29 -30 -31
leaf_value=-0.024417166411876679 0.14195955727030249 -0.18733999898036324 -0.066575364970554746 0.095964433762588008 -0.13118623273169741 0.040451480757365842 0.05314683062689645 -0.10954133949109486 -0.27372519276712254 0.096221263068062932 0.32151496043572059 0.23481416466335456 -0.0069568369230351493 0.17372239955833979 0.22290786277680172 -0.15461140736789988 0.17659746505493343 -0.036705242753473685 -0.018555402209361395 0.026479858426463526 -0.23366028034687042 -0.11022278098044572 -0.026212811470031738 0.034203374510010084 0.16055748363335928 -0.13833460821346805 -0.3240092805027962 -0.041206432246800623 0.16613809598816767 -0.12703761234879493
leaf_weight=960 85 30 59 38 94 1034 28 35 23 35 26 24 388 21 21 101 43 134 30 151 25 27 38 72 21 22 20 66 27 42
leaf_count=960 85 30 59 38 94 1034 28 35 23 35 26 24 388 21 21 101 43 134 30 151 25 27 38 72 21 22 20 66 27 42
internal_value=5.64201e-10 0.00849293 -0.0442316 -0.0237875 0.0135143 0.0191382 -0.0314771 0.000864701 -0.00898006 0.0717872 0.128452 0.0700845 -0.00310251 0.0402362 -0.0224718 -0.0372929 0.0223046 -0.0873798 0.0963977 0.0034427 -0.013267 0.00631821 -0.108533 0.0768141 -0.0876143 0.00763595 -0.0502443 -0.106975 0.00648584 -0.0549638
internal_weight=3720 2760 240 210 2520 2240 280 1206 1059 147 112 86 1036 320 716 623 143 235 73 235 214 62 63 93 137 43 172 86 86 70
internal_count=3720 2760 240 210 2520 2240 280 1206 1059 147 112 86 1036 320 716 623 143 235 73 235 214 62 63 93 137 43 172 86 86 70
is_linear=0
shrinkage=0.05


Tree=2
num_leaves=31
num_cat=0
split_feature=9 6 7 8 7 5 5 7 7 7 5 1 0 1 4 4 4 3 9 2 5 2 2 7 7 5 3 0 2 1
split_gain=278.486 263.786 253.484 250.487 256.212 230.185 314.94 305.176 303.979 594.877 545.264 455.614 326.113 313.947 437.08 380.356 341.727 334.476 309.658 295.544 289.027 242.954 234.505 234.265 224.663 213.833 234.561 208.997 205.563 325.187
threshold=2.5000000000000004 1.0000000180025095e-35 0.10179469516679256 1.5000000000000002 0.53158523097013355 16.291758455811983 14.654020148029447 0.42915757408335492 0.77279574640276405 0.75270044168274863 12.878615001663253 19.500000000000004 17.500000000000004 10.500000000000002 10.34692074641139 15.184763233891898 13.018793629486407 5.5891050480461777 4.5000000000000009 18.071428571428573 13.912681274774092 19.785714285714288 13.214285714285717 0.32932882441735312 0.31339541316093561 15.353289723986984 6.4475909122267234 6.5000000000000009 18.071428571428573 13.500000000000002
decision_type=2 2 2 2 2 2 2 2 2 2 2 2 2 2 2 2 2 2 2 2 2 2 2 2 2 2 2 2 2 2
left_child=28 5 -3 25 24 6 8 -7 9 13 -10 12 22 14 -2 16 -15 -16 -19 -9 -18 -21 -12 -20 -5 26 -4 -17 -1 -30
right_child=1 2 3 4 -6 7 -8 19 10 -11 11 -13 -14 15 17 27 20 18 23 21 -22 -23 -24 -25 -26 -27 -28 -29 29 -31
leaf_value=-0.029980346054782697 0.24344265113274255 -0.17797300159931184 0.085173941869288686 0.03528413072228432 0.098636606412714933 -0.083233591973999127 0.038428909647525281 -0.052215643163238262 -0.10406426936388016 -0.26003893069598988 0.091410204172134413 0.30543921131354113 0.22307345640535156 -0.0066089931606631916 0.11282238364219666 0.21176247710273383 -0.14688083525046264 0.027995121139514297 -0.22197726261615755 0.16776759215565618 -0.034869980734230865 -0.017627632915973662 -0.1047116408193553 -0.024902173876762392 -0.14404636333065649 -0.19468556575236784 -0.13159166964200827 0.032493206279145349 0.18378285328547161 -0.027811351677645809
leaf_weight=884 24 30 24 40 58 137 1034 70 35 23 35 26 24 388 75 21 101 158 25 43 134 30 27 38 31 31 26 72 30 46
leaf_count=884 24 30 24 40 58 137 1034 70 35 23 35 26 24 388 75 21 101 158 25 43 134 30 27 38 31 31 26 72 30 46
internal_value=-6.57934e-11 0.00806828 -0.04202 -0.0225981 0.0206733 0.0128386 0.0181813 -0.0299033 0.000821467 -0.00853105 0.0681978 0.12203 0.0665803 -0.00294739 0.0382244 -0.0213482 -0.0354283 0.0215851 -0.00937776 0.0211894 -0.0830108 0.0915778 0.0060023 -0.103107 -0.0430151 -0.0915119 -0.0275442 0.0729734 -0.0231963 0.0557127
internal_weight=3720 2760 240 210 129 2520 2240 280 1206 1059 147 112 86 1036 320 716 623 296 221 143 235 73 62 63 71 81 50 93 960 76
internal_count=3720 2760 240 210 129 2520 2240 280 1206 1059 147 112 86 1036 320 716 623 296 221 143 235 73 62 63 71 81 50 93 960 76
is_linear=0
shrinkage=0.05


Tree=3
num_leaves=31
num_cat=0
split_feature=9 6 7 1 1 1 5 0 5 3 0 1 7 4 4 0 3 3 8 8 7 3 0 1 4 5 7 3 5 0
split_gain=251.333 238.067 228.769 233.78 209.485 451.687 523.455 389.482 424.104 318.799 271.069 296.104 249.158 503.475 567.189 358.696 369.82 302.414 284.459 274.16 375.421 245.325 243.939 239.451 390.903 290.143 292.759 235.782 218.62 207.965
threshold=2.5000000000000004 1.0000000180025095e-35 0.10179469516679256 19.500000000000004 15.500000000000002 18.500000000000004 16.291758455811983 16.500000000000004 13.08245578241417 5.4772255750516559 5.5000000000000009 21.500000000000004 0.41856757364393143 18.49255432513057 19.780272881875089 15.500000000000002 6.9505050806305437 6.2029179001652457 1.0000000180025095e-35 1.5000000000000002 0.59077657819616725 7.8709834806319448 10.500000000000002 9.5000000000000018 10.728784271740423 16.561232523093434 0.016561504864339455 8.1532932288855218 13.613576089783146 16.500000000000004
decision_type=2 2 2 2 2 2 2 2 2 2 2 2 2 2 2 2 2 2 2 2 2 2 2 2 2 2 2 2 2 2
left_child=-1 4 -3 -4 12 21 7 8 9 -7 -10 -12 23 15 -15 16 17 -14 -17 22 -21 -6 -18 24 -2 26 -26 -22 -13 -25
right_child=1 2 3 -5 5 6 -8 -9 10 -11 11 28 13 14 -16 18 19 -19 -20 20 27 -23 -24 29 25 -27 -28 -29 -30 -31
leaf_value=-0.022036492520322401 0.18628173187375069 -0.1690743484099706 -0.046264824305855955 0.090768952059902652 -0.074473493030008761 0.074291075971619838 -0.096637663330839979 -0.015699317391429629 0.1999804799647435 -0.14583668991139062 0.13482136044099377 0.18611705612391236 -0.004074906484973162 0.34295130967451581 0.030235513730038854 0.20409424937254675 0.23834614388404357 -0.13705987582604093 0.055813106972767694 0.13927712157005218 0.039487667568027976 0.017011215825482172 0.014370814263820648 0.059495611712656306 0.15192818946781614 -0.20876833572983744 -0.042152233118048082 -0.12241026951890926 0.010839675866669009 -0.019439262117330845
leaf_weight=960 20 30 172 38 267 29 87 245 46 38 108 20 133 29 29 37 31 63 257 41 44 101 20 233 21 24 260 46 161 130
leaf_count=960 20 30 172 38 267 29 87 245 46 38 108 20 133 29 29 37 31 63 257 41 44 101 20 233 21 24 260 46 161 130
internal_value=1.2659e-09 0.00766487 -0.039919 -0.0214682 0.0121967 -0.00415618 0.0185098 0.0339933 0.0642786 -0.0505575 0.0872458 0.0693019 0.0249053 0.0452524 0.186593 0.0330533 0.000836928 -0.0468201 0.0744743 0.0521599 0.0138698 -0.0493649 0.150513 0.0033161 -0.0278581 -0.0419001 -0.027648 -0.0432602 0.0302073 0.0312269
internal_weight=3720 2760 240 210 2520 1102 734 647 402 67 335 289 1418 730 58 672 378 196 294 182 131 368 51 688 325 305 281 90 181 363
internal_count=3720 2760 240 210 2520 1102 734 647 402 67 335 289 1418 730 58 672 378 196 294 182 131 368 51 688 325 305 281 90 181 363
is_linear=0
shrinkage=0.05


Tree=4
num_leaves=31
num_cat=0
split_feature=2 9 6 7 9 8 3 1 7 5 7 1 2 1 0 2 8 2 5 5 1 4 7 7 1 1 4 8 4 0
split_gain=241.974 229.863 241.913 255.247 226.998 307.654 306.407 319.301 312.413 363.873 231.618 222.073 195.414 293.481 190.572 215.3 212.037 187.478 177.979 386.178 356.791 305.335 293.527 470.221 366.418 265.085 320.102 250.58 577.225 495.511
threshold=8.9285714285714306 2.5000000000000004 1.0000000180025095e-35 0.10179469516679256 4.5000000000000009 2.5000000000000004 4.4614753058558785 13.500000000000002 0.13223914543186535 14.536859481387646 0.58310205670426696 19.500000000000004 18.071428571428573 13.500000000000002 11.500000000000002 16.785714285714288 1.5000000000000002 15.214285714285717 14.894500689213002 15.555068591720476 8.5000000000000018 17.444833100412477 0.41856757364393143 0.81274868348893181 10.500000000000002 11.500000000000002 16.047465702977714 2.5000000000000004 11.581462411786573 7.5000000000000009
decision_type=2 2 2 2 2 2 2 2 2 2 2 2 2 2 2 2 2 2 2 2 2 2 2 2 2 2 2 2 2 2
left_child=-1 12 4 -4 18 6 -6 8 -8 -10 17 -5 -2 -14 16 -16 -9 -11 27 20 -20 25 -21 24 -24 -22 -27 28 -3 -30
right_child=1 2 3 11 5 -7 7 14 9 10 -12 -13 13 -15 15 -17 -18 -19 19 22 21 -23 23 -25 -26 26 -28 -29 29 -31
leaf_value=0.11037670240110281 -0.02960624979709528 0.18763654077594932 -0.18138508398471209 -0.047470110768780993 0.18711596743928061 -0.03538152091817106 -0.10315266588459844 -0.035395323449657082 -0.0024818720682612005 -0.012632027417421341 0.2893827196497184 0.086230507787120977 0.17569554160038631 -0.025318957735662874 -0.11124484789406144 0.046295865496684768 0.14628960533210864 0.1893428240109373 -0.020885683956646153 -0.028771177679300309 0.27788018882274629 -0.028226309828460219 0.16927071572414468 -0.16122225574825122 0.025974251938665788 0.072156538851559163 0.23253875933587553 -0.015406054124600234 0.13741397559642793 -0.019425143862506784
leaf_weight=49 862 55 29 170 27 506 23 42 53 20 26 38 30 46 86 29 26 27 62 229 29 32 70 23 123 120 42 532 63 251
leaf_count=49 862 55 29 170 27 506 23 42 53 20 26 38 30 46 86 29 26 27 62 229 29 32 70 23 123 120 42 532 63 251
internal_value=-3.78769e-10 -0.00147329 0.00585654 -0.0424191 0.0104404 -0.0102647 0.0251368 0.0119638 0.0663055 0.0972383 0.169638 -0.023044 -0.0228298 0.0540289 -0.0322817 -0.0715172 0.0340724 0.103396 0.0214213 0.039771 0.0852133 0.114712 0.0106676 0.05248 0.0779471 0.138659 0.113737 0.00655423 0.0382151 0.0120426
internal_weight=3720 3671 2733 237 2496 865 359 332 149 126 73 208 938 76 183 115 68 47 1631 730 285 223 445 216 193 191 162 901 369 314
internal_count=3720 3671 2733 237 2496 865 359 332 149 126 73 208 938 76 183 115 68 47 1631 730 285 223 445 216 193 191 162 901 369 314
is_linear=0
shrinkage=0.05


Tree=5
num_leaves=31
num_cat=0
split_feature=2 1 5 0 5 0 1 0 7 0 4 9 0 4 4 0 3 3 5 2 5 8 4 5 5 4 7 8 4 8
split_gain=218.382 212.216 293.528 435.378 484.108 353.108 341.756 336.462 328.46 448.737 322.189 313.701 284.977 272.397 247.077 322.116 273.74 344.328 384.265 267.059 438.892 310.821 258.809 243.786 242.862 490.786 313.162 240.535 376.558 269.69
threshold=8.9285714285714306 13.500000000000002 12.951608688134103 18.500000000000004 16.291758455811983 15.500000000000002 31.500000000000004 22.500000000000004 0.80239188009922913 10.500000000000002 15.184763233891898 4.5000000000000009 3.5000000000000004 12.189326979287282 18.323573397838395 10.500000000000002 7.1514234347336147 7.4097747539828704 14.449851969875201 12.785714285714286 14.02487730182297 1.5000000000000002 12.911293469759967 13.34391309119248 15.732438912210188 14.379521341036289 0.22430453485630661 2.5000000000000004 11.948291405317837 5.5000000000000009
decision_type=2 2 2 2 2 2 2 2 2 2 2 2 2 2 2 2 2 2 2 2 2 2 2 2 2 2 2 2 2 2
left_child=-1 12 -3 4 6 -6 8 24 10 -10 27 -12 -2 -9 16 -16 -14 18 23 21 22 -19 -21 -18 25 -5 -27 28 -4 -29
right_child=1 2 3 7 5 -7 -8 13 9 -11 11 -13 14 -15 15 -17 17 19 -20 20 -22 -23 -24 -25 -26 26 -28 29 -30 -31
leaf_value=0.10485786555372939 -0.11006144883626319 -0.070254625702024107 0.14591358986263181 -0.13978828713297844 -0.12088820871036009 0.076008583964972676 0.21254776819892554 -0.14324358999729156 0.25623413453047927 -0.00076369136571884154 0.075520356538032338 -0.029867353808367626 -0.0079445406480797582 0.011587588624520737 0.22960199229419231 0.040650895645777729 0.14574078351259231 0.24843729209899901 0.21608787964956436 0.0082336141874915676 0.030191009925964934 0.036404305616659777 -0.16082531769892999 -0.088463971376419079 -0.15896866267377682 -0.10927186499039332 0.085558796380505425 -0.065849295679450512 -0.0049418129711560734 0.034877127582828203
leaf_weight=49 47 199 51 86 106 29 23 32 33 35 267 96 938 253 28 116 20 25 51 38 325 56 56 25 77 30 66 254 219 90
leaf_count=49 47 199 51 86 106 29 23 32 33 35 267 96 938 253 28 116 20 25 51 38 325 56 56 25 77 30 66 254 219 90
internal_value=-7.79394e-10 -0.00139963 -0.0127182 -0.00616421 0.0106209 -0.0785919 0.0218978 -0.0432827 0.0177016 0.123956 0.0103063 0.0476492 0.011369 -0.00579696 0.0147702 0.0773914 0.00889181 0.0353893 0.122122 0.0187366 0.00267002 0.101847 -0.0924823 0.015627 -0.0845315 -0.0530388 0.0246742 -0.0117711 0.0235531 -0.0394965
internal_weight=3720 3671 1946 1747 1203 135 1068 544 1045 68 977 363 1725 285 1678 144 1534 596 96 500 419 81 94 45 259 182 96 614 270 344
internal_count=3720 3671 1946 1747 1203 135 1068 544 1045 68 977 363 1725 285 1678 144 1534 596 96 500 419 81 94 45 259 182 96 614 270 344
is_linear=0
shrinkage=0.05


Tree=6
num_leaves=31
num_cat=0
split_feature=9 7 7 5 6 0 7 0 5 7 5 2 1 0 7 9 5 8 2 3 4 1 2 7 0 7 7 8 4 5
split_gain=202.685 207.469 554.69 303.866 300.677 286.71 251.584 324.968 233.211 333.128 408.18 296.129 262.282 231.765 226.706 224.273 285.663 268.756 373.008 500 315.099 214.515 210.127 205.309 253.581 200.5 220.387 188.573 176.291 173.857
threshold=2.5000000000000004 0.54832137687450644 0.56555386899886984 12.144052712212881 1.0000000180025095e-35 12.500000000000002 0.011325859094010101 16.500000000000004 13.894283638402309 0.7649510975891981 12.878615001663253 10.357142857142859 6.5000000000000009 5.5000000000000009 0.82006998554388677 4.5000000000000009 15.820092460196117 5.5000000000000009 15.214285714285717 5.214446791510122 11.005468809243625 18.500000000000004 14.785714285714286 0.10179469516679256 11.500000000000002 0.43907863847878786 0.13223914543186535 3.5000000000000004 13.673239150671566 15.314633149065839
decision_type=2 2 2 2 2 2 2 2 2 2 2 2 2 2 2 2 2 2 2 2 2 2 2 2 2 2 2 2 2 2
left_child=-1 3 -3 5 6 -2 7 -5 9 11 -11 -4 -13 22 -12 -8 17 18 19 27 -21 28 -10 -6 -25 26 -20 -17 -22 -28
right_child=1 2 8 4 23 -7 15 -9 13 10 14 12 -14 -15 -16 16 -18 -19 25 20 21 -23 -24 24 -26 -27 29 -29 -30 -31
leaf_value=-0.019789177414495498 0.00262636481611817 0.18245997181829979 0.097029180500818338 0.22315555606037379 -0.19758804690624987 0.23761201541125776 0.0095529831539560781 -0.027575174222389861 0.25730593960200038 -0.090851664812200597 0.18950447273396312 0.06574078855060396 -0.12629239572581416 0.024233219735658035 0.0038010632826222315 0.12163714948223858 -0.10742962831429047 0.084013309390818497 -0.030485772093137103 0.068962214028705726 -0.23651701726165475 -0.045900420915282708 0.033631353293146406 0.055266616065055132 -0.099916893774764495 -0.077805108204483997 0.2281113081964953 -0.050497451940408125 -0.11007657140493393 0.050053431609502208
leaf_weight=960 27 53 23 28 28 25 989 24 21 36 42 21 116 642 27 41 99 61 27 23 51 53 21 40 77 24 29 26 60 26
leaf_count=960 27 53 23 28 28 25 989 24 21 36 42 21 116 642 27 41 99 61 27 23 51 53 21 40 77 24 29 26 60 26
internal_value=1.42966e-10 0.00688319 0.0250412 -0.00346624 -0.00709546 0.1156 -0.000697921 0.107434 0.0162496 -0.0235718 0.0456301 -0.0689856 -0.0968567 0.0316775 0.116838 -0.00442413 -0.0310075 -0.0130365 -0.0294811 -0.0623597 -0.104351 -0.128657 0.145469 -0.0759683 -0.0468627 0.0493036 0.0865061 0.0548386 -0.168171 0.143938
internal_weight=3720 2760 1002 1758 1706 52 1561 52 949 265 105 160 137 684 69 1509 520 421 360 254 187 164 42 145 117 106 82 67 111 55
internal_count=3720 2760 1002 1758 1706 52 1561 52 949 265 105 160 137 684 69 1509 520 421 360 254 187 164 42 145 117 106 82 67 111 55
is_linear=0
shrinkage=0.05


Tree=7
num_leaves=31
num_cat=0
split_feature=2 1 0 5 0 5 0 1 0 7 0 4 9 5 3 4 8 4 8 0 5 4 7 3 5 5 4 1 7 1
split_gain=193.248 190.518 262.823 260.334 389.232 435.263 318.724 305.655 303.178 285.694 401.079 290.759 290.115 253.439 235.904 295.408 215.638 336.072 236.939 283.848 214.583 443.944 279.899 225.668 213.978 498.41 342.899 239.665 209.035 203.139
threshold=8.9285714285714306 13.500000000000002 3.5000000000000004 12.951608688134103 18.500000000000004 16.291758455811983 15.500000000000002 31.500000000000004 22.500000000000004 0.80239188009922913 10.500000000000002 15.134308845767416 4.5000000000000009 14.654020148029447 4.0059303218556899 12.088152283535379 2.5000000000000004 11.948291405317837 5.5000000000000009 11.500000000000002 15.732438912210188 14.379521341036289 0.22430453485630661 5.9401779675119455 14.010373983056075 13.944406416322138 12.761707183731898 12.500000000000002 0.19167603529873947 25.500000000000004
decision_type=2 2 2 2 2 2 2 2 2 2 2 2 2 2 2 2 2 2 2 2 2 2 2 2 2 2 2 2 2 2
left_child=-1 2 -2 -3 5 7 -7 9 20 11 -11 16 29 -10 15 -4 17 -5 19 -18 21 -6 -23 -24 25 26 27 -16 -21 -13
right_child=1 3 14 4 8 6 -8 -9 13 10 -12 12 -14 -15 24 -17 18 -19 -20 28 -22 22 23 -25 -26 -27 -28 -29 -30 -31
leaf_value=0.098639433983029157 -0.10583330776066857 -0.066226550006312349 0.0986604502181644 0.13760734065527133 -0.13302378556582817 -0.11477487471903552 0.072290066064431752 0.2009942168774812 -0.073673480036466024 0.24087923898389849 -0.0020884930661746437 0.055844490278002139 -0.028994584699370426 0.027172128142007274 0.055078213650035672 -0.10466472909785807 -0.11535111139491788 -0.0050945149113734572 0.031690480692519084 -0.11642708764834837 -0.15008977359378495 -0.10323927124341331 -0.05438710465317681 0.14411304199033312 0.03179943456515083 -0.2459978378954388 -0.04406123172830452 -0.096736906725784833 0.030686854215131867 0.19182048670707211
leaf_weight=49 47 199 23 51 86 106 29 23 92 33 35 241 98 193 251 80 127 216 90 33 77 30 21 45 1054 21 220 29 90 31
leaf_count=49 47 199 23 51 86 106 29 23 92 33 35 241 98 193 251 80 127 216 90 33 77 30 21 45 1054 21 220 29 90 31
internal_value=-2.22478e-10 -0.00131663 0.0107816 -0.0120409 -0.00586865 0.010002 -0.0745906 0.0206949 -0.0409649 0.0167265 0.115822 0.0098294 0.0447662 -0.00538154 0.0140479 -0.059262 -0.0114665 0.0221631 -0.0378757 -0.0629195 -0.0801204 -0.0505179 0.0233935 0.0809539 0.0188422 -0.00737076 0.00265158 0.0393545 -0.00878274 0.0713418
internal_weight=3720 3671 1725 1946 1747 1203 135 1068 544 1045 68 977 370 285 1678 103 607 267 340 250 259 182 96 66 1575 521 500 280 123 272
internal_count=3720 3671 1725 1946 1747 1203 135 1068 544 1045 68 977 370 285 1678 103 607 267 340 250 259 182 96 66 1575 521 500 280 123 272
is_linear=0
shrinkage=0.05


Tree=8
num_leaves=31
num_cat=0
split_feature=9 7 7 5 6 7 0 9 5 8 2 3 4 1 5 7 5 2 3 8 2 2 3 2 3 7 3 5 3 2
split_gain=181.648 181.278 502.036 280.227 316.94 222.34 293.329 208.403 253.201 238.322 325.02 433.154 227.9 203.218 268.594 303.193 371.507 281.176 313.982 212.102 372.305 369.919 319.222 284.462 223.634 208.96 199.606 230.226 194.605 193.829
threshold=2.5000000000000004 0.54832137687450644 0.56555386899886984 11.894066739784435 1.0000000180025095e-35 0.011325859094010101 16.500000000000004 4.5000000000000009 15.820092460196117 5.5000000000000009 15.214285714285717 5.214446791510122 11.005468809243625 3.5000000000000004 13.894283638402309 0.7649510975891981 12.754271047234429 11.214285714285717 6.5683222471843683 2.5000000000000004 14.357142857142859 18.071428571428573 9.2027405893447192 17.642857142857149 7.3484692283495354 0.82006998554388677 5.8145957563294024 16.127563391103511 6.3433504741654705 12.642857142857144
decision_type=2 2 2 2 2 2 2 2 2 2 2 2 2 2 2 2 2 2 2 2 2 2 2 2 2 2 2 2 2 2
left_child=-1 3 -3 -2 5 6 -5 -7 9 10 11 -9 -13 -4 15 17 -17 18 -15 20 24 23 26 -21 -16 -18 -22 -28 -12 -19
right_child=1 2 13 4 -6 7 -8 8 -10 -11 28 12 -14 14 19 16 25 29 -20 21 22 -23 -24 -25 -26 -27 27 -29 -30 -31
leaf_value=-0.01873408361376884 0.14834700877467791 0.17325045990775217 -0.12851699509968359 0.21236064070835711 -0.076013534473014524 0.010593137814789256 -0.025851952967544396 0.052051946832172902 -0.10031560540406242 0.079936940595507627 -0.053967474265532056 0.044876083984971053 -0.11712102619705328 0.12929850126947126 0.10860445413093728 -0.096623843570705512 0.17893499697425538 -0.18582517442107202 -0.11768497838215396 0.0056722190727790198 -0.041593278001229736 0.13746419386828648 -0.12948727464446655 -0.17290298144022626 0.29877427457408473 -0.0014267121083461323 0.12166831516221446 -0.033239481502002281 0.092345082930812283 -0.050383329125387337
leaf_weight=960 30 53 24 28 147 1006 24 67 99 61 33 25 165 31 52 32 42 50 22 315 39 51 26 24 22 26 106 31 73 56
leaf_count=960 30 53 24 28 147 1006 24 67 99 61 33 25 165 31 52 32 42 50 22 315 39 51 26 24 22 26 106 31 73 56
internal_value=-1.58738e-10 0.0065162 0.0234894 -0.00315793 -0.00578823 0.000741261 0.102416 -0.00271662 -0.0283182 -0.0115075 -0.0268742 -0.0572591 -0.0958056 0.0151255 0.0188524 -0.0243526 0.0438621 -0.067255 0.0267771 0.0356544 0.0691959 0.0119173 0.0340476 -0.00697027 0.165141 0.109973 0.0582061 0.0866162 0.0467949 -0.114271
internal_weight=3720 2760 1002 1758 1728 1581 52 1529 523 424 363 257 190 949 925 259 100 159 53 666 276 390 202 339 74 68 176 137 106 106
internal_count=3720 2760 1002 1758 1728 1581 52 1529 523 424 363 257 190 949 925 259 100 159 53 666 276 390 202 339 74 68 176 137 106 106
is_linear=0
shrinkage=0.05


Tree=9
num_leaves=31
num_cat=0
split_feature=1 4 7 7 4 0 5 5 0 1 7 5 0 4 4 7 2 4 5 0 1 0 5 3 3 7 5 4 7 7
split_gain=175.358 237.292 309.736 273.41 259.202 236.968 304.587 364.214 285.88 281.332 246.554 336.25 241.073 231.599 337.811 430.895 230.053 224.238 226.264 221.863 298.759 214.298 293.601 426.883 348.678 306.94 214.002 316.841 250.45 216.661
threshold=13.500000000000002 18.323573397838395 0.41856757364393143 0.60260375364927665 18.001988546380293 18.500000000000004 16.291758455811983 12.951608688134103 15.500000000000002 17.500000000000004 0.71424424827371569 14.764147859965599 22.500000000000004 15.095849167072556 14.574255401834838 0.80239188009922913 9.3571428571428594 15.334793690251862 14.60269841420442 24.500000000000004 22.500000000000004 23.500000000000004 16.439448278648907 8.5007001359099181 7.1846397000161089 0.49919894374383444 15.732438912210188 14.379521341036289 0.22430453485630661 0.51743663576415433
decision_type=2 2 2 2 2 2 2 2 2 2 2 2 2 2 2 2 2 2 2 2 2 2 2 2 2 2 2 2 2 2
left_child=1 4 -3 -4 21 6 7 16 -8 10 -9 -12 26 14 15 -11 -2 -15 -19 20 -14 -1 23 24 25 -23 27 -7 -29 -30
right_child=5 2 3 -5 -6 12 8 9 -10 13 11 -13 19 17 -16 -17 -18 18 -20 -21 -22 22 -24 -25 -26 -27 -28 28 29 -31
leaf_value=0.0022557699815406104 0.085529323071241392 -0.0087387774196954881 0.24310907726575223 0.057667730359927477 -0.13490176256746053 -0.10401476184980801 -0.1085610476427905 -0.032436917482576454 0.06860360233434315 0.021297850021737411 -0.024580663422474992 0.20507552373622145 0.00070942852688931875 0.21898797543719414 -0.083896353164953849 0.23635267996788026 -0.077362273880309126 0.16041027961865717 0.036362025136626806 -0.040815254814094974 0.1836893436064323 0.17975170815984409 0.24109046563506126 0.16008315621768315 -0.10283329620826663 -0.069484588503837583 -0.14164864415568965 -0.097834883406758319 0.20901202637524832 0.014513630039162107
leaf_weight=1392 25 65 35 46 32 104 106 321 29 341 37 28 87 25 70 25 163 46 183 180 30 30 20 49 57 21 77 30 21 45
leaf_count=1392 25 65 35 46 32 104 106 321 29 341 37 28 87 25 70 25 163 46 183 180 30 30 20 49 57 21 77 30 21 45
internal_value=-3.05426e-11 0.0115366 0.0725583 0.137797 0.00597185 -0.0102151 0.000884244 0.00850872 -0.0705035 0.0197275 -0.014455 0.0743482 -0.0372674 0.0388499 0.01674 0.0359874 -0.0557012 0.0768025 0.06128 -0.00597423 0.0476274 0.00884499 0.0606653 0.0376812 -0.017853 0.077125 -0.0708201 -0.0435511 0.0219512 0.0763995
internal_weight=3720 1747 146 81 1601 1973 1399 1264 135 1076 386 65 574 690 436 366 188 254 229 297 117 1569 177 157 108 51 277 200 96 66
internal_count=3720 1747 146 81 1601 1973 1399 1264 135 1076 386 65 574 690 436 366 188 254 229 297 117 1569 177 157 108 51 277 200 96 66
is_linear=0
shrinkage=0.05


Tree=10
num_leaves=31
num_cat=0
split_feature=2 9 7 3 0 0 7 5 1 7 4 1 6 7 8 8 3 3 3 5 4 4 1 1 5 7 5 1 1 5
split_gain=167.089 163.134 177.24 233.326 312.366 239.273 243.453 228.333 285.691 207.794 261.886 240.173 177.126 202.329 299.387 176.91 270.745 325.632 212.647 190.296 240.854 270.831 289.185 236.227 225.784 201.656 177.716 174.601 297.301 353.376
threshold=8.9285714285714306 2.5000000000000004 0.12348188893391697 8.7858106539118186 19.500000000000004 16.500000000000004 0.45838697673384565 15.365516140166456 11.500000000000002 0.10523678859827851 16.789653788949249 14.500000000000002 1.0000000180025095e-35 0.52492508816270844 1.5000000000000002 5.5000000000000009 3.50509832753866 4.2983939414844778 6.8660656232559525 15.944473916882545 13.301115901108743 11.326143496166738 15.500000000000002 14.500000000000002 13.564993993474966 0.77279574640276405 13.642747675767383 15.500000000000002 18.500000000000004 16.291758455811983
decision_type=2 2 2 2 2 2 2 2 2 2 2 2 2 2 2 2 2 2 2 2 2 2 2 2 2 2 2 2 2 2
left_child=-1 2 9 4 15 6 -5 -6 -9 10 11 -2 27 -14 -15 16 -4 -18 -17 20 21 22 -19 24 -23 26 -22 -3 -29 -30
right_child=1 12 3 5 7 -7 -8 8 -10 -11 -12 -13 13 14 -16 18 17 19 -20 -21 25 23 -24 -25 -26 -27 -28 28 29 -31
leaf_value=0.091720544273147783 0.047309413986901444 0.020507228079827158 0.12845745217800139 -0.16165798693895339 -0.15107570826683359 0.13841766774305142 0.054862535900964932 0.122398115588086 -0.11645426158943484 0.17463747147809378 0.17025339022278785 -0.11539441502414818 -0.074144889203451164 -0.093507910850975262 0.089458289641444977 0.10863622120022774 -0.18943385740413388 -0.049769747083963353 -0.080961819334576524 -0.11751967128717676 0.15836138140272213 0.070344448941094539 0.17659237054841859 -0.17386721905510305 -0.12707538520296416 -0.11141648232936859 0.018872661181297656 -0.042876918955997975 0.025357656989029888 -0.082083271315385564
leaf_weight=49 48 1407 25 20 92 40 37 21 31 22 20 43 142 36 59 50 34 43 21 53 27 28 21 59 30 25 148 366 636 87
leaf_count=49 48 1407 25 20 92 40 37 21 31 22 20 43 142 36 59 50 34 43 21 53 27 28 21 59 30 25 148 366 636 87
internal_value=-1.59443e-11 -0.00122427 -0.0192158 -0.0280502 -0.0380139 0.0446749 -0.0211096 -0.103741 -0.0199946 0.0342555 0.00643207 -0.0295726 0.00495065 -0.0363579 0.0201237 -0.0212326 -0.0318596 -0.0404236 0.0525579 -0.02875 -0.0164014 -0.0581903 0.0245053 -0.103425 -0.0317693 0.0214175 0.0403938 0.00887297 -0.00615861 0.0124291
internal_weight=3720 3671 938 805 708 97 57 144 52 133 111 91 2733 237 95 564 493 468 71 434 381 181 64 117 58 200 175 2496 1089 723
internal_count=3720 3671 938 805 708 97 57 144 52 133 111 91 2733 237 95 564 493 468 71 434 381 181 64 117 58 200 175 2496 1089 723
is_linear=0
shrinkage=0.05


Tree=11
num_leaves=31
num_cat=0
split_feature=2 5 5 3 3 1 9 0 7 7 2 7 1 3 5 8 9 4 3 3 4 7 7 7 4 1 4 4 3 4
split_gain=150.798 160.612 365.863 278.615 512.546 337.627 303.483 277.847 278.363 274.778 334 265.001 347.522 224.245 221.96 221.75 561.493 446.363 384.874 459.079 515.801 402.474 374.767 363.814 329.184 323.494 269.932 254.517 260.619 245.589
threshold=8.9285714285714306 14.894500689213002 15.314633149065839 5.8858179594575697 5.7981934789249303 16.500000000000004 4.5000000000000009 16.500000000000004 0.37116367046161153 0.040506361211769308 13.214285714285717 0.099120481556777815 20.500000000000004 3.8606685826112943 14.262087888153529 2.5000000000000004 3.5000000000000004 11.609680379999725 5.7981934789249303 4.9809159608975344 13.643606093397915 0.69170766019069529 0.56555386899886984 0.80978894929472933 9.8990604432868619 10.500000000000002 14.40785398969893 11.382655915535119 6.9333543135894393 14.108016738453204
decision_type=2 2 2 2 2 2 2 2 2 2 2 2 2 2 2 2 2 2 2 2 2 2 2 2 2 2 2 2 2 2
left_child=-1 9 11 4 5 13 -5 8 -7 10 -2 -3 -13 -4 -12 16 24 25 19 20 21 22 -17 -19 -11 -18 29 28 -26 -20
right_child=1 2 3 6 -6 7 -8 -9 -10 15 14 12 -14 -15 -16 18 17 23 26 -21 -22 -23 -24 -25 27 -27 -28 -29 -30 -31
leaf_value=0.087134517045045393 0.16012854638929463 -0.059725218590186993 -0.10921013926466305 0.029157808413373312 -0.26981131622324822 -0.12512690792481104 -0.0361880213689105 -0.17228831568333722 0.090265303055445362 -0.20628956395846149 -0.11309496890111218 0.044851485193964646 0.17736930343012014 0.039829929679362747 0.082529629715557759 0.0071179776734700707 0.32573612786474682 0.0092488822364999411 -0.063327156652474501 0.072254549346065941 -0.17017200675877658 0.15722084517989843 -0.2169342496148918 0.22429590125878654 -0.0046784354055800087 0.091885917082428936 -0.0054727935816735289 -0.038796663278713825 0.20864563326944008 -0.20669396044686439
leaf_weight=49 51 46 30 661 23 30 243 56 30 26 29 282 60 159 29 99 21 310 449 168 55 35 23 21 41 50 215 375 22 32
leaf_count=49 51 46 30 661 23 30 243 56 30 26 29 282 60 159 29 99 21 310 449 168 55 35 23 21 41 50 215 375 22 32
internal_value=-1.19346e-10 -0.00116306 0.0106047 -0.00273001 -0.0422043 -0.0250405 0.0115925 -0.0921896 -0.0174308 -0.0104579 0.0667905 0.0529457 0.0681002 0.0161728 -0.0152827 -0.0147937 0.00403953 0.0472938 -0.0299512 0.010519 -0.0384035 0.00775746 -0.0351214 0.0228923 -0.0334351 0.161053 -0.0520471 -0.0231743 0.0698157 -0.0728651
internal_weight=3720 3671 1620 1232 328 305 904 116 60 2051 109 388 342 189 58 1942 866 402 1076 380 212 157 122 331 464 71 696 438 63 481
internal_count=3720 3671 1620 1232 328 305 904 116 60 2051 109 388 342 189 58 1942 866 402 1076 380 212 157 122 331 464 71 696 438 63 481
is_linear=0
shrinkage=0.05


Tree=12
num_leaves=31
num_cat=0
split_feature=1 3 3 0 7 9 7 7 1 4 7 8 4 4 1 0 3 3 5 2 8 5 3 1 1 2 2 4 0 3
split_gain=139.348 218.656 255.963 287.191 261.582 228.379 226.91 310.127 215.967 206.727 282.178 249.396 278.464 230.765 204.692 202.757 249.318 271.189 344.581 305.066 321.853 296.611 236.361 229.857 235.763 336.1 231.806 229.649 298.143 305.934
threshold=13.500000000000002 9.8838433152543868 8.7858106539118186 18.500000000000004 0.83589943869142747 3.5000000000000004 0.81274868348893181 0.77630375097457227 31.500000000000004 18.323573397838395 0.41856757364393143 1.5000000000000002 19.205305226628635 18.001988546380293 28.500000000000004 3.5000000000000004 7.1514234347336147 7.4097747539828704 14.449851969875201 12.642857142857144 1.5000000000000002 14.60269841420442 7.2506157373997331 6.5000000000000009 9.5000000000000018 15.214285714285717 15.785714285714286 13.469162894687928 8.5000000000000018 8.5509648088763566
decision_type=2 2 2 2 2 2 2 2 2 2 2 2 2 2 2 2 2 2 2 2 2 2 2 2 2 2 2 2 2 2
left_child=9 2 3 4 8 -3 7 -5 14 13 -11 -12 -13 15 -2 -1 -17 18 -18 20 -19 27 -20 26 25 -25 -23 -21 -29 -30
right_child=1 5 -4 6 -6 -7 -8 -9 -10 10 11 12 -14 -15 -16 16 17 19 22 21 -22 23 -24 24 -26 -27 -28 28 29 -31
leaf_value=-0.092307343394780653 -0.0013638713704544124 -0.20931763593797334 0.053491514729313461 -0.044317994698264807 0.14226409359835088 -0.026851134864177478 -0.17741773804028829 0.15706841468811036 0.14288564914464949 -0.010355868567354404 0.018085599955051178 0.33725396990776063 0.098180764656642383 -0.12783161746338009 -0.10675825020298363 -0.005033954771161718 0.013522078129980301 0.26190118265151979 0.32687992304563523 0.02946338419730847 0.039017004495405634 0.23831729006308777 0.10787572211452895 -0.18300615864495437 0.063561875699531464 0.025724678776330417 0.038692558376174989 0.054405813084708321 -0.21396117833256723 -0.014039223040303878
leaf_weight=49 1145 27 166 433 32 47 30 20 25 65 31 21 29 32 48 933 45 25 22 65 46 26 28 30 105 54 33 27 50 31
leaf_count=49 1145 27 166 433 32 47 30 20 25 65 31 21 29 32 48 933 45 25 22 65 46 26 28 30 105 54 33 27 50 31
internal_value=2.41612e-10 -0.00910607 -0.00582027 -0.0115016 0.00115085 -0.0934268 -0.0442461 -0.0354268 -0.00255656 0.0102841 0.0672404 0.129509 0.198592 0.00509006 -0.00560438 0.00780102 0.0110282 0.036558 0.113899 0.0216243 0.117497 0.0054557 0.204238 0.0405083 0.0136135 -0.048822 0.126663 -0.0447931 -0.0894844 -0.137448
internal_weight=3720 1973 1899 1733 1250 74 483 453 1218 1747 146 81 50 1601 1193 1569 1520 587 95 492 71 421 50 248 189 84 59 173 108 81
internal_count=3720 1973 1899 1733 1250 74 483 453 1218 1747 146 81 50 1601 1193 1569 1520 587 95 492 71 421 50 248 189 84 59 173 108 81
is_linear=0
shrinkage=0.05


Tree=13
num_leaves=31
num_cat=0
split_feature=9 2 5 5 7 3 3 0 0 1 7 1 3 7 3 7 8 7 8 2 2 7 0 4 4 5 3 1 7 3
split_gain=136.785 159.704 223.339 250.848 157.293 306.851 229.474 310.929 253.862 231.268 287.359 270.098 424.872 268.289 253.882 222.737 237.312 221.207 214.03 212.656 255.057 198.619 185.11 182.357 316.068 393.876 303.649 217.632 371.351 169.412
threshold=2.5000000000000004 18.071428571428573 16.912558006388416 15.89383194328604 0.12348188893391697 3.0078843751231035 8.7858106539118186 19.500000000000004 16.500000000000004 8.5000000000000018 0.66758951237130348 10.500000000000002 6.152814630930604 0.41856757364393143 5.6251980110938913 0.23901393792885686 1.5000000000000002 0.10179469516679256 1.5000000000000002 13.357142857142859 11.214285714285717 0.45838697673384565 22.500000000000004 16.566766910236193 13.603894334081794 14.554050132928563 6.5683222471843683 17.500000000000004 0.45838697673384565 5.3117078709447698
decision_type=2 2 2 2 2 2 2 2 2 2 2 2 2 2 2 2 2 2 2 2 2 2 2 2 2 2 2 2 2 2
left_child=1 4 3 -3 17 -6 7 9 21 10 13 12 -11 -7 15 -13 -17 29 -9 20 -18 -8 -20 24 27 -26 -27 28 -16 -1
right_child=-2 2 -4 -5 5 6 8 18 -10 11 -12 14 -14 -15 23 16 19 -19 22 -21 -22 -23 -24 -25 25 26 -28 -29 -30 -31
leaf_value=-0.098781525535929601 0.0056545672441522289 0.0014508867813717752 -0.047211636509746316 0.24046769142150881 0.14177482971549035 -0.057066687208640832 -0.15310594394803048 -0.028369631999876445 0.14638635555610938 0.2291611303885778 0.040303594966729486 -0.23245407399677098 -0.074893095716834071 -0.23412308841943741 -0.12284647504920546 -0.17232353475786025 -0.073893470608669784 0.16698397664974135 -0.26945364015369583 -0.12046221707548416 0.14906696347070153 0.044414592214993075 -0.10881725475984685 -0.13754582197094958 0.19057318124506209 0.13682347469342251 -0.089217931127701058 -0.11069715133002192 0.14231742048455823 0.043994552145401641
leaf_weight=31 2760 21 32 23 25 46 20 41 34 27 30 21 20 40 23 31 23 24 29 28 29 35 47 21 45 24 39 57 31 63
leaf_count=31 2760 21 32 23 25 46 20 41 34 27 30 21 20 40 23 31 23 24 29 28 29 35 47 21 45 24 39 57 31 63
internal_value=-1.11759e-10 -0.0162569 0.0532954 0.126391 -0.0222365 -0.0305145 -0.0363272 -0.0466074 0.0389835 -0.0304603 -0.0929386 -0.0131632 0.0997764 -0.139419 -0.0274325 -0.0831297 -0.0548791 0.0315004 -0.120442 -0.00936937 0.0504498 -0.0274111 -0.170113 0.00320095 0.0166972 0.0775931 -0.00310692 -0.0425529 0.0293772 -0.00309118
internal_weight=3720 960 76 44 884 766 741 652 89 535 116 419 47 86 372 132 111 118 117 80 52 55 76 240 219 108 63 111 54 94
internal_count=3720 960 76 44 884 766 741 652 89 535 116 419 47 86 372 132 111 118 117 80 52 55 76 240 219 108 63 111 54 94
is_linear=0
shrinkage=0.05


Tree=14
num_leaves=31
num_cat=0
split_feature=2 7 3 2 1 4 7 3 3 7 1 7 3 4 2 2 0 2 7 5 5 1 4 1 2 2 2 7 2 2
split_gain=139.183 143.456 392.872 352.562 329.475 240.776 222.316 274.31 285.982 286.822 260.421 257.685 233.365 245.83 220.257 342.86 239.367 237.685 218.619 218.051 234.929 378.383 266.355 238.076 300.223 384.343 275.771 246.329 238.047 226.984
threshold=8.9285714285714306 0.040506361211769308 5.9120538692049323 13.071428571428573 10.500000000000002 14.072093326145575 0.23072550352129315 4.9617585208318564 5.7569833370313974 0.099120481556777815 31.500000000000004 0.27015960959192747 5.9641787843280305 11.10378243491982 14.357142857142859 14.785714285714286 9.5000000000000018 16.785714285714288 0.13711425348255882 14.894500689213002 15.314633149065839 20.500000000000004 14.072093326145575 13.500000000000002 19.642857142857149 18.071428571428573 20.357142857142858 0.81861465225589847 13.071428571428573 16.642857142857149
decision_type=2 2 2 2 2 2 2 2 2 2 2 2 2 2 2 2 2 2 2 2 2 2 2 2 2 2 2 2 2 2
left_child=-1 2 3 -2 5 -4 7 18 9 -9 11 -8 -10 -14 -15 -16 -17 -18 -3 -13 21 28 -22 27 25 29 -26 -24 -21 -25
right_child=1 6 4 -5 -6 -7 10 8 12 -11 -12 19 13 14 15 16 17 -19 -20 20 22 -23 23 24 26 -27 -28 -29 -30 -31
leaf_value=0.08371170571416009 0.090544119282909064 -0.021282292988651724 0.31671216460791501 -0.15627990922866725 0.034247905632579012 0.082785424115982928 0.062569671444256195 -0.059297508150339129 -0.13822720426092433 0.11298227998165367 0.1831617018580437 -0.014875049431868976 -0.16471176401332574 0.037097191242444351 -0.1896434518392198 -0.11403254388155891 0.057085938791611369 -0.047370905647019172 -0.14336811949809392 -0.1318476595339321 -0.10285419309348393 0.1857365702805312 0.051790789334570569 0.0079116944392973731 -0.26579438583417375 0.10867528462549672 -0.015443994333459575 -0.097988895202676451 0.044787856644520972 -0.084433113865415077
leaf_weight=49 23 67 22 39 95 22 165 35 44 78 20 1412 27 164 32 51 112 106 81 21 57 46 323 176 22 64 22 30 208 107
leaf_count=49 23 67 22 39 95 22 165 35 44 78 20 1412 27 164 32 51 112 106 81 21 57 46 323 176 22 64 22 30 208 107
internal_value=2.32968e-10 -0.00111737 0.0399507 -0.0647162 0.0866367 0.199749 -0.00349624 -0.0266735 -0.0126657 0.0596213 0.00341443 0.00205938 -0.0279053 -0.0180391 -0.00952258 -0.0349234 -0.016518 0.006295 -0.0880995 -0.00195356 0.0150029 0.0548762 0.00131356 0.00929415 -0.0175803 -0.00197887 -0.140619 0.0390616 0.0285898 -0.0270031
internal_weight=3720 3671 201 62 139 44 3470 797 649 113 2673 2653 536 492 465 301 269 218 148 2488 1076 275 801 744 391 347 44 353 229 283
internal_count=3720 3671 201 62 139 44 3470 797 649 113 2673 2653 536 492 465 301 269 218 148 2488 1076 275 801 744 391 347 44 353 229 283
is_linear=0
shrinkage=0.05


Tree=15
num_leaves=31
num_cat=0
split_feature=2 7 3 2 1 4 4 7 3 3 7 1 7 3 4 2 2 0 3 4 3 4 2 2 7 8 1 4 3 2
split_gain=125.613 129.469 354.567 318.187 297.351 217.3 206.322 200.64 247.564 258.098 258.857 235.03 232.561 214.97 227.183 265.736 301.513 242.893 211.574 202.282 264.66 355.016 361.657 323.924 297.791 260.733 236.644 228.983 306.714 428.057
threshold=8.9285714285714306 0.040506361211769308 5.9120538692049323 13.071428571428573 10.500000000000002 14.072093326145575 17.159079049567307 0.23072550352129315 4.9617585208318564 5.7569833370313974 0.099120481556777815 31.500000000000004 0.27015960959192747 6.0395521751360359 11.10378243491982 14.357142857142859 14.785714285714286 27.500000000000004 7.2899147555274757 15.658689860371426 6.0670852812140286 15.436440819826364 10.928571428571431 10.357142857142859 0.49582585643233962 1.5000000000000002 27.500000000000004 16.087548268455233 5.4072262055600424 15.928571428571431
decision_type=2 2 2 2 2 2 2 2 2 2 2 2 2 2 2 2 2 2 2 2 2 2 2 2 2 2 2 2 2 2
left_child=-1 2 3 -2 5 -4 -6 8 -3 10 -10 12 -9 -11 -15 18 -17 -18 -16 20 25 22 23 -22 -24 -14 27 28 -21 -30
right_child=1 7 4 -5 6 -7 -8 11 9 13 -12 -13 19 14 15 16 17 -19 -20 26 21 -23 24 -25 -26 -27 -28 -29 29 -31
leaf_value=0.079526119057697298 0.08601690932460454 -0.08369455878572489 0.30087655267932201 -0.14846591299925097 -0.010305291252263205 0.078646151518279861 0.15927288178354504 0.059441188094065046 -0.056332632537399022 -0.11830236015743333 0.10733316271112135 0.17400361921638252 -0.039187622522215616 -0.15647617556430676 0.11168939570403275 -0.18016128076124005 -0.033215709172291406 0.13064843785762789 -0.0051674460987043052 -0.0628801561635116 -0.035345854330807926 -0.15659284419288821 -0.05100295058486301 -0.25512866949041685 0.0092828979417946371 0.032017084949286713 -0.14743436518169584 0.010577712961808844 0.048402165600531538 0.25815259043781741
leaf_weight=49 23 148 22 39 71 22 24 165 35 57 78 20 176 27 68 32 237 25 90 29 38 51 322 30 563 477 21 673 71 37
leaf_count=49 23 148 22 39 71 22 24 165 35 57 78 20 176 27 68 32 237 25 90 29 38 51 322 30 563 477 21 673 71 37
internal_value=-5.26685e-11 -0.0010615 0.0379532 -0.0614803 0.0823048 0.189761 0.0325355 -0.00332143 -0.0253398 -0.0120324 0.0566402 0.00324371 0.00195641 -0.02651 -0.0155869 -0.00717094 -0.0352758 -0.0175798 0.0451254 -0.00185588 -0.0119522 -0.0280676 -0.0211896 -0.132309 -0.0126516 0.0128256 0.018276 0.0225722 0.081494 0.120261
internal_weight=3720 3671 201 62 139 44 95 3470 797 649 113 2673 2653 536 479 452 294 262 158 2488 1657 1004 953 68 885 653 831 810 137 108
internal_count=3720 3671 201 62 139 44 95 3470 797 649 113 2673 2653 536 479 452 294 262 158 2488 1657 1004 953 68 885 653 831 810 137 108
is_linear=0
shrinkage=0.05


Tree=16
num_leaves=31
num_cat=0
split_feature=9 6 7 1 4 4 0 1 1 2 1 4 4 2 1 2 7 3 1 3 7 4 5 7 2 2 5 8 4 0
split_gain=123.587 142.284 172.094 150.756 234.037 220.729 182.513 178.443 178.288 142.056 199.168 147.796 445.952 178.623 160.477 192.617 161.246 235.647 183.565 297.485 184.377 159.585 134.566 220.736 209.173 218.708 198.651 221.207 482.181 368.331
threshold=2.5000000000000004 1.0000000180025095e-35 0.69554457121156443 19.500000000000004 12.793446320290638 14.40785398969893 10.500000000000002 12.500000000000002 8.5000000000000018 18.071428571428573 13.500000000000002 18.001988546380293 17.444833100412477 17.214285714285719 21.500000000000004 14.214285714285717 0.17259510097495093 3.50509832753866 7.5000000000000009 7.7336617335854454 0.20641003797401616 15.405569170058934 16.291758455811983 0.42915757408335492 18.071428571428573 19.785714285714288 14.654020148029447 2.5000000000000004 11.609680379999725 7.5000000000000009
decision_type=2 2 2 2 2 2 2 2 2 2 2 2 2 2 2 2 2 2 2 2 2 2 2 2 2 2 2 2 2 2
left_child=9 22 3 4 -3 -6 -7 8 -8 11 -11 12 13 14 16 -16 -1 -18 19 -19 -20 -17 26 -24 -25 -26 27 28 -2 -30
right_child=1 2 -4 -5 5 6 7 -9 -10 10 -12 -13 -14 -15 15 21 17 18 20 -21 -22 -23 23 24 25 -27 -28 -29 29 -31
leaf_value=0.039815628902524491 0.11939360015445724 0.038037778735160829 0.076533834822475916 0.043492171550924719 -0.20763126641511917 -0.18377598601838818 0.0073884987960691042 0.071334935228029889 -0.19673191087320449 0.15037262082099914 -0.015222252160310746 -0.13627411265064168 0.20474257089874964 -0.16072507032557676 -0.11567457593988539 0.1176772252097726 0.1224181415444171 -0.13306915858760476 -0.15892217747334925 0.082527743875980386 -0.0069000074644608228 -0.064660060182213791 -0.069157756095493794 -0.042103003710508347 0.15115596402523132 -0.024745348393917083 0.029044021357470546 -0.018660838129551521 0.09390654781442366 -0.025958627270131165
leaf_weight=133 106 40 32 37 35 23 23 30 20 30 46 27 22 23 84 20 27 80 21 20 397 30 137 70 43 30 1034 712 81 307
leaf_count=133 106 40 32 37 35 23 23 30 20 30 46 27 22 23 84 20 27 80 21 20 397 30 137 70 43 30 1034 712 81 307
internal_value=-9.65715e-11 0.00537485 -0.0314116 -0.0480186 -0.0678192 -0.100142 -0.0609531 -0.0222555 -0.0875512 -0.0154527 0.0501441 -0.0210922 -0.0174634 -0.0233179 -0.0194259 -0.0694248 -0.00954407 -0.0215896 -0.0290958 -0.0899498 -0.0145375 0.00827485 0.00887832 -0.0238017 0.0196513 0.0788678 0.0129633 -0.000823933 0.0248843 -0.000935227
internal_weight=3720 2760 240 208 171 131 96 73 43 960 76 884 857 835 812 134 678 545 518 100 418 50 2520 280 143 73 2240 1206 494 388
internal_count=3720 2760 240 208 171 131 96 73 43 960 76 884 857 835 812 134 678 545 518 100 418 50 2520 280 143 73 2240 1206 494 388
is_linear=0
shrinkage=0.05


Tree=17
num_leaves=31
num_cat=0
split_feature=1 3 3 0 7 7 7 0 9 8 5 4 9 7 3 7 7 4 3 0 1 1 8 0 3 3 7 5 3 3
split_gain=117.638 196.595 220.894 255.988 232.647 207.474 270.865 197.961 192.896 193.871 191.823 284.026 257.527 218.859 208.615 346.533 243.826 192.416 188.535 225.097 393.889 197.026 185.106 203.126 176.242 175.868 361.066 173.406 173.102 171.151
threshold=13.500000000000002 9.8838433152543868 8.7858106539118186 18.500000000000004 0.83589943869142747 0.81274868348893181 0.77630375097457227 22.500000000000004 3.5000000000000004 3.5000000000000004 16.291758455811983 15.07062339994142 4.5000000000000009 0.49582585643233962 6.049399492719167 0.22430453485630661 0.13711425348255882 14.839296152359312 8.1196409575129174 24.500000000000004 19.500000000000004 17.500000000000004 5.5000000000000009 3.5000000000000004 5.5891050480461777 9.0343260744256764 0.47620427309182084 15.916076946909067 4.803266938868183 7.1280799525204452
decision_type=2 2 2 2 2 2 2 2 2 2 2 2 2 2 2 2 2 2 2 2 2 2 2 2 2 2 2 2 2 2
left_child=22 2 3 4 10 6 7 -5 -3 -10 11 17 14 -12 16 -16 -13 -2 19 20 -9 -21 23 -1 28 26 -4 -17 -18 -25
right_child=1 8 25 5 -6 -7 -8 18 9 -11 13 12 -14 -15 15 27 24 -19 -20 21 -22 -23 -24 29 -26 -27 -28 -29 -30 -31
leaf_value=-0.10024763767648003 -0.0070036422634950357 -0.19482862088415359 0.249085672678692 -0.073675016769974497 0.13449622159823776 -0.16878376593192421 0.14688776895403863 -0.022490702528597379 -0.12239683793485166 0.081116880882870071 -0.13627774149731353 -0.030593282887712122 -0.031514339446184342 0.019162769329089387 0.15237581076663595 -0.043991472171214616 0.21013466627509506 -0.11580182309370748 -0.1020101718649995 0.057924206427165441 0.20768333762226737 -0.093301244013543644 0.051996562317965948 -0.0074057475062395172 0.2888796915078447 0.0126316649907636 -0.0026372258744106212 0.11524306365421839 0.034207139999188223 0.027346989912643449
leaf_weight=46 740 27 28 226 32 30 20 41 25 22 54 20 89 39 43 92 27 43 41 35 34 56 223 889 21 109 29 21 29 589
leaf_count=46 740 27 28 226 32 30 20 41 25 22 54 20 89 39 43 92 27 43 41 35 34 56 223 889 21 109 29 21 29 589
internal_value=1.81207e-10 -0.0083667 -0.00525107 -0.0105289 0.00141646 -0.0414433 -0.0330102 -0.0413196 -0.0883206 -0.0271351 -0.00207989 0.0036252 0.041639 -0.071093 0.0673727 0.0315708 0.124951 -0.0129785 -0.00599432 0.0177204 0.0818549 -0.0351376 0.00944906 0.00322328 0.165352 0.049848 0.121016 -0.0143992 0.119029 0.00644362
internal_weight=3720 1973 1899 1733 1250 483 453 433 74 47 1218 1125 342 93 253 156 97 783 207 166 75 91 1747 1524 77 166 57 113 56 1478
internal_count=3720 1973 1899 1733 1250 483 453 433 74 47 1218 1125 342 93 253 156 97 783 207 166 75 91 1747 1524 77 166 57 113 56 1478
is_linear=0
shrinkage=0.05


Tree=18
num_leaves=31
num_cat=0
split_feature=2 7 3 2 1 1 4 7 3 3 7 1 7 7 0 3 4 2 2 0 2 5 3 2 7 5 2 2 1 2
split_gain=114.761 115.873 314.472 291.574 264.422 202.559 197.252 177.537 220.836 236.658 234.108 211.507 212.031 193.946 189.715 189.069 208.409 233.63 269.146 215.547 265.469 241.185 193.134 194.5 177.351 173.78 171.165 438.945 307.913 321.199
threshold=8.9285714285714306 0.040506361211769308 5.9120538692049323 13.928571428571431 10.500000000000002 21.500000000000004 14.072093326145575 0.23072550352129315 4.9617585208318564 5.7569833370313974 0.099120481556777815 31.500000000000004 0.27015960959192747 0.13711425348255882 15.500000000000002 6.0395521751360359 11.10378243491982 14.357142857142859 14.785714285714286 10.500000000000002 16.785714285714288 16.003217087141039 7.2899147555274757 13.500000000000002 0.15221362765975241 15.418808269111151 18.071428571428573 19.642857142857149 10.500000000000002 20.357142857142858
decision_type=2 2 2 2 2 2 2 2 2 2 2 2 2 2 2 2 2 2 2 2 2 2 2 2 2 2 2 2 2 2
left_child=-1 2 3 -2 6 -6 -4 8 13 10 -10 12 14 -3 -9 -11 -17 22 -19 25 -21 -22 23 -18 -12 -20 -14 -28 -29 -30
right_child=1 7 4 -5 5 -7 -8 11 9 15 24 -13 26 -15 -16 16 17 18 19 20 21 -23 -24 -25 -26 -27 27 28 29 -31
leaf_value=0.076013257825861172 0.047238508146256214 -0.016045274443702021 0.28486095456914468 -0.16973391155401865 -0.010534341178006596 0.15990808304885162 0.0731298277662559 0.099915744941681636 -0.052974235500608174 -0.11124435654400211 0.20929507236354628 0.16501249942928553 -0.005993715931158077 -0.13103563995273024 -0.0098092526655930747 -0.14985759390725031 0.047298053218780653 -0.1700950461672619 0.0059738178012291128 0.06399021750817506 -0.13575600694451068 0.022340899161421336 -0.0058703967928886418 0.22805446277965202 0.049359293081439465 -0.16678002576368889 0.091339043622249608 0.11645681031048299 -0.21883878326043488 0.010907341360018172
leaf_weight=49 32 67 22 30 72 23 22 100 35 57 26 20 2261 81 65 27 46 32 24 104 45 52 90 22 52 37 146 20 32 29
leaf_count=49 32 67 22 30 72 23 22 100 35 57 26 20 2261 81 65 27 46 32 24 104 45 52 90 22 52 37 146 20 32 29
internal_value=-1.80242e-10 -0.00101461 0.0358947 -0.0577481 0.0776634 0.0307307 0.178995 -0.00315259 -0.0238645 -0.011296 0.0544625 0.00302302 0.00180184 -0.0789792 0.0566907 -0.0251592 -0.0149153 -0.00685458 -0.0332069 -0.0164878 0.00849597 -0.051003 0.0421808 0.105778 0.102671 -0.0988113 -0.0018383 0.0395511 -0.053795 -0.109615
internal_weight=3720 3671 201 62 139 95 44 3470 797 649 113 2673 2653 148 165 536 479 452 294 262 201 97 158 68 78 61 2488 227 81 61
internal_count=3720 3671 201 62 139 95 44 3470 797 649 113 2673 2653 148 165 536 479 452 294 262 201 97 158 68 78 61 2488 227 81 61
is_linear=0
shrinkage=0.05


Tree=19
num_leaves=31
num_cat=0
split_feature=9 7 7 5 0 6 3 3 4 1 5 7 5 2 3 8 2 2 3 2 7 3 2 7 7 4 1 3 0 5
split_gain=110.74 135.356 441.146 230.145 238.965 193.677 200.61 197.442 192.651 182.43 215.272 241.593 312.314 245.964 266.343 194.16 335.643 290.641 278.027 232.626 187.548 184.445 179.495 244.58 230.545 210.75 179.113 311.748 178.044 382.685
threshold=2.5000000000000004 0.54832137687450644 0.56555386899886984 12.144052712212881 12.500000000000002 1.0000000180025095e-35 9.5518634432290366 9.2027405893447192 13.725937509769993 3.5000000000000004 13.894283638402309 0.7649510975891981 12.754271047234429 11.214285714285717 6.5683222471843683 2.5000000000000004 14.357142857142859 18.071428571428573 9.2027405893447192 17.642857142857149 0.82329845595141093 7.3484692283495354 17.357142857142858 0.44576807838270699 0.032774858722070054 18.49255432513057 8.5000000000000018 5.8145957563294024 23.500000000000004 14.654020148029447
decision_type=2 2 2 2 2 2 2 2 2 2 2 2 2 2 2 2 2 2 2 2 2 2 2 2 2 2 2 2 2 2
left_child=-1 3 -3 4 -2 6 7 22 -8 -4 11 13 -13 14 -11 16 21 19 26 -17 -14 -12 28 24 -24 -25 -18 -28 -5 -30
right_child=1 2 9 5 -6 -7 8 -9 -10 10 15 12 20 -15 -16 17 18 -19 -20 -21 -22 -23 23 25 -26 -27 27 -29 29 -31
leaf_value=-0.014627494432910074 -0.0027895208448171617 0.16014006163151762 -0.12418332515905302 0.0018434862890467727 0.21173987853527071 -0.061706106770655203 -0.21125649530440571 0.11406205214368992 -0.034423458923710813 0.12084029672607299 0.10233304605532725 -0.091150859453773603 0.15960074167867955 -0.10550470771092289 -0.1066360303285447 0.0024673098065550367 0.14787439162793911 0.11905988291198133 -0.12341269323459039 -0.15901985211918754 -0.01415881688396136 0.27503879427571193 0.071813958711349046 -0.035925889416382861 -0.088787122843962799 0.17434347983111034 -0.11730484535296759 0.064891228653249089 -0.025297510827768523 0.16470877303267428
leaf_weight=960 27 53 24 1096 25 145 20 39 67 31 52 32 44 106 22 315 38 51 26 24 24 22 26 26 159 22 30 108 53 53
leaf_count=960 27 53 24 1096 25 145 20 39 67 31 52 32 44 106 22 315 38 51 26 24 24 22 26 26 159 22 30 108 53 53
internal_value=1.52786e-10 0.00508782 0.0197544 -0.00327164 0.10035 -0.00643008 -0.00129553 0.00305914 -0.0750747 0.0119141 0.0154453 -0.0232342 0.0376579 -0.0615311 0.0264162 0.0304873 0.0625789 0.00777636 0.029206 -0.00896541 0.0982738 0.153678 4.23357e-05 -0.0401223 -0.0662162 0.0604476 0.0517519 0.0252834 0.007828 0.0697056
internal_weight=3720 2760 1002 1758 52 1706 1561 1474 87 949 925 259 100 159 53 666 276 390 202 339 68 74 1435 233 185 48 176 138 1202 106
internal_count=3720 2760 1002 1758 52 1706 1561 1474 87 949 925 259 100 159 53 666 276 390 202 339 68 74 1435 233 185 48 176 138 1202 106
is_linear=0
shrinkage=0.05


Tree=20
num_leaves=31
num_cat=0
split_feature=1 8 7 3 3 0 4 2 5 4 2 3 0 0 0 4 4 9 7 5 3 0 1 3 5 2 3 3 0 7
split_gain=104.297 168.695 183.646 257.515 409.232 274.612 207.327 186.981 458.345 415.516 261.696 206.568 198.421 186.5 204.171 274.465 358.906 297.878 292.841 286.622 267.158 199.731 179.534 173.975 172.81 340.408 168.561 193.194 230.351 206.379
threshold=13.500000000000002 5.5000000000000009 0.41856757364393143 7.1514234347336147 7.5023805745719327 9.5000000000000018 13.852950565787983 14.357142857142859 13.894283638402309 13.469162894687928 16.928571428571434 9.1573542083351871 10.500000000000002 3.5000000000000004 11.500000000000002 14.44037533637051 12.761707183731898 2.5000000000000004 0.23072550352129315 15.60421631844765 8.2404345701402164 14.500000000000002 9.5000000000000018 6.0808047693839553 13.34391309119248 11.357142857142859 9.8838433152543868 8.7858106539118186 18.500000000000004 0.83955413393916645
decision_type=2 2 2 2 2 2 2 2 2 2 2 2 2 2 2 2 2 2 2 2 2 2 2 2 2 2 2 2 2 2
left_child=1 2 13 5 -5 6 23 8 9 -6 11 -9 -10 -1 20 16 18 -18 -16 21 24 -17 -12 -4 25 -15 27 28 29 -2
right_child=26 -3 3 4 7 -7 -8 10 12 -11 22 -13 -14 14 15 19 17 -19 -20 -21 -22 -23 -24 -25 -26 -27 -28 -29 -30 -31
leaf_value=-0.16207691125926518 -0.0016728134957674141 0.049514862983341373 -0.067911782935261719 0.17149618657926718 0.09372927946703774 0.016142431576672483 0.013341652154922485 -0.010742768589407207 0.32364465460181235 -0.19196162477135659 -0.007742953639138829 -0.16853639073669913 0.10092251472175123 0.022697950488534468 0.072406117035584014 -0.053976873282728523 0.0040504596994391509 -0.18543545331805944 -0.10065366758710959 -0.04686889854188149 -0.083092160968352924 0.096706077088039008 0.15718753867302881 -0.23819338977336885 0.024249663058777945 0.29083301700651648 -0.081912114783316059 0.046535658174901302 -0.039254500095175261 0.13561867950484158
leaf_weight=21 1222 223 40 60 35 365 40 80 20 20 33 28 20 29 55 29 28 80 44 130 46 91 33 24 153 20 74 166 483 28
leaf_count=21 1222 223 40 60 35 365 40 80 20 20 33 28 20 29 55 29 28 80 44 130 46 91 33 24 153 20 74 166 483 28
internal_value=1.72533e-10 0.00889717 0.00295377 0.019509 0.0534214 -0.0042803 -0.0759562 0.027085 0.0835014 -0.0101583 -0.00371706 -0.0516522 0.212284 -0.0152433 -0.0108695 -0.0306912 -0.0732746 -0.136309 -0.00450934 0.00456787 0.0256567 0.060291 0.0747223 -0.131767 0.0504213 0.132141 -0.00787803 -0.00499308 -0.0099289 0.00140252
internal_weight=3720 1747 1524 798 329 469 104 269 95 55 174 108 40 726 705 457 207 108 99 250 248 120 66 64 202 49 1973 1899 1733 1250
internal_count=3720 1747 1524 798 329 469 104 269 95 55 174 108 40 726 705 457 207 108 99 250 248 120 66 64 202 49 1973 1899 1733 1250
is_linear=0
shrinkage=0.05


Tree=21
num_leaves=31
num_cat=0
split_feature=9 2 5 5 4 4 2 1 3 1 1 5 3 1 3 1 3 7 1 3 4 7 7 4 8 3 7 7 2 8
split_gain=101.902 132.034 191.587 229.864 134.882 430.448 159.414 143.735 169.394 149.945 316.947 228.853 301.399 141.46 139.873 154.438 137.404 201.813 171.984 152.734 161.188 135.156 248.397 132.14 146.886 123.474 122.399 190.36 387.517 254.452
threshold=2.5000000000000004 18.071428571428573 16.912558006388416 15.89383194328604 17.948171698864105 17.444833100412477 17.214285714285719 21.500000000000004 4.5355736761107126 8.5000000000000018 9.5000000000000018 14.465370902369409 7.0050983275386596 20.500000000000004 4.4614753058558785 15.500000000000002 5.6251980110938913 0.63659725847675264 16.500000000000004 6.2163376255910707 13.773943201303686 0.20641003797401616 0.49157961408195167 13.751684704271552 1.5000000000000002 6.8033605141660898 0.16775933788214709 0.040506361211769308 12.928571428571431 1.5000000000000002
decision_type=2 2 2 2 2 2 2 2 2 2 2 2 2 2 2 2 2 2 2 2 2 2 2 2 2 2 2 2 2 2
left_child=1 4 3 -3 5 6 7 9 -9 11 -11 23 -13 14 15 -12 17 18 -16 20 -18 -10 -23 24 -1 -24 27 28 -2 -30
right_child=26 2 -4 -5 -6 -7 -8 8 21 10 13 12 -14 -15 16 -17 19 -19 -20 -21 -22 22 25 -25 -26 -27 -28 -29 29 -31
leaf_value=-0.15391716456413271 0.17936087558593822 -0.0026903501578739715 -0.043879816820845012 0.2261106117911961 -0.12745747287491602 0.20764068502612645 -0.15136782261340515 -0.19941713444888592 -0.13073738378382499 0.16549376449708283 0.0049614287235520103 -0.049833896538106409 0.18692109748721122 0.10871817297660387 0.038551819911226637 0.172531285607256 0.00041115634581621955 -0.1821029868721962 -0.13075283964474996 -0.023019688750358293 0.17410321750424126 0.10658634959409635 -0.14028228967140119 -0.17497865549453043 -0.0044549429013083378 0.013700318530849791 0.010169107788757924 -0.035088626221251078 -0.12549257329532079 0.031992422970749133
leaf_weight=25 34 21 32 23 28 21 23 20 31 29 44 41 20 26 40 20 34 30 24 241 22 30 30 34 48 23 2204 391 35 96
leaf_count=25 34 21 32 23 28 21 23 20 31 29 44 41 20 26 40 20 34 30 24 241 22 30 30 34 48 23 2204 391 35 96
internal_value=7.84884e-11 -0.0140316 0.0492091 0.11691 -0.0194686 -0.0159363 -0.0215592 -0.0178823 -0.0652013 -0.00853019 0.00496537 -0.0494989 0.0277907 -0.00471305 -0.0111948 0.057327 -0.0224107 -0.0750966 -0.0249374 -0.00573567 0.0686473 -0.0416546 -0.00838278 -0.0935611 -0.0556406 -0.0734596 0.00488057 -0.0160834 0.0289533 -0.0100837
internal_weight=3720 960 76 44 884 856 835 812 134 678 510 168 61 481 455 64 391 94 64 297 56 114 83 107 73 53 2760 556 165 131
internal_count=3720 960 76 44 884 856 835 812 134 678 510 168 61 481 455 64 391 94 64 297 56 114 83 107 73 53 2760 556 165 131
is_linear=0
shrinkage=0.05


Tree=22
num_leaves=31
num_cat=0
split_feature=2 5 5 5 3 1 0 5 7 7 7 3 1 5 1 3 5 5 2 7 3 8 9 4 3 3 4 7 7 7
split_gain=102.589 107.659 302.563 213.277 233.952 449.479 338.795 260.726 225.759 223.014 207.172 205.107 201.955 299.381 201.068 181.753 179.145 179.114 194.447 168.033 198.056 196.678 428.808 421.654 318.663 371.436 424.336 339.712 348.389 299.441
threshold=8.9285714285714306 14.894500689213002 15.314633149065839 15.389047006981789 5.9120538692049323 16.500000000000004 20.500000000000004 17.034473924761382 0.80758286107890453 0.78879732276742587 0.37116367046161153 5.9841059323447565 20.500000000000004 15.007739222948139 19.500000000000004 4.0059303218556899 16.020390956454992 14.931187728976022 13.214285714285717 0.011325859094010101 6.517376042257383 2.5000000000000004 3.5000000000000004 11.609680379999725 5.7981934789249303 4.9809159608975344 13.643606093397915 0.69170766019069529 0.56555386899886984 0.80978894929472933
decision_type=2 2 2 2 2 2 2 2 2 2 2 2 2 2 2 2 2 2 2 2 2 2 2 2 2 2 2 2 2 2
left_child=-1 19 12 14 5 7 10 15 9 11 -7 -6 17 -14 -4 -5 -12 -3 -19 20 -2 22 -21 -24 25 26 27 28 -23 -25
right_child=1 2 3 4 8 6 -8 -9 -10 -11 16 -13 13 -15 -16 -17 -18 18 -20 21 -22 24 23 29 -26 -27 -28 -29 -30 -31
leaf_value=0.071869252150764271 -0.020971256196498873 -0.086012111802895863 -0.12643907537623761 -0.076061450882304107 0.17660812437534334 -0.13992511825192541 -0.25033296961337331 -0.15770531766116622 -0.078499511162103242 0.18774380289018155 0.12601820793002846 0.01434461681066819 0.2545578161875407 0.042128272406583615 0.04950464692982761 0.058006265572523766 -0.074749131083488463 -0.075927136309685256 0.056634969112068306 -0.025426604288319749 0.19888107790833429 0.010908883441096315 0.1533160257829379 0.0087646097717982412 -0.044096256994475599 0.066031392651477033 -0.14762861159598004 0.14789727232285907 -0.20413318271546263 0.20370526899184502
leaf_weight=49 20 30 62 31 20 42 32 20 59 20 20 742 27 43 22 137 25 31 257 474 21 104 73 318 729 175 58 35 23 21
leaf_count=49 20 30 62 31 20 42 32 20 59 20 20 742 27 43 22 137 25 31 257 474 21 104 73 318 729 175 58 35 23 21
internal_value=-6.32555e-11 -0.000959301 0.00867518 -0.0034512 0.00217617 -0.0351825 -0.111226 0.0129513 0.0158136 0.0229293 -0.06006 0.0186035 0.0471795 0.124065 -0.0803586 0.0332676 0.0144808 0.030255 0.0423661 -0.00856918 0.091636 -0.0106132 0.00700318 0.0443132 -0.0244994 0.0116681 -0.0315754 0.00997448 -0.0280357 0.0208406
internal_weight=3720 3671 1620 1232 1148 307 119 188 841 782 87 762 388 70 84 168 45 318 288 2051 41 2010 886 412 1124 395 220 162 127 339
internal_count=3720 3671 1620 1232 1148 307 119 188 841 782 87 762 388 70 84 168 45 318 288 2051 41 2010 886 412 1124 395 220 162 127 339
is_linear=0
shrinkage=0.05


Tree=23
num_leaves=31
num_cat=0
split_feature=2 5 3 2 0 3 8 0 2 7 7 1 2 4 8 2 2 7 4 3 1 4 8 4 7 5 3 7 3 9
split_gain=92.5866 99.0499 276.73 258.2 224.132 222.669 294.429 214.543 304.777 182.725 217.402 162 229.721 278.61 211.547 209.274 169.028 149.178 165.52 148.492 146.59 226.6 225.434 418.309 223.617 184.639 203.95 181.667 179.267 166.42
threshold=8.9285714285714306 14.010373983056075 3.8606685826112943 15.785714285714286 3.5000000000000004 3.6774675532904193 2.5000000000000004 20.500000000000004 13.928571428571431 0.62603151184095951 0.30924324901746708 13.500000000000002 11.214285714285717 12.664107451848221 2.5000000000000004 13.357142857142859 19.500000000000004 0.053857989274094055 9.6868193392815005 5.9120538692049323 19.500000000000004 19.094209991429775 5.5000000000000009 16.566766910236193 0.70068756945862465 16.661330532157159 4.7056197405715974 0.61362618585383211 5.214446791510122 4.5000000000000009
decision_type=2 2 2 2 2 2 2 2 2 2 2 2 2 2 2 2 2 2 2 2 2 2 2 2 2 2 2 2 2 2
left_child=-1 3 5 4 -2 6 -3 17 9 10 -9 -4 -13 14 -14 -16 20 19 -19 -6 21 25 24 -24 27 26 -15 -22 -28 -30
right_child=1 2 11 -5 7 -7 -8 8 -10 -11 -12 12 13 16 15 -17 -18 18 -20 -21 22 -23 23 -25 -26 -27 28 -29 29 -31
leaf_value=0.068275790235825959 -0.10892215936251406 0.079666978907254007 0.02276249563880222 -0.13934094049991705 -0.013379082472428031 -0.19556321253379186 -0.10236959806804001 -0.056543152040705605 -0.16503827806482926 -0.10070811122655871 0.13247011402854697 0.14659509593248368 0.0054284612702972749 0.11132827839784083 -0.23539892440021504 -0.035072556815364142 -0.075364347760166442 -0.089319163450629124 0.0052130984105921915 0.15211975204222131 0.042828177880829363 0.1215768974274397 0.027003695771881293 -0.24002181995998728 -0.030221428169110387 -0.14958731532096864 -0.13167395786765743 0.15728756597695442 0.0070715767193447665 -0.057686044124054398
leaf_weight=49 53 36 1083 39 23 27 58 29 47 35 32 25 34 31 32 22 70 49 842 33 312 30 44 22 97 26 34 39 324 143
leaf_count=49 53 36 1083 39 23 27 58 29 47 35 32 25 34 31 32 22 70 49 842 33 312 30 44 22 97 26 34 39 324 143
internal_value=2.53861e-11 -0.000911336 0.00474846 -0.0128295 -0.00851281 -0.0690052 -0.0326535 -0.00363052 -0.0607153 -0.00964054 0.0426113 0.00851713 -0.00348889 -0.00646675 -0.0922704 -0.153784 -2.41539e-05 0.00498946 1.43545e-05 0.084147 0.00476152 -0.0122885 0.0242662 -0.0620048 0.0369757 -0.0194855 -0.0131272 0.0555459 -0.020828 -0.0127578
internal_weight=3720 3671 2489 1182 1143 121 94 1090 143 96 61 2368 1285 1260 88 54 1172 947 891 56 1102 588 514 66 448 558 532 351 501 467
internal_count=3720 3671 2489 1182 1143 121 94 1090 143 96 61 2368 1285 1260 88 54 1172 947 891 56 1102 588 514 66 448 558 532 351 501 467
is_linear=0
shrinkage=0.05


Tree=24
num_leaves=31
num_cat=0
split_feature=1 1 4 4 8 3 8 0 4 5 5 4 5 5 5 4 5 2 3 7 4 0 4 3 7 3 3 3 8 4
split_gain=86.3691 184.854 177.176 105.188 192.844 407.735 216.275 285.902 325.235 308.367 387.917 300.452 390.983 260.138 329.137 289.405 258.11 256.437 238.94 224.988 366.828 277.444 245.596 232.031 246.322 208.008 197.879 264.316 199.961 257.78
threshold=31.500000000000004 28.500000000000004 14.138390172764355 15.658689860371426 5.5000000000000009 6.2373681873657283 2.5000000000000004 11.500000000000002 9.8990604432868619 12.08014476930733 12.906000747817185 11.672347023524869 13.673595051480543 12.65415813906198 12.78901861878987 12.120126370213166 13.249344222509469 9.9285714285714306 6.9710282727036583 0.52905150949594704 12.140164658715172 22.500000000000004 15.26427222006169 7.0373146921905123 0.69554457121156443 6.2163376255910707 4.6136443605586201 7.4817235944894174 1.5000000000000002 14.379521341036289
decision_type=2 2 2 2 2 2 2 2 2 2 2 2 2 2 2 2 2 2 2 2 2 2 2 2 2 2 2 2 2 2
left_child=1 3 -3 4 6 -6 7 8 -1 -9 25 18 -13 15 -15 17 -12 -8 -10 21 -21 -18 23 24 -22 -11 -14 28 29 -28
right_child=-2 2 -4 -5 5 -7 13 9 11 10 16 12 26 14 -16 -17 19 -19 -20 20 22 -23 -24 -25 -26 -27 27 -29 -30 -31
leaf_value=-0.15845160558819771 0.080529927851801575 0.0052165091940850929 -0.15219961171730972 0.012757756255305969 0.089077559669592216 -0.024023441445059714 0.12017879399160546 0.16859024112874813 0.076283021406693907 -0.038187539398670201 0.0924821034606014 -0.047077009515903358 0.21855821147561075 -0.22358833047277901 -0.031939522039494884 0.2046241356567903 -0.071158723438166052 -0.048511732710709035 0.27514936029911041 0.22013353652187756 0.065249862461476724 0.035768838759977377 -0.16597659453749658 0.09536334863695943 -0.10566197674132277 -0.23067519376054407 0.041210273759705679 0.13702123711907097 0.10540942271289074 -0.1364550232887268
leaf_weight=20 33 33 39 1227 155 164 33 22 44 25 56 112 20 23 863 22 251 71 23 21 37 80 20 61 49 32 49 62 38 35
leaf_count=20 33 33 39 1227 155 164 33 22 44 25 56 112 20 23 863 22 251 71 23 21 37 80 20 61 49 32 49 62 38 35
internal_value=-2.27248e-10 -0.000720773 -0.0800506 0.00085924 -0.00525445 0.0309316 -0.0108336 0.00498415 0.0381108 -0.0154287 -0.0218345 0.0483751 0.0279835 -0.0273548 -0.0369146 0.0398674 -0.00950103 0.00501507 0.144551 -0.020505 0.0231768 -0.0453152 -0.00159018 0.0207753 -0.0321301 -0.146251 0.0691932 0.0529579 0.0102372 -0.0328169
internal_weight=3720 3687 72 3615 2388 319 2069 1057 403 654 632 383 316 1012 886 126 575 104 67 519 188 331 167 147 86 57 204 184 122 84
internal_count=3720 3687 72 3615 2388 319 2069 1057 403 654 632 383 316 1012 886 126 575 104 67 519 188 331 167 147 86 57 204 184 122 84
is_linear=0
shrinkage=0.05


Tree=25
num_leaves=31
num_cat=0
split_feature=9 7 3 3 0 7 5 7 0 7 7 4 1 8 4 4 5 3 5 5 8 4 4 3 3 3 1 3 3 7
split_gain=82.8024 122.365 224.65 191.371 174.427 212.613 236.055 191.76 166.912 196.957 166.767 224.615 187.02 159.655 291.036 327.51 210.767 231.04 153.636 192.925 146.501 143.45 138.309 136.472 230.015 188.744 181.904 116.589 120.36 117.121
threshold=2.5000000000000004 0.12348188893391697 3.0078843751231035 8.7858106539118186 19.500000000000004 0.23494646496342292 16.561232523093434 0.38268451244590385 16.500000000000004 0.45838697673384565 0.10523678859827851 16.725429451197371 14.500000000000002 1.5000000000000002 13.301115901108743 14.182440443900502 16.003217087141039 6.8764608837478525 14.155188953057248 13.102301133964747 1.5000000000000002 13.603894334081794 14.40785398969893 4.2201331506865776 5.2417736002416664 4.6136443605586201 12.500000000000002 5.652643713553938 5.9401779675119455 0.55507883563575788
decision_type=2 2 2 2 2 2 2 2 2 2 2 2 2 2 2 2 2 2 2 2 2 2 2 2 2 2 2 2 2 2
left_child=1 10 -3 4 13 -6 7 -7 9 -5 11 12 21 14 18 -16 17 -17 19 -4 -9 -1 -10 -15 25 -25 -27 -26 -29 -30
right_child=-2 2 3 8 5 6 -8 20 22 -11 -12 -13 -14 23 15 16 -18 -19 -20 -21 -22 -23 -24 24 27 26 -28 28 29 -31
leaf_value=0.11559343124153439 0.0043994781561027133 0.12775922453403474 -0.093104305190424771 -0.13996541723608971 -0.22950719325315383 0.049310208261013039 0.091076223450628199 -0.035375907495617864 0.026715565323829651 0.054784518827659057 0.15752663151784377 0.15016556571830403 -0.10511109438680469 -0.10639867263621297 0.1483975855776897 -0.10456530662446187 -0.18364165723323822 0.095020576977524265 -0.015004468318074943 -0.27978834152221682 -0.17412629665520329 -0.058647087624385245 0.21266529127955436 -0.01593633219599724 -0.098120848677660299 0.23328872081637383 0.049246059692111516 0.089795072451233859 -0.052257154005821108 0.026729489109445233
leaf_weight=27 2760 25 31 20 21 20 22 30 20 37 22 22 42 29 26 29 23 29 20 25 52 21 20 34 38 25 29 30 108 83
leaf_count=27 2760 25 31 20 21 20 22 30 20 37 22 22 42 29 26 29 23 29 20 25 52 21 20 34 38 25 29 30 108 83
internal_value=7.51567e-11 -0.0126485 -0.0198384 -0.0244451 -0.0335169 -0.0823835 -0.0574674 -0.0895063 0.0413952 -0.0135488 0.0316716 0.00695009 -0.0280581 -0.0208412 -0.0591434 -0.00600204 -0.0555624 -0.00477236 -0.133961 -0.176445 -0.123364 0.0393632 0.11969 -0.00219949 0.0065088 0.0763468 0.134451 -0.0172199 -0.00330938 -0.0179331
internal_weight=3720 960 826 801 704 145 124 102 97 57 134 112 90 559 183 107 81 58 76 56 82 48 40 376 347 88 54 259 221 191
internal_count=3720 960 826 801 704 145 124 102 97 57 134 112 90 559 183 107 81 58 76 56 82 48 40 376 347 88 54 259 221 191
is_linear=0
shrinkage=0.05


Tree=26
num_leaves=31
num_cat=0
split_feature=2 1 5 0 3 5 5 1 7 7 5 0 4 4 7 4 5 0 0 9 4 8 5 2 0 0 0 9 4 4
split_gain=82.2115 88.4655 211.601 232.869 304.192 409.009 292.782 319.669 290.033 283.998 218.879 215.862 187.565 299.18 325.313 196.248 183.654 204.79 177.963 179.326 244.369 170.8 332.525 332.05 249.545 584.077 499.985 286.275 284.945 444.932
threshold=8.6428571428571441 15.500000000000002 12.951608688134103 18.500000000000004 5.9281411203561278 14.692097314451379 16.270583358154429 17.500000000000004 0.18000428431790247 0.63209106626866596 15.324396605496306 15.500000000000002 15.095849167072556 14.574255401834838 0.80239188009922913 15.334793690251862 14.60269841420442 9.5000000000000018 5.5000000000000009 4.5000000000000009 13.56841421506452 4.5000000000000009 15.790873342820621 15.785714285714286 11.500000000000002 9.5000000000000018 13.500000000000002 2.5000000000000004 14.379521341036289 16.047465702977714
decision_type=2 2 2 2 2 2 2 2 2 2 2 2 2 2 2 2 2 2 2 2 2 2 2 2 2 2 2 2 2 2
left_child=-1 18 -3 6 9 -6 7 8 -4 10 -5 -8 13 14 -9 -14 17 -17 19 -2 -21 24 23 -23 25 27 -26 -20 -27 -30
right_child=1 2 3 4 5 -7 11 12 -10 -11 -12 -13 15 -15 -16 16 -18 -19 21 20 -22 22 -24 -25 26 28 -28 -29 29 -31
leaf_value=0.081084592735034322 -0.011513571127973223 -0.064093120800098408 -0.17982670831183592 0.020369737196800321 -0.085108912991896532 0.030092648107994786 -0.10186165355648219 0.021536599465492946 -0.010495677747711632 -0.23673997834324836 -0.14550562915769782 0.061905022209080368 0.20353155314736068 -0.078451076724699573 0.20850995159149172 0.25999931270877519 0.032817127682226763 0.048200355678796769 -0.087078389543153001 -0.25195565067586445 -0.024538871977064346 0.039747912993427753 0.11513284707728487 -0.067451856586527317 -0.092356881706124078 0.18127316760768494 0.0036403181892358653 0.02350339876400992 -0.071616514287888997 0.16729796702336325
leaf_weight=31 135 160 30 43 118 222 89 335 161 30 37 26 25 70 25 21 178 25 84 21 27 312 104 94 163 75 808 193 40 38
leaf_count=31 135 160 30 43 118 222 89 335 161 30 37 26 25 70 25 21 178 25 84 21 27 312 104 94 163 75 808 193 40 38
internal_value=2.81925e-10 -0.000681383 -0.00955316 -0.00347205 -0.0332718 -0.00988907 0.010142 0.0200529 -0.0370922 -0.105546 -0.0563476 -0.0648361 0.0361276 0.0161301 0.0345209 0.0706616 0.0558323 0.144891 0.00607625 -0.0410271 -0.124034 0.0105869 0.0353621 0.0149283 0.00156811 0.0332784 -0.0124746 -0.0100304 0.111687 0.0447777
internal_weight=3720 3689 1595 1435 450 340 985 870 191 110 80 115 679 430 360 249 224 46 2094 183 48 1911 510 406 1401 430 971 277 153 78
internal_count=3720 3689 1595 1435 450 340 985 870 191 110 80 115 679 430 360 249 224 46 2094 183 48 1911 510 406 1401 430 971 277 153 78
is_linear=0
shrinkage=0.05


Tree=27
num_leaves=31
num_cat=0
split_feature=1 1 4 3 7 3 7 7 5 4 4 8 7 2 8 2 4 3 2 7 5 7 3 0 0 0 5 5 5 3
split_gain=79.2862 164.65 160.076 105.896 118.397 304.828 261.411 359.841 308.871 179.277 236.064 233.782 191.552 173.077 168.808 563.979 341.97 327.532 360.447 290.98 247.399 198.731 182.295 175.615 311.64 190.815 199.848 274.58 237.816 213.878
threshold=31.500000000000004 28.500000000000004 14.138390172764355 11.039964297125545 0.54832137687450644 6.9333543135894393 0.82006998554388677 0.83589943869142747 15.378322375108199 15.658689860371426 15.26427222006169 3.5000000000000004 0.60007563442834455 15.500000000000002 5.5000000000000009 15.785714285714286 18.49255432513057 6.8660656232559525 12.214285714285717 0.33664445031849827 13.293683305632028 0.3399373058190811 8.3152184062030052 22.500000000000004 19.500000000000004 30.500000000000004 14.654020148029447 15.141879898623122 14.138895050992376 7.7428922859859668
decision_type=2 2 2 2 2 2 2 2 2 2 2 2 2 2 2 2 2 2 2 2 2 2 2 2 2 2 2 2 2 2
left_child=1 3 -3 4 14 -6 9 -8 -9 10 11 13 -11 -7 23 17 19 20 -19 -17 -16 -22 -20 24 -1 26 28 -28 29 -25
right_child=-2 2 -4 -5 5 6 7 8 -10 12 -12 -13 -14 -15 15 16 -18 18 22 -21 21 -23 -24 25 -26 -27 27 -29 -30 -31
leaf_value=-0.0095432456358831158 0.077157306716297613 0.0054883157665079297 -0.14413857467663593 -0.10856324551119045 -0.0087186251719984838 0.10862812626314916 -0.17731946033816184 0.1381966025117905 -0.11015639855038553 0.18544337477239714 -0.0978316410698674 -0.0112213737489323 0.065108493929020836 -0.026750764205794909 0.2317991935035312 -0.028752274292966597 0.091218448789031417 -0.17091504419627399 0.12820238918066026 -0.21572165253915287 0.13161471687619472 -0.023022953577099312 -0.052652498199181122 0.1322415896437385 -0.07867000707287769 -0.11625415577383882 0.21716876126549864 0.042500715478737322 -0.10721065655004147 -0.057511755713710082
leaf_weight=1495 33 33 39 22 706 127 31 31 21 41 33 112 171 29 38 46 27 23 38 38 63 31 22 33 183 22 27 135 43 27
leaf_count=1495 33 33 39 22 706 127 31 31 21 41 33 112 171 29 38 46 27 23 38 38 63 31 22 33 183 22 27 135 43 27
internal_value=1.53321e-10 -0.000690586 -0.0755596 0.000800581 0.00147022 0.01351 0.0398413 -0.042483 0.0379002 0.0531608 0.0283547 0.0438926 0.0883808 0.0834615 -0.00537213 0.0279495 -0.0635777 0.0752031 -0.00262301 -0.113334 0.124139 0.0806172 0.0618889 -0.0109003 -0.0170821 0.0252427 0.0369896 0.0716121 -0.0174651 0.0468526
internal_weight=3720 3687 72 3615 3593 1302 596 83 52 513 301 268 212 156 2291 326 111 215 83 84 132 94 60 1965 1678 287 265 162 103 60
internal_count=3720 3687 72 3615 3593 1302 596 83 52 513 301 268 212 156 2291 326 111 215 83 84 132 94 60 1965 1678 287 265 162 103 60
is_linear=0
shrinkage=0.05


Tree=28
num_leaves=31
num_cat=0
split_feature=2 5 5 4 2 5 5 1 5 3 1 0 5 3 7 7 1 9 8 3 4 0 2 3 0 3 5 3 6 7
split_gain=73.9604 85.9098 274.678 203.47 224.569 249.868 279.468 231.913 193.256 183.963 359.706 289.4 234.746 199.463 258.511 185.767 179.286 176.737 190.613 300.019 276.665 236.588 176.886 167.383 251.749 169.89 158.583 157.979 157.526 147.857
threshold=8.9285714285714306 14.894500689213002 15.314633149065839 17.820580980611748 14.642857142857144 15.20290594617944 15.007739222948139 14.500000000000002 15.389047006981789 5.9120538692049323 16.500000000000004 20.500000000000004 17.034473924761382 6.0118929750002357 0.84318168706366403 0.37116367046161153 19.500000000000004 1.5000000000000002 4.5000000000000009 6.6726154385997924 17.733767454045513 24.500000000000004 16.785714285714288 8.1064327054328533 9.5000000000000018 8.7858106539118186 16.020390956454992 4.0059303218556899 1.0000000180025095e-35 0.41147502190175195
decision_type=2 2 2 2 2 2 2 2 2 2 2 2 2 2 2 2 2 2 2 2 2 2 2 2 2 2 2 2 2 2
left_child=-1 -2 3 4 5 6 7 -3 16 10 12 15 27 -11 17 -12 -4 -15 20 -20 22 -21 28 -22 -25 -26 -17 -10 -19 -24
right_child=1 2 8 -5 -6 -7 -8 -9 9 13 11 -13 -14 14 -16 26 -18 18 19 21 23 -23 29 24 25 -27 -28 -29 -30 -31
leaf_value=0.061022837186346247 -0.0076124114794942702 -0.045236564685518926 -0.12048392534526367 -0.10320481536063282 0.085626845077212077 0.12951645767316222 -0.097044135790604821 0.16804871729016305 -0.071124399765845267 0.15001901370974691 -0.12789777676974023 -0.2281273971311748 -0.15040478549897673 0.13083983505925825 -0.16820273265242577 0.12325563557446002 0.045656848495656793 0.0077976506485081297 -0.092093834548722955 0.049610500352747451 0.086148729072053842 0.20761251562092053 -0.13088052901647873 -0.1640120440721512 -0.065647452181348431 0.094254598669383849 -0.065638858139514922 0.053867852641609461 -0.13020031964001449 -0.023740262024465109
leaf_weight=49 2051 26 62 22 218 32 65 25 31 26 42 32 20 31 20 20 22 205 32 154 101 28 67 20 26 46 25 137 23 62
leaf_count=49 2051 26 62 22 218 32 65 25 31 26 42 32 20 31 20 20 22 205 32 154 101 28 67 20 26 46 25 137 23 62
internal_value=1.66997e-10 -0.000814524 0.00779194 0.044479 0.0533562 0.00582247 -0.0283 0.059315 -0.00376212 0.00159462 -0.0315332 -0.09956 0.0115263 0.0136877 0.00933843 -0.0522709 -0.0769709 0.0138049 0.00905608 0.0490942 -0.0065224 0.0739185 -0.0325966 0.0417081 -0.00708003 0.0365122 0.0183143 0.0308038 -0.0061232 -0.0793868
internal_weight=3720 3671 1620 388 366 148 116 51 1232 1148 307 119 188 841 815 87 84 795 764 214 550 182 357 193 92 72 45 168 228 129
internal_count=3720 3671 1620 388 366 148 116 51 1232 1148 307 119 188 841 815 87 84 795 764 214 550 182 357 193 92 72 45 168 228 129
is_linear=0
shrinkage=0.05


Tree=29
num_leaves=31
num_cat=0
split_feature=1 1 4 3 7 3 7 7 5 9 7 3 3 1 0 7 4 5 5 2 0 0 0 2 5 4 4 8 1 1
split_gain=73.2666 148.893 143.365 94.6545 103.933 271.79 229.356 332.738 269.056 158.149 230.852 194.977 239.709 188.173 278.284 208.158 167.623 261.705 158.328 258.882 191.682 187.475 157.33 259.076 231.315 155.907 211.229 224.07 188.107 226.499
threshold=31.500000000000004 28.500000000000004 14.138390172764355 11.039964297125545 0.54832137687450644 6.9333543135894393 0.82006998554388677 0.83589943869142747 15.378322375108199 2.5000000000000004 0.56555386899886984 6.2373681873657283 5.8858179594575697 22.500000000000004 10.500000000000002 0.57631018234129416 14.156439406523704 14.010373983056075 12.65415813906198 11.214285714285717 15.500000000000002 22.500000000000004 12.500000000000002 14.928571428571431 15.496290301695408 15.658689860371426 15.26427222006169 1.0000000180025095e-35 15.500000000000002 9.5000000000000018
decision_type=2 2 2 2 2 2 2 2 2 2 2 2 2 2 2 2 2 2 2 2 2 2 2 2 2 2 2 2 2 2
left_child=1 3 -3 4 -1 9 25 -8 -9 11 -11 12 16 15 -15 -12 17 -6 -17 -20 22 -22 24 -24 -21 26 27 -7 29 -27
right_child=-2 2 -4 -5 5 6 7 8 -10 10 13 -13 -14 14 -16 18 -18 -19 19 20 21 -23 23 -25 -26 28 -28 -29 -30 -31
leaf_value=-0.0050235250376129137 0.07417051200613832 0.0048405810739054825 -0.13676131206612366 -0.10264183279465547 -0.075652361462513612 0.17816312241333504 -0.16924001036151765 0.13132515388631052 -0.10046902973027456 0.13631959836930038 -0.17102531120181086 -0.13064201696246278 0.12386935818195344 0.23352198153734208 -0.0015260801157530616 -0.096491351784315227 -0.12254226488785612 0.11696119873688138 0.16732182748939681 -0.04505159020747828 0.055276273624931885 -0.084314623115391563 -0.021186092775315048 -0.2411879082898731 0.13542430265383287 0.044983998943458905 -0.092489664188840179 0.026269594478494335 0.025281505768789965 0.17974288617778156
leaf_weight=2291 33 33 39 22 45 27 31 31 21 32 20 51 25 20 34 43 45 29 23 92 141 29 32 23 22 55 33 241 85 72
leaf_count=2291 33 33 39 22 45 27 31 31 21 32 20 51 25 20 34 43 45 29 23 92 141 29 32 23 22 55 33 241 85 72
internal_value=-1.74623e-10 -0.000663853 -0.0718604 0.00075417 0.00138727 0.0126677 0.0375311 -0.0395808 0.037716 -0.00832182 0.00629685 -0.0466302 -0.016876 -0.00238943 0.0855288 -0.0135602 -0.0464444 -0.000168669 -0.00578416 0.00499045 -0.00602318 0.0314637 -0.0437319 -0.113187 -0.0102229 0.0500073 0.0268745 0.0415723 0.0828516 0.121383
internal_weight=3720 3687 72 3615 3593 1302 596 83 52 706 511 195 144 479 54 425 119 74 405 362 339 170 169 55 114 513 301 268 212 127
internal_count=3720 3687 72 3615 3593 1302 596 83 52 706 511 195 144 479 54 425 119 74 405 362 339 170 169 55 114 513 301 268 212 127
is_linear=0
shrinkage=0.05


Tree=30
num_leaves=31
num_cat=0
split_feature=7 3 7 1 2 1 4 7 4 0 2 1 4 1 0 9 3 2 2 3 3 7 8 4 5 5 2 5 8 3
split_gain=73.8844 249.789 246.818 210.001 186.705 178.608 161.974 135.727 149.975 134.663 167.795 130.14 183.648 218.858 150.657 148.731 119.426 105.795 139.492 164.326 511.382 204.333 201.877 194.851 205.503 187.989 180.148 126.178 117.951 117.255
threshold=0.040506361211769308 5.9120538692049323 0.027250961960885303 10.500000000000002 13.642857142857144 21.500000000000004 14.072093326145575 0.099120481556777815 17.820580980611748 18.500000000000004 14.500000000000002 6.5000000000000009 14.988104098923261 15.500000000000002 13.500000000000002 3.5000000000000004 5.563486402641872 8.5000000000000018 10.928571428571431 6.2163376255910707 6.6726154385997924 0.54832137687450644 3.5000000000000004 10.855392144112175 12.433071358026245 13.03097174621135 10.214285714285717 12.08014476930733 2.5000000000000004 4.0059303218556899
decision_type=2 2 2 2 2 2 2 2 2 2 2 2 2 2 2 2 2 2 2 2 2 2 2 2 2 2 2 2 2 2
left_child=1 2 4 6 -1 9 -3 8 11 10 -5 -2 13 16 -14 -15 -13 -9 19 21 -21 23 26 24 -19 28 -22 -20 -23 -29
right_child=7 3 -4 5 -6 -7 -8 17 -10 -11 -12 12 14 15 -16 -17 -18 18 27 20 22 25 -24 -25 -26 -27 -28 29 -30 -31
leaf_value=-0.015611796250397509 -0.13044628190497559 0.25320186618376866 0.093231342099606998 -0.048194314764502151 -0.22160435738888654 0.14643992057637029 0.06133666263723915 0.11283076657869279 -0.13056900279747474 -0.099327540677040818 0.1479000699520111 0.11816677808761598 -0.024508726054971869 -0.213658295191514 0.11981552755460144 -0.042590224315170892 -0.03499522238969803 -0.091671388764535233 0.10368667086285931 -0.29884480996565388 0.15517269946634771 -0.084804002443949381 -0.12867290921233318 -0.13676500711590053 0.083952709168402695 0.17762641226467879 -0.052167075330560857 -0.040339028155978993 0.075934417009353647 0.0046101622801579525
leaf_weight=22 24 22 20 24 22 23 22 21 37 28 20 20 33 24 40 27 35 31 31 22 20 21 27 40 36 23 22 153 25 2805
leaf_count=22 24 22 20 24 22 23 22 21 37 28 20 20 33 24 40 27 35 31 31 22 20 21 27 40 36 23 22 153 25 2805
internal_value=-8.5534e-11 0.0293301 -0.0524083 0.066965 -0.118608 0.0251398 0.157269 -0.00169292 -0.0379882 -0.0136088 0.0409395 -0.0211138 -0.00645474 -0.0484833 0.0545731 -0.123093 0.0207001 0.000965261 0.000243769 -0.0343828 -0.0889338 -0.00617745 -0.0220057 -0.0494403 0.0026938 0.0609114 0.0465662 0.00333688 0.00255383 0.0022852
internal_weight=3720 203 64 139 44 95 44 3517 240 72 44 203 179 106 73 51 55 3277 3256 267 91 176 69 107 67 69 42 2989 46 2958
internal_count=3720 203 64 139 44 95 44 3517 240 72 44 203 179 106 73 51 55 3277 3256 267 91 176 69 107 67 69 42 2989 46 2958
is_linear=0
shrinkage=0.05


Tree=31
num_leaves=31
num_cat=0
split_feature=7 5 5 4 1 5 2 5 1 0 5 8 8 4 3 1 3 5 3 3 1 8 0 5 3 0 3 3 3 0
split_gain=70.1961 72.2932 262.914 188.257 234.707 186.28 189.678 172.916 163.218 165.881 158.893 156.163 301.8 268.013 154.278 326.767 284.861 210.492 193.179 187.07 329.458 224.172 214.15 378.694 209.113 205.805 202.285 245.26 243.573 242.143
threshold=1.0000000180025095e-35 14.894500689213002 15.314633149065839 17.820580980611748 20.500000000000004 14.931187728976022 13.214285714285717 15.389047006981789 18.500000000000004 13.500000000000002 15.007739222948139 2.5000000000000004 4.5000000000000009 15.26427222006169 5.9120538692049323 16.500000000000004 5.563486402641872 17.034473924761382 6.2029179001652457 6.517376042257383 13.500000000000002 4.5000000000000009 13.500000000000002 16.418985714849125 7.0457685377819557 7.5000000000000009 7.6749437720912281 7.3029674334022161 8.1998838551588875 9.5000000000000018
decision_type=2 2 2 2 2 2 2 2 2 2 2 2 2 2 2 2 2 2 2 2 2 2 2 2 2 2 2 2 2 2
left_child=-1 -2 3 4 5 -3 -7 8 9 -4 -6 -8 13 -13 15 17 -17 -9 -16 20 -20 24 23 25 -21 -23 27 -26 -28 -30
right_child=1 2 7 -5 10 6 11 14 -10 -11 -12 12 -14 -15 18 16 -18 -19 19 21 -22 22 -24 -25 26 -27 28 -29 29 -31
leaf_value=0.087079477796088101 -0.0066929772057152228 -0.084867034262667104 -0.22411238680715148 -0.098565043305808855 0.23089250083322876 -0.069792419864285388 0.015829274201622376 0.030591524511306402 0.030959850778946509 -0.051256232602255682 0.072255210107878637 0.26892903105301014 0.015788903661438678 0.075695418870370637 0.091778890545080816 -0.052061080311060604 -0.23676852350709618 -0.14111059956252575 -0.16147547715971636 0.072627858522037667 0.042031731597475107 0.18315883181665257 0.1044166285460731 -0.16911840167207023 0.0078760405637177764 -0.010497406760559363 0.072445130561374957 -0.13860148168527162 -0.11603367983617566 0.0054837086073105563
leaf_weight=23 2084 30 23 22 27 31 104 166 26 35 38 34 61 38 70 92 27 20 43 75 37 23 111 24 51 34 90 65 55 161
leaf_count=23 2084 30 23 22 27 31 104 166 26 35 38 34 61 38 70 92 27 20 43 75 37 23 111 24 51 34 90 65 55 161
internal_value=3.13545e-10 -0.000541744 0.00740567 0.0434576 0.052065 0.0332879 0.0465142 -0.00389726 -0.0731381 -0.119803 0.138151 0.0617273 0.0976176 0.166945 0.00118686 -0.0292668 -0.0939695 0.0121289 0.0122576 0.00501903 -0.0673534 0.0134222 0.059308 -0.00250741 -0.00430431 0.0676446 -0.0179771 -0.0742019 0.00333688 -0.0254582
internal_weight=3720 3697 1613 385 363 298 268 1228 84 58 65 237 133 72 1144 305 119 186 839 769 80 689 192 81 497 57 422 116 306 216
internal_count=3720 3697 1613 385 363 298 268 1228 84 58 65 237 133 72 1144 305 119 186 839 769 80 689 192 81 497 57 422 116 306 216
is_linear=0
shrinkage=0.05


Tree=32
num_leaves=31
num_cat=0
split_feature=1 3 4 3 0 7 7 7 8 7 7 3 0 0 1 7 7 5 5 1 0 4 1 7 4 4 4 3 7 7
split_gain=67.5114 156.674 171.379 150.515 163.695 175.322 166.075 224.041 161.833 232.858 222.365 232.509 237.123 199.265 349.946 181.147 164.124 160.233 188.86 218.601 190.92 446.347 171.892 169.397 155.683 307.705 170.137 151.524 320.113 150.382
threshold=13.500000000000002 9.8838433152543868 17.700556143879449 8.7858106539118186 18.500000000000004 0.83955413393916645 0.81274868348893181 0.77630375097457227 1.0000000180025095e-35 0.62603151184095951 0.53158523097013355 8.1998838551588875 22.500000000000004 24.500000000000004 18.500000000000004 0.34366373378045939 0.71855791366696176 12.951608688134103 16.291758455811983 17.500000000000004 15.500000000000002 13.751684704271552 15.500000000000002 0.49582585643233962 15.07062339994142 14.771306808755488 15.334793690251862 9.0343260744256764 0.47620427309182084 0.34366373378045939
decision_type=2 2 2 2 2 2 2 2 2 2 2 2 2 2 2 2 2 2 2 2 2 2 2 2 2 2 2 2 2 2
left_child=-1 3 -3 4 5 17 7 8 15 10 11 12 29 14 -14 -6 -11 -2 19 20 -19 -22 -23 -20 25 -21 -26 28 -5 -10
right_child=1 2 -4 27 6 -7 -8 -9 9 16 -12 -13 13 -15 -16 -17 -18 18 23 24 21 22 -24 -25 26 -27 -28 -29 -30 -31
leaf_value=0.0071582059687804213 -0.045930043522398489 -0.12402162064142802 0.047315812632441528 0.22857266206826485 -0.18750033742663536 0.12534452302913582 -0.14656437896192073 0.13852151498198509 -0.013627593006570765 -0.17535651310070144 0.10061211574408745 -0.15586777159811133 -0.025131507103259749 -0.020234752785075794 0.22014343332160605 -0.014592566476702424 -0.014908882230520249 -0.038904907206973337 -0.11923928293227047 0.025047691489174351 -0.099488585362476969 0.26439377245493234 0.059577227277415136 0.017513250893889328 0.17909929154972948 -0.13221935749683969 0.047253671685262517 0.0073807434007336402 -0.008445321312495346 -0.13313207733325469
leaf_weight=1747 172 54 20 28 33 28 30 20 81 37 45 28 26 55 33 28 28 267 54 365 28 20 21 39 28 34 194 109 29 39
leaf_count=1747 172 54 20 28 33 28 30 20 81 37 45 28 26 55 33 28 28 267 54 365 28 20 21 39 28 34 194 109 29 39
internal_value=-1.85184e-10 -0.00633826 -0.0777142 -0.00355689 -0.00791354 0.00163874 -0.0326347 -0.0250897 -0.0326468 -0.0202688 -0.00206624 -0.0197018 -0.00340848 0.0482316 0.112056 -0.108133 -0.106241 -0.00119576 0.00613214 0.0127426 -0.0197449 0.0543959 0.159488 -0.0618914 0.0303204 0.0116465 0.0638828 0.0419254 0.107985 -0.0524666
internal_weight=3720 1973 74 1899 1733 1250 483 453 433 372 307 262 234 114 59 61 65 1222 1050 957 336 69 41 93 621 399 222 166 57 120
internal_count=3720 1973 74 1899 1733 1250 483 453 433 372 307 262 234 114 59 61 65 1222 1050 957 336 69 41 93 621 399 222 166 57 120
is_linear=0
shrinkage=0.05


Tree=33
num_leaves=31
num_cat=0
split_feature=9 2 5 5 4 4 2 1 1 1 5 3 3 7 7 7 2 7 7 7 7 5 6 1 2 2 7 2 9 4
split_gain=65.6797 115.853 171.287 211.01 139.296 330.779 129.54 127.931 146.959 276.448 187.642 249.838 140.364 121.876 227.898 162.164 113.264 133.159 114.769 112.159 211.706 136 107.358 141.629 276.317 372.914 275.324 207.422 204.833 108.35
threshold=2.5000000000000004 18.071428571428573 16.912558006388416 15.89383194328604 18.001988546380293 17.337805258350489 17.214285714285719 21.500000000000004 8.5000000000000018 9.5000000000000018 14.465370902369409 7.0050983275386596 4.5355736761107126 0.17259510097495093 0.053857989274094055 0.20641003797401616 13.928571428571431 0.25806115405533631 0.59077657819616725 0.20641003797401616 0.37874175196992149 14.262087888153529 1.0000000180025095e-35 19.500000000000004 14.928571428571431 15.642857142857144 0.59571365110824004 14.928571428571431 4.5000000000000009 12.140164658715172
decision_type=2 2 2 2 2 2 2 2 2 2 2 2 2 2 2 2 2 2 2 2 2 2 2 2 2 2 2 2 2 2
left_child=1 4 3 -3 5 6 7 8 10 -10 16 -12 -9 14 -11 -15 17 -1 -19 -14 -21 -22 -2 24 26 -26 29 -25 -27 -24
right_child=22 2 -4 -5 -6 -7 -8 12 9 13 11 -13 19 15 -16 -17 -18 18 -20 20 21 -23 23 27 25 28 -28 -29 -30 -31
leaf_value=0.048250173142349181 0.0069615266018912998 -0.0026028895661944435 -0.04004507595673204 0.21661396246889364 -0.12817860975758069 0.17017097032318515 -0.13511930989182516 -0.18159124657511713 0.15737259942909768 -0.078514514646182462 -0.047165428574492296 0.16838917464017869 -0.11913292816569727 -0.14858545994474776 0.10294852288920553 -0.0057742982883737378 -0.17492522486933956 -0.14724465675259893 0.00073071658611297604 0.13405453629791739 0.026879081489710972 -0.12051222380250692 0.056516459584236151 -0.063587057739496231 -0.25509686141178528 0.0095634222747041642 0.15012079929863964 0.15658031361906424 -0.1787232655286789 -0.079652800162633264
leaf_weight=22 2520 21 32 23 27 24 23 20 29 24 41 20 31 21 62 372 27 38 20 20 29 34 21 20 29 52 27 23 20 48
leaf_count=22 2520 21 32 23 27 24 23 20 29 24 41 20 31 21 62 372 27 38 20 20 29 34 21 20 29 52 27 23 20 48
internal_value=-1.43016e-11 -0.0112651 0.0479739 0.111988 -0.016358 -0.0128351 -0.0181077 -0.0147852 -0.00593821 0.00746837 -0.0464771 0.0235082 -0.0594162 -0.00160725 0.0523077 -0.0134054 -0.0863753 -0.0564897 -0.0962187 -0.037982 -0.00767267 -0.0526654 0.00391828 -0.0280358 -0.0459807 -0.103713 0.0147581 0.0541769 -0.0427384 -0.03821
internal_weight=3720 960 76 44 884 857 833 810 676 508 168 61 134 479 86 393 107 80 58 114 83 63 2760 240 197 101 96 43 72 69
internal_count=3720 960 76 44 884 857 833 810 676 508 168 61 134 479 86 393 107 80 58 114 83 63 2760 240 197 101 96 43 72 69
is_linear=0
shrinkage=0.05


Tree=34
num_leaves=31
num_cat=0
split_feature=1 1 4 0 0 1 3 0 1 1 4 5 5 8 9 7 8 4 7 7 2 5 5 9 5 9 3 3 2 4
split_gain=66.6896 132.32 127.431 83.1508 218.83 312.798 212.666 212.577 341.515 324.412 398.201 315.04 405.638 241.658 235.192 202.605 216.886 201.235 184.784 294.243 182.587 377.487 488.82 240.398 186.139 222.064 363.897 181.787 181.023 170.325
threshold=31.500000000000004 28.500000000000004 14.138390172764355 11.500000000000002 13.500000000000002 7.5000000000000009 2.8743499452978107 9.5000000000000018 18.500000000000004 11.500000000000002 14.298441961023643 13.08245578241417 14.60269841420442 2.5000000000000004 2.5000000000000004 0.72791224774868568 5.5000000000000009 15.30977326226084 0.36701249062302155 0.63659725847675264 11.214285714285717 13.629626797488271 14.155188953057248 3.5000000000000004 16.387244095790944 2.5000000000000004 7.322502824789324 6.5809969257846186 17.785714285714288 10.643842010215886
decision_type=2 2 2 2 2 2 2 2 2 2 2 2 2 2 2 2 2 2 2 2 2 2 2 2 2 2 2 2 2 2
left_child=1 3 -3 7 5 -5 -6 8 28 10 -9 29 17 -11 -14 16 -15 18 -13 -20 -7 23 -23 -22 25 -24 27 -27 -1 -10
right_child=-2 2 -4 4 6 20 -8 9 11 13 -12 12 14 15 -16 -17 -18 -19 19 -21 21 22 24 -25 -26 26 -28 -29 -30 -31
leaf_value=-0.0248592199376826 0.070763174213017477 0.0045624317544879335 -0.12893846946266982 -0.13146408998684303 -0.15252034499902617 -0.12720258382751662 0.0038411438342211531 0.1924655462022532 0.030582043443891135 0.070739179248192216 0.022994735734919981 0.19932166807579274 -0.11187366758803688 -0.10491983099079623 0.049797392527504668 0.10624996364116668 0.071880977397615273 0.27590142447840083 -0.054547991752624515 0.18315592524798022 0.017632581165526063 -0.18988468648820389 0.13689970288312797 0.22231841815205722 -0.11641489144029289 -0.025593415207006566 0.11944770898956519 -0.1962518059834838 0.10718955541098561 -0.16017316674411997
leaf_weight=670 33 33 39 74 22 34 1883 66 22 83 73 33 31 82 82 20 22 22 30 23 32 41 33 26 29 71 39 20 27 25
leaf_count=670 33 33 39 74 22 34 1883 66 22 83 73 33 31 82 82 20 22 22 30 23 32 41 33 26 29 71 39 20 27 25
internal_value=6.62711e-11 -0.000633356 -0.0677506 0.000703418 -0.00501676 -0.0386868 0.00203539 0.0107563 -0.00129968 0.0443805 0.103463 0.0466693 0.0716692 0.00470679 0.00544515 -0.0394923 -0.0675197 0.140959 0.106439 0.0486065 -0.0175621 -0.00475189 -0.0331645 0.109388 0.000301825 0.0210674 -0.00833621 -0.0631008 -0.019744 -0.0708835
internal_weight=3720 3687 72 3615 2304 399 1905 1311 965 346 139 268 221 207 113 124 104 108 86 53 325 291 233 58 192 163 130 91 697 47
internal_count=3720 3687 72 3615 2304 399 1905 1311 965 346 139 268 221 207 113 124 104 108 86 53 325 291 233 58 192 163 130 91 697 47
is_linear=0
shrinkage=0.05


Tree=35
num_leaves=31
num_cat=0
split_feature=2 7 2 3 3 2 7 7 2 3 3 8 7 5 4 2 5 2 2 0 5 7 3 5 3 8 1 3 4 7
split_gain=66.3885 73.5031 219.009 287.17 257.393 209.715 207.067 126.196 148.69 187.85 419.512 216.751 180.834 196.755 176.14 157.386 153.747 130.947 192.594 121.81 115.612 108.3 99.0664 409.515 185.742 199.352 182.141 116.317 152.457 232.835
threshold=8.9285714285714306 0.040506361211769308 12.928571428571431 6.0395521751360359 5.1570565991016029 17.214285714285719 0.019738241777657855 0.099120481556777815 10.928571428571431 6.2163376255910707 6.6726154385997924 3.5000000000000004 0.54832137687450644 13.03097174621135 10.855392144112175 10.357142857142859 12.433071358026245 16.928571428571434 16.071428571428573 18.500000000000004 12.08014476930733 0.072912235634577174 4.0059303218556899 13.69509551906698 3.7289089429432134 2.5000000000000004 10.500000000000002 4.4239607334862976 14.324538393890881 0.81274868348893181
decision_type=2 2 2 2 2 2 2 2 2 2 2 2 2 2 2 2 2 2 2 2 2 2 2 2 2 2 2 2 2 2
left_child=-1 2 -2 4 -4 6 19 17 9 12 -11 15 14 -14 16 -12 -9 18 -3 -5 -10 -19 23 -22 25 -25 -27 -24 -29 -30
right_child=1 7 3 5 -6 -7 -8 8 20 10 11 -13 13 -15 -16 -17 -18 21 -20 -21 22 -23 27 24 -26 26 -28 28 29 -31
leaf_value=0.057814818073292168 0.12580085837178762 -0.038591377441830277 0.0059061906610925995 0.16729641482234003 -0.23378896429425194 0.16805144598564278 -0.076996541852131492 -0.081965565337584576 0.099227112916208088 -0.28505122390660376 0.13891174077987672 -0.14794359195232393 -0.0042685561627149584 0.18189191151071679 -0.1280386233702302 -0.059447863399982454 0.081725903076585393 -0.042748532670417005 0.11076305997371674 0.002403654158115387 0.13582119143434934 -0.18917761940671052 0.056983717637295643 0.061093178973533217 -0.179635577974841 -0.21670389004051685 -0.032655814580801058 -0.011959631851472745 0.017478099955834353 -0.0566687475195514
leaf_weight=49 45 158 24 21 21 26 40 26 31 22 20 25 40 22 40 20 32 28 25 24 28 23 101 32 32 20 41 1104 1486 114
leaf_count=49 45 158 24 21 21 26 40 26 31 22 20 25 40 22 40 20 32 28 25 24 28 23 101 32 32 20 41 1104 1486 114
internal_value=2.57631e-11 -0.000771704 0.0286249 0.000593389 -0.105952 0.0437873 0.00577707 -0.00247451 8.95773e-05 -0.0371943 -0.0963269 -0.032451 -0.00504088 0.0617884 -0.0473206 0.0397319 0.00834697 -0.0379334 -0.0181878 0.0793536 0.00317058 -0.108785 0.0021639 -0.0370152 -0.0757306 -0.0399783 -0.0929994 0.00430094 0.00233313 0.0121951
internal_weight=3720 3671 201 156 45 111 85 3470 3236 247 87 65 160 62 98 40 58 234 183 45 2989 51 2958 153 125 93 61 2805 2704 1600
internal_count=3720 3671 201 156 45 111 85 3470 3236 247 87 65 160 62 98 40 58 234 183 45 2989 51 2958 153 125 93 61 2805 2704 1600
is_linear=0
shrinkage=0.05


Tree=36
num_leaves=31
num_cat=0
split_feature=1 3 9 8 3 0 4 0 5 7 0 9 7 1 4 2 7 7 0 3 7 5 7 7 3 3 4 4 9 4
split_gain=65.5012 140.999 163.652 160.077 134.056 153.318 199.559 185.627 181.058 187.052 150.688 183.866 168.671 141.669 140.725 148.57 165.903 292.831 162.636 137.303 295.502 136.493 177.518 258.994 187.425 168.497 135.541 137.557 244.674 176.368
threshold=13.500000000000002 9.8838433152543868 3.5000000000000004 3.5000000000000004 8.7858106539118186 19.500000000000004 18.323573397838395 15.500000000000002 12.951608688134103 0.83955413393916645 22.500000000000004 2.5000000000000004 0.72224782604995996 31.500000000000004 12.278805992583957 19.071428571428573 0.41568951044423103 0.32003592499342454 24.500000000000004 9.0343260744256764 0.47620427309182084 12.65415813906198 0.14898274817078697 0.46235292041081527 5.9841059323447565 6.0808047693839553 17.733767454045513 16.830384385516528 4.5000000000000009 15.07062339994142
decision_type=2 2 2 2 2 2 2 2 2 2 2 2 2 2 2 2 2 2 2 2 2 2 2 2 2 2 2 2 2 2
left_child=-1 4 -3 -4 5 6 8 -8 21 13 11 -7 -13 26 -12 16 17 18 -16 20 -6 22 -2 -24 -25 -23 27 29 -29 -10
right_child=1 2 3 -5 19 10 7 -9 9 -11 14 12 -14 -15 15 -17 -18 -19 -20 -21 -22 25 23 24 -26 -27 -28 28 -30 -31
leaf_value=0.0070508294450689554 -0.14180492393672467 -0.1720573612385326 -0.10415956854820252 0.080768297477201989 0.21806158919685653 -0.16848929967429188 -0.12884703005470757 0.049924980876967312 -0.0049524781186314351 0.15740279778838159 -0.10343193304583882 -0.069488491381537093 0.071756252417197602 0.13016089194764693 0.10559599637985229 -0.094225901762644448 -0.021529982329974343 0.24419537711888553 -0.05904314637184143 0.0064353774173544088 -0.0096629377004915275 -0.019808230126226272 0.12320022598693246 -0.12835147651813683 0.053682832935681712 -0.17284550583987898 0.095220210545119796 -0.0061981138563714927 -0.20113027671521364 0.043959749928715153
leaf_weight=1747 20 27 25 22 28 37 53 20 639 22 33 113 26 24 30 30 86 20 30 109 29 37 38 31 26 35 42 60 22 259
leaf_count=1747 20 27 25 22 28 37 53 20 639 22 33 113 26 24 30 30 86 20 30 109 29 37 38 31 26 35 42 60 22 259
internal_value=3.29077e-11 -0.00624318 -0.0739545 -0.0175976 -0.00360461 -0.00771617 0.000496716 -0.0798684 0.00517134 0.0131181 -0.0346463 -0.0694355 -0.0430686 0.0100835 -0.0079088 0.00817417 0.0266802 0.0785062 0.0232764 0.039319 0.102202 -0.0402146 -0.00641419 0.0220891 -0.0453183 -0.0942014 0.00726364 0.00349407 -0.058497 0.00915472
internal_weight=3720 1973 74 47 1899 1733 1328 73 1255 1068 405 176 139 1046 229 196 166 80 60 166 57 187 115 95 57 72 1022 980 82 898
internal_count=3720 1973 74 47 1899 1733 1328 73 1255 1068 405 176 139 1046 229 196 166 80 60 166 57 187 115 95 57 72 1022 980 82 898
is_linear=0
shrinkage=0.05


Tree=37
num_leaves=31
num_cat=0
split_feature=2 7 7 3 8 7 2 7 2 3 3 8 7 5 5 4 7 7 7 1 4 5 9 3 3 5 3 8 1 3
split_gain=63.2032 67.2203 205.423 305.717 220.184 207.503 183.344 113.751 124.94 186.023 405.118 276.742 155.499 173.383 142.756 142.296 120.752 107.792 164.542 379.254 240.599 177.961 177.902 103.386 91.6022 371.292 166.364 179.442 163.614 113.454
threshold=8.9285714285714306 0.040506361211769308 0.032774858722070054 5.9120538692049323 1.5000000000000002 0.011325859094010101 13.642857142857144 0.050315332460686611 10.928571428571431 6.2163376255910707 6.6726154385997924 3.5000000000000004 0.54832137687450644 13.03097174621135 12.08014476930733 11.470296772672315 0.39761387002279153 0.056450228405314364 0.099120481556777815 8.5000000000000018 17.202787520125771 15.068807265785582 3.5000000000000004 6.9006555934235445 4.0059303218556899 13.69509551906698 3.7289089429432134 2.5000000000000004 10.500000000000002 8.1998838551588875
decision_type=2 2 2 2 2 2 2 2 2 2 2 2 2 2 2 2 2 2 2 2 2 2 2 2 2 2 2 2 2 2
left_child=-1 2 3 6 -5 -6 -2 -3 9 12 -11 16 15 -14 -10 -9 -12 -16 19 -19 21 22 -21 -7 25 -20 27 -27 -29 -26
right_child=1 7 -4 4 5 23 -8 8 14 10 11 -13 13 -15 17 -17 -18 18 24 20 -22 -23 -24 -25 29 26 -28 28 -30 -31
leaf_value=0.056410787809564149 0.007842703807083044 -0.0813594757558571 0.14803898587822914 -0.080515577529485405 0.18508223125880416 0.12422933191061021 -0.18660738103919561 -0.0099649233276501228 0.10646520843729378 -0.27369516556677609 0.13883790952153505 -0.15524078447509695 -0.0026311350241303446 0.17212335281074048 0.099792681744805101 -0.15032851336442907 -0.032827951084999814 -0.21073282410701119 0.12892824943576539 -0.10759515969623482 -0.15293331183493139 0.13006358139516255 0.056886524451630463 -0.013372081626466539 0.0094744588650462567 0.057218771008774642 -0.17084463951177897 -0.20622124135494235 -0.03178429436392901 -0.014676340503064683
leaf_weight=49 22 45 30 26 33 20 27 84 32 23 20 27 40 22 27 23 21 30 28 31 24 28 35 43 2179 32 32 20 41 626
leaf_count=49 22 45 30 26 33 20 27 84 32 23 20 27 40 22 27 23 21 30 28 31 24 28 35 43 2179 32 32 20 41 626
internal_value=1.32995e-10 -0.000752963 0.0273592 0.00618734 0.0485565 0.0835135 -0.0993033 -0.00238136 -0.0013437 -0.0346625 -0.092298 -0.0309431 -0.00362805 0.0593785 0.0013934 -0.0401365 0.0509115 0.000320209 -0.00054449 -0.0519934 -0.0116359 0.02444 -0.02037 0.0303109 0.0020297 -0.0356446 -0.0725089 -0.0386729 -0.0889767 0.00408465
internal_weight=3720 3671 201 171 122 96 49 3470 3425 260 91 68 169 62 3165 107 41 3133 3106 148 118 94 66 63 2958 153 125 93 61 2805
internal_count=3720 3671 201 171 122 96 49 3470 3425 260 91 68 169 62 3165 107 41 3133 3106 148 118 94 66 63 2958 153 125 93 61 2805
is_linear=0
shrinkage=0.05


Tree=38
num_leaves=31
num_cat=0
split_feature=1 8 7 2 9 3 3 2 5 4 0 0 3 2 0 0 7 0 3 3 0 4 5 2 0 0 3 0 5 5
split_gain=61.8294 130.209 135.813 210.006 299.221 187.091 350.689 313.599 319.187 373.107 332.139 202.696 174.751 173.502 144.82 144.527 140.727 135.653 175.068 261.28 269.45 267.87 277.123 251.955 203.392 188.448 179.714 209.976 165.549 463.753
threshold=13.500000000000002 5.5000000000000009 0.41856757364393143 17.071428571428573 4.5000000000000009 7.1514234347336147 7.5023805745719327 14.642857142857144 13.894283638402309 13.469162894687928 15.500000000000002 9.5000000000000018 9.1573542083351871 11.214285714285717 12.500000000000002 16.500000000000004 0.4690207787425672 3.5000000000000004 9.767532396435703 8.1196409575129174 11.500000000000002 14.44037533637051 15.293161913695547 11.642857142857144 19.500000000000004 16.500000000000004 8.5007001359099181 13.500000000000002 15.496290301695408 14.828526163035525
decision_type=2 2 2 2 2 2 2 2 2 2 2 2 2 2 2 2 2 2 2 2 2 2 2 2 2 2 2 2 2 2
left_child=1 2 17 5 14 11 -7 8 9 -8 -10 -4 -9 -13 -5 -16 -15 -1 19 20 28 23 24 -22 -23 -24 -21 -28 29 -19
right_child=-2 -3 3 4 -6 6 7 12 10 -11 -12 13 -14 16 15 -17 -18 18 -20 26 21 22 25 -25 -26 -27 27 -29 -30 -31
leaf_value=-0.13924819245224906 -0.0060656710216767037 0.042535189377152338 -0.07972118412703276 0.22554575914428351 -0.068148996416599522 0.14982119558586016 0.081530147925433186 -0.017878680652309513 0.25503153864992784 -0.18366355881804514 -0.0047102986276149755 0.11078340980139645 -0.16856620969394079 -0.13504695763944516 -0.012582678733200865 0.12133426355818909 7.0376761240733432e-05 0.033032505939366255 0.11456677977133681 -0.19498860391563383 0.032597871497273445 0.037253494875935406 0.051337457065131854 -0.10505069603266962 0.22162192442587447 -0.076930366842666784 -0.15302530750632287 0.023741368381750019 -0.038706777341987776 0.27646248133286189
leaf_weight=21 1973 223 100 21 31 54 36 74 32 21 20 33 26 21 29 66 234 131 27 29 44 52 44 136 21 82 28 42 46 23
leaf_count=21 1973 223 100 21 31 54 36 74 32 21 20 33 26 21 29 66 234 131 27 29 44 52 44 136 21 82 28 42 46 23
internal_value=1.72443e-10 0.00685035 0.00162875 0.0158656 0.0698436 0.00367707 0.036234 0.00688617 0.06555 -0.0161728 0.155131 -0.0183912 -0.0570574 0.00290394 0.106721 0.0804544 -0.0110569 -0.01402 -0.0102898 -0.015262 -0.0024273 -0.0272052 0.0127729 -0.0714033 0.090291 -0.0321384 -0.0903257 -0.0469653 0.0445269 0.0693889
internal_weight=3720 1747 1524 798 147 651 263 209 109 57 52 388 100 288 116 95 255 726 705 678 579 379 199 180 73 126 99 70 200 154
internal_count=3720 1747 1524 798 147 651 263 209 109 57 52 388 100 288 116 95 255 726 705 678 579 379 199 180 73 126 99 70 200 154
is_linear=0
shrinkage=0.05


Tree=39
num_leaves=31
num_cat=0
split_feature=5 5 7 3 2 4 2 5 5 4 5 2 8 8 5 5 4 7 1 7 5 5 8 9 8 4 1 3 3 0
split_gain=61.462 272.863 506.602 262.413 148.842 140.83 201.439 335.903 307.878 277.531 150.804 140.584 125.327 270.918 121.299 204.883 188.165 179.207 186.27 246.871 180.587 173.756 180.184 160.03 378.561 344.257 282.778 259.845 495.814 329.971
threshold=17.034473924761382 16.737414395340434 0.49919894374383444 6.0395521751360359 19.500000000000004 17.733767454045513 17.928571428571434 15.676366089844999 16.459074711671622 18.898102492529613 16.057855167196909 17.214285714285719 4.5000000000000009 5.5000000000000009 14.894500689213002 15.314633149065839 17.509698252759012 0.045545954521613856 20.500000000000004 0.37463955187973802 15.215399592920923 14.988470496022531 1.5000000000000002 3.5000000000000004 2.5000000000000004 11.609680379999725 10.500000000000002 7.0845229123514875 5.0896720822428172 11.500000000000002
decision_type=2 2 2 2 2 2 2 2 2 2 2 2 2 2 2 2 2 2 2 2 2 2 2 2 2 2 2 2 2 2
left_child=1 4 -3 -2 5 10 8 -8 9 11 14 -7 -12 -14 23 17 -17 -16 19 21 -21 -19 -23 -1 25 26 -25 28 -27 -29
right_child=3 2 -4 -5 -6 6 7 -9 -10 -11 12 -13 13 -15 15 16 -18 18 -20 20 -22 22 -24 24 -26 27 -28 29 -30 -31
leaf_value=-0.018364162483467259 -0.14884914507468541 -0.028012935374234174 0.2414473526857116 0.007775111203395333 -0.082284323862669151 0.022382454125993496 -0.079385336882180801 0.14247095314785838 -0.16362245380878448 -0.13441121918814522 -0.066431592671621228 0.14318220388345623 0.12885988786302766 -0.0821387471514754 -0.078861873072606559 0.0031757900955680027 -0.13464261322067336 -0.022543822906234051 0.13653264220418601 -0.021335597739651286 0.10669563712880892 0.011886284181049893 0.18362546307700023 0.28216411794225377 -0.019684308102642673 0.10983674365438914 0.07589343630329326 0.16612738101132984 -0.065091949745754912 0.012514082964679058
leaf_weight=1154 36 37 33 104 55 69 22 76 24 21 155 37 29 32 27 522 26 22 58 145 34 21 56 24 504 57 54 58 140 88
leaf_count=1154 36 37 33 104 55 69 22 76 24 21 155 37 29 32 27 522 26 22 58 145 34 21 56 24 504 57 54 58 140 88
internal_value=-1.83105e-10 0.00127094 0.0990183 -0.0324997 -0.000678441 0.00062064 0.0368429 0.0926665 0.000612956 0.0316496 -0.00219263 0.0645484 -0.0425389 0.0181721 0.00072202 0.0159356 -0.00336304 0.0450697 0.0550284 0.038024 0.00298318 0.101381 0.136788 -0.00594445 0.00954999 0.0445478 0.139361 0.0229867 -0.0144781 0.0735385
internal_weight=3720 3580 70 140 3510 3455 249 98 151 127 3206 106 216 61 2990 911 548 363 336 278 179 99 77 2079 925 421 78 343 197 146
internal_count=3720 3580 70 140 3510 3455 249 98 151 127 3206 106 216 61 2990 911 548 363 336 278 179 99 77 2079 925 421 78 343 197 146
is_linear=0
shrinkage=0.05


Tree=40
num_leaves=31
num_cat=0
split_feature=7 2 5 5 4 1 5 2 5 5 1 1 7 7 5 0 5 7 3 1 5 3 3 3 1 1 9 0 2 2
split_gain=61.2062 59.2108 68.2625 206.281 156.282 192.368 155.445 167.582 154.797 141.873 138.693 134.913 166.121 180.407 179.374 164.298 204.921 159.691 382.275 158.548 196.952 153.393 209 268.994 197.35 329.994 190.422 180.68 172.599 169.895
threshold=1.0000000180025095e-35 8.9285714285714306 14.894500689213002 15.314633149065839 17.820580980611748 20.500000000000004 14.931187728976022 13.214285714285717 15.389047006981789 15.007739222948139 19.500000000000004 4.5000000000000009 0.81861465225589847 0.54832137687450644 15.48230648446158 23.500000000000004 15.42565256174097 0.32932882441735312 8.5007001359099181 15.500000000000002 17.071658533067275 5.9281411203561278 7.3484692283495354 7.6749437720912281 16.500000000000004 10.500000000000002 4.5000000000000009 17.500000000000004 16.928571428571434 18.071428571428573
decision_type=2 2 2 2 2 2 2 2 2 2 2 2 2 2 2 2 2 2 2 2 2 2 2 2 2 2 2 2 2 2
left_child=-1 -2 -3 4 5 6 -4 -8 10 -7 -5 -10 13 15 -15 16 -13 18 -17 -16 -21 24 26 -24 25 -18 27 28 -23 -29
right_child=1 2 3 8 -6 9 7 -9 11 -11 -12 12 -14 14 19 17 21 -19 -20 20 -22 22 23 -25 -26 -27 -28 29 -30 -31
leaf_value=0.081312420122001489 0.054665283393114807 -0.0073185889670025206 -0.078705206805219252 -0.107344175154163 -0.091014867580749781 0.21179745064841377 -0.068011810125843175 0.055610339461436759 0.07554951146373462 0.061896762840057677 0.038782372393391357 0.12390072131934374 -0.080221876135239234 -0.090170528436148617 0.078605618030775953 0.012523249629884959 -0.12175699618268521 -0.03621334779338959 0.26829476569380079 0.031329272008784437 -0.13195705584208059 0.18230798396814085 -0.16753563194846113 -0.018953894019465557 -0.13492719516602916 0.058666401552883066 -0.045341548004567078 -0.10851306806911121 0.020273721218109133 0.092840335220098491
leaf_weight=23 48 2036 30 62 22 27 31 237 58 38 22 23 65 27 158 48 47 39 21 115 22 42 36 198 67 55 54 22 27 20
leaf_count=23 48 2036 30 62 22 27 31 237 58 38 22 23 65 27 158 48 47 39 21 115 22 42 36 198 67 55 54 22 27 20
internal_value=-6.99785e-11 -0.000505866 -0.0012316 0.00645166 0.0383855 0.0462279 0.0292286 0.0413108 -0.00356016 0.124163 -0.0690729 0.00125021 -0.00271789 0.00221625 0.0331829 -0.0120488 -0.0224113 0.0446573 0.0903668 0.0444729 0.00510811 -0.0283359 -0.0114254 -0.0418126 -0.0682606 -0.0244699 0.0316691 0.0691337 0.118903 -0.0126305
internal_weight=3720 3697 3649 1613 385 363 298 268 1228 65 84 1144 1086 1021 322 699 591 108 69 295 137 568 399 234 169 102 165 111 69 42
internal_count=3720 3697 3649 1613 385 363 298 268 1228 65 84 1144 1086 1021 322 699 591 108 69 295 137 568 399 234 169 102 165 111 69 42
is_linear=0
shrinkage=0.05


Tree=41
num_leaves=31
num_cat=0
split_feature=7 0 7 3 7 1 4 7 7 5 1 0 3 3 3 3 4 5 4 7 0 1 0 8 7 7 7 3 2 0
split_gain=55.2386 57.9182 206.647 302.855 273.345 268.603 193.812 256.334 228.361 220.896 208.534 299.429 261.07 256.398 265.527 206.613 216.807 203.324 296.05 460.436 447.995 344.198 299.932 288.679 255.86 275.936 386.272 218.915 193.701 189.773
threshold=1.0000000180025095e-35 11.500000000000002 0.81861465225589847 7.8891124493250286 0.77279574640276405 9.5000000000000018 17.2583076554304 0.72791224774868568 0.70353679262213464 11.96440974647628 7.5000000000000009 13.500000000000002 7.4097747539828704 8.520283806481908 9.0343260744256764 7.7120808136449526 14.182440443900502 16.057855167196909 13.145131676426344 0.44576807838270699 20.500000000000004 14.500000000000002 22.500000000000004 1.5000000000000002 0.5741544455555968 0.2794752572107948 0.35404186965611922 5.061526214398941 12.357142857142859 16.500000000000004
decision_type=2 2 2 2 2 2 2 2 2 2 2 2 2 2 2 2 2 2 2 2 2 2 2 2 2 2 2 2 2 2
left_child=-1 -2 4 5 6 -4 7 8 9 -3 11 -11 17 -14 -15 29 -17 18 23 22 -21 -22 -20 -12 25 27 -27 -25 -28 -13
right_child=1 2 3 -5 -6 -7 -8 -9 -10 10 12 15 13 14 -16 16 -18 -19 19 20 21 -23 -24 24 -26 26 28 -29 -30 -31
leaf_value=0.077246801814307348 0.007804915112216506 0.10831565494472917 0.022398763632884733 0.092178051530019109 0.065553554330113617 -0.16480451728654744 0.025739140661244164 -0.092080657479201203 0.089498723324453633 -0.15635776510783311 -0.10732942678324589 0.025312350294057359 -0.074098894341538352 0.087868556826715433 -0.045969082978036674 -0.039833575431947356 0.16450763136148452 -0.079941154784355012 -0.013451137014761054 0.15919043707456126 0.12023014102293098 -0.14530467396745314 0.12951284973394303 -0.13581110925385448 -0.10502505505626852 0.26697620445477738 0.098358538746833812 0.022316167646875749 -0.0656624133636554 -0.09650172238051892
leaf_weight=23 1343 37 27 23 141 66 384 98 57 58 77 47 234 63 90 27 25 61 290 118 23 26 42 33 44 23 45 65 30 100
leaf_count=23 1343 37 27 23 141 66 384 98 57 58 77 47 234 63 90 27 25 61 290 118 23 26 42 33 44 23 45 65 30 100
internal_value=2.59932e-11 -0.000480572 -0.00520759 -0.0702779 -0.00183487 -0.110455 -0.006366 -0.0135629 -0.0087984 -0.0123946 -0.015331 -0.0563893 -0.00698296 -0.0411903 0.00914053 -0.0272528 0.0584074 0.00811194 0.0146943 0.0386985 0.106418 -0.0206659 0.00463467 -0.0230914 0.00393499 0.0283954 0.0877216 -0.0309308 0.0327502 -0.0575544
internal_weight=3720 3697 2354 116 2238 93 2097 1713 1615 1558 1521 257 1264 387 153 199 52 877 816 499 167 49 332 317 240 196 98 98 75 147
internal_count=3720 3697 2354 116 2238 93 2097 1713 1615 1558 1521 257 1264 387 153 199 52 877 816 499 167 49 332 317 240 196 98 98 75 147
is_linear=0
shrinkage=0.05


Tree=42
num_leaves=31
num_cat=0
split_feature=5 5 7 3 2 4 4 3 5 5 2 7 7 4 0 5 7 8 5 4 4 7 3 8 3 3 3 0 3 8
split_gain=56.8943 240.388 446.859 231.134 137.487 127.698 180.534 241.289 155.174 146.186 211.813 197.177 177.157 162.395 146.675 152.565 248.688 145.878 129.02 142.203 246.651 400.347 350.576 210.228 234.792 173.397 152.761 264.033 248.434 285.895
threshold=17.034473924761382 16.737414395340434 0.49919894374383444 6.0395521751360359 19.500000000000004 17.289398909768494 17.009895004831453 7.9162280580252782 16.561232523093434 15.89383194328604 18.214285714285719 0.36351628482193138 0.7251025635082774 18.242098451106127 8.5000000000000018 15.051173405337753 0.67122532536049118 3.5000000000000004 16.057855167196909 15.884582723572414 16.069169918940464 0.32566663206928043 5.7383418445233572 1.5000000000000002 7.322502824789324 7.8891124493250286 5.7569833370313974 22.500000000000004 5.698788509515901 5.5000000000000009
decision_type=2 2 2 2 2 2 2 2 2 2 2 2 2 2 2 2 2 2 2 2 2 2 2 2 2 2 2 2 2 2
left_child=1 4 -3 -2 5 6 18 -8 9 11 12 13 -11 17 -13 -16 -17 -7 19 26 22 25 -21 -24 -25 -22 27 28 29 -1
right_child=3 2 -4 -5 -6 8 7 -9 -10 10 -12 14 -14 -15 15 16 -18 -19 -20 20 21 -23 23 24 -26 -27 -28 -29 -30 -31
leaf_value=-0.0065470045236831129 -0.14046399868610834 -0.026336731097182715 0.22673666752649077 0.0065296036692766048 -0.079038175309754238 0.08065864262373551 -0.12829538224051235 0.051233084223888538 -0.076095530926249932 0.067091780015650915 0.16329815939385842 -0.06867369565935362 -0.098302039504051211 -0.179042497985065 0.1697083363433679 -0.061272491526324302 0.15164466844871641 -0.097421403779931692 -0.043680768600301595 -0.067172440615567305 0.04161885447892142 -0.039986379938581361 0.28518954353488007 0.21309397408650038 -0.026281339004635813 0.17758923994772363 -0.011561696624462091 0.1779856709142526 0.18394522041082384 0.076626650305572627
leaf_weight=707 36 37 33 104 55 23 61 27 32 85 47 21 20 20 30 32 24 23 164 22 81 171 23 21 20 33 1603 24 20 121
leaf_count=707 36 37 33 104 55 23 61 27 32 85 47 21 20 20 30 32 24 23 164 22 81 171 23 21 20 33 1603 24 20 121
internal_value=9.91154e-11 0.0012228 0.0929693 -0.0312688 -0.000606902 0.000641642 -0.00262147 -0.0732128 0.0289585 0.0393023 0.0750775 0.00786972 0.0355882 -0.0600969 0.049793 0.078721 0.0299777 -0.00838138 -0.000557667 0.00192729 0.0307946 0.00839965 0.105011 0.164199 0.0963255 0.0809787 -0.0023999 0.0144423 0.00981368 0.0056076
internal_weight=3720 3580 70 140 3510 3455 3098 88 357 325 152 173 105 66 107 86 56 46 3010 2846 371 285 86 64 41 114 2475 872 848 828
internal_count=3720 3580 70 140 3510 3455 3098 88 357 325 152 173 105 66 107 86 56 46 3010 2846 371 285 86 64 41 114 2475 872 848 828
is_linear=0
shrinkage=0.05


Tree=43
num_leaves=31
num_cat=0
split_feature=7 7 3 8 7 2 7 3 5 7 5 4 1 7 3 2 1 7 3 5 5 7 2 3 0 0 7 5 3 8
split_gain=54.3625 183.412 282.444 201.293 177.302 149.618 103.552 94.0142 77.4383 279.674 248.184 154.829 175.591 182.223 162.787 218.408 153.833 145.668 272.119 237.753 244.65 297.875 268.659 178.207 168.627 231.014 282.066 295.14 349.729 205.018
threshold=0.040506361211769308 0.032774858722070054 5.9120538692049323 1.5000000000000002 0.011325859094010101 13.642857142857144 0.050315332460686611 6.9006555934235445 14.894500689213002 0.061435934677514313 15.314633149065839 17.820580980611748 20.500000000000004 0.34366373378045939 5.3117078709447698 14.785714285714286 18.500000000000004 0.39761387002279153 3.8606685826112943 15.496290301695408 15.542089947645099 0.82006998554388677 17.785714285714288 7.2506157373997331 17.500000000000004 15.500000000000002 0.11758336274351622 16.270583358154429 7.631388814501288 1.0000000180025095e-35
decision_type=2 2 2 2 2 2 2 2 2 2 2 2 2 2 2 2 2 2 2 2 2 2 2 2 2 2 2 2 2 2
left_child=1 2 5 -4 -5 -1 -2 -6 -8 -10 11 12 13 14 -11 -16 -15 18 -12 23 -21 -22 -23 -19 25 26 -20 -28 -29 -26
right_child=6 -3 3 4 7 -7 8 -9 9 10 17 -13 -14 16 15 -17 -18 19 24 20 21 22 -24 -25 29 -27 27 28 -30 -31
leaf_value=-0.0026093784874926013 -0.076813245382573878 0.13928829975426199 -0.07673711352623426 0.17398439379352515 0.12047907918691636 -0.17418630410123756 -0.0069917619923429257 -0.010737229926988136 0.19380548431770878 -0.032418818771839143 -0.20240855271972361 -0.086599434912204745 0.12862389097779484 0.021836166708969963 0.012335419893264771 0.1981819789423499 -0.12174756250211172 -0.00041939434513711096 -0.13714713557408406 0.19078180087464197 0.029599356768336887 -0.19795076179093329 0.030877585328467516 -0.13271179863697161 -0.18241544603197665 0.10601942607512077 0.048708544354885822 0.031395408048711979 -0.22114528142488921 -0.033726318171474992
leaf_weight=24 45 30 26 33 20 27 1971 43 20 20 21 22 59 167 25 43 21 57 39 21 454 29 23 46 27 48 140 29 26 164
leaf_count=24 45 30 26 33 20 27 1971 43 20 20 21 22 59 167 25 43 21 57 39 21 454 29 23 46 27 48 140 29 26 164
internal_value=-1.48736e-10 0.0251586 0.00536731 0.0466738 0.0800976 -0.0934442 -0.00145215 0.0309187 -0.000475403 0.00808139 0.0055733 0.0418919 0.0503301 0.0335934 0.0929754 0.129856 0.00579756 -0.00596205 -0.0262891 0.00997697 0.0235562 0.016616 -0.0967382 -0.0595014 -0.0184699 0.00609957 -0.0143968 0.0101533 -0.0879875 -0.0547452
internal_weight=3720 203 173 122 96 51 3517 63 3472 1501 1481 357 335 276 88 68 188 1124 494 630 527 506 52 103 473 282 234 195 55 191
internal_count=3720 203 173 122 96 51 3517 63 3472 1501 1481 357 335 276 88 68 188 1124 494 630 527 506 52 103 473 282 234 195 55 191
is_linear=0
shrinkage=0.05


Tree=44
num_leaves=31
num_cat=0
split_feature=1 0 9 3 5 4 4 2 2 2 1 1 7 8 0 5 7 7 1 2 5 2 7 2 7 5 9 4 2 4
split_gain=52.3739 157.511 210.384 133.443 126.209 124.005 121.391 192.067 160.872 340.085 237.075 189.464 321.128 178.671 165.638 291.164 292.657 286.196 243.795 239.383 314.215 211.849 161.306 283.575 277.394 196.173 159.643 253.124 206.431 153.928
threshold=15.500000000000002 4.5000000000000009 4.5000000000000009 8.4346225252145715 17.071658533067275 19.205305226628635 19.780272881875089 19.500000000000004 18.071428571428573 17.357142857142858 22.500000000000004 17.500000000000004 0.17578870404090757 2.5000000000000004 10.500000000000002 13.08245578241417 0.80239188009922913 0.82006998554388677 28.500000000000004 15.642857142857144 15.571509696083039 11.642857142857144 0.31681617810221518 13.928571428571431 0.47923963526106056 15.007739222948139 2.5000000000000004 14.072093326145575 15.500000000000002 16.6754410112679
decision_type=2 2 2 2 2 2 2 2 2 2 2 2 2 2 2 2 2 2 2 2 2 2 2 2 2 2 2 2 2 2
left_child=1 2 3 -1 6 -6 7 8 9 11 -10 12 -2 -11 15 -13 18 26 19 21 -21 -17 25 -24 -25 -23 27 -16 -29 -14
right_child=4 -3 -4 -5 5 -7 -8 -9 10 13 -12 14 29 -15 17 16 -18 -19 -20 20 -22 22 23 24 -26 -27 -28 28 -30 -31
leaf_value=0.0280254627764225 -0.14764012143843705 0.0084364210388131865 -0.16572232554356259 -0.11362464842589007 -0.15488073804548808 -0.0085739924944937245 0.10993075194242208 -0.14612967210511368 0.13449270120860699 -0.04481370701071094 -0.050707429331830811 -0.060781106126423068 -0.00028837105643522048 -0.21537281296082905 -0.089952313616162252 0.14323300702231273 0.20691717904189538 -0.15494781549899811 -0.10896711242198945 0.30038375698384789 0.035549498908221726 0.14956319676978247 -0.11897917439540227 -0.067869133528854167 0.15095375488201779 -0.036035946756601336 0.015061893201800007 0.10990020198126633 -0.057365566704954421 -0.13614453229567278
leaf_weight=60 54 1996 30 23 28 30 23 24 48 34 27 65 223 28 105 35 29 31 25 21 24 35 48 28 30 24 495 39 35 23
leaf_count=60 54 1996 30 23 28 30 23 24 48 34 27 65 223 28 105 35 29 31 25 21 24 35 48 28 30 24 495 39 35 23
internal_value=5.13949e-11 0.0051852 -0.0522434 -0.011227 -0.00678807 -0.0792048 -0.00408352 -0.00579746 -0.00356109 -0.00730227 0.0678207 -0.00211501 -0.0372273 -0.12184 0.00773878 0.0351296 0.0559798 -0.00640344 0.039768 0.054945 0.159139 0.0315014 0.00780076 -0.0290823 0.0453151 0.0740652 0.00042872 -0.0400373 0.030788 -0.0129904
internal_weight=3720 2109 113 83 1611 58 1553 1530 1506 1431 75 1369 300 62 1069 364 299 705 270 245 45 200 165 106 58 59 674 179 74 246
internal_count=3720 2109 113 83 1611 58 1553 1530 1506 1431 75 1369 300 62 1069 364 299 705 270 245 45 200 165 106 58 59 674 179 74 246
is_linear=0
shrinkage=0.05


Tree=45
num_leaves=31
num_cat=0
split_feature=2 6 8 7 4 0 5 3 5 1 5 4 5 1 7 7 4 3 8 5 0 2 4 0 3 3 5 1 3 3
split_gain=51.001 58.6377 131.906 141.233 168.796 129.855 127.057 104.049 102.697 79.2535 135.182 201.545 419.753 150.148 302.386 195.542 246.963 187.05 177.771 300.627 168.732 161.424 172.184 208.905 169.395 224.109 216.536 199.904 166.944 273.916
threshold=8.6428571428571441 1.0000000180025095e-35 1.5000000000000002 0.53158523097013355 15.232048481709226 11.500000000000002 15.353289723986984 6.4475909122267234 15.365516140166456 15.500000000000002 16.249782541634058 17.733767454045513 15.965178317552272 17.500000000000004 0.17578870404090757 0.43179026241201307 14.182440443900502 5.282495802626058 4.5000000000000009 14.492146989661423 11.500000000000002 17.071428571428573 10.177354237885803 18.500000000000004 6.2373681873657283 7.1746909672954198 15.452011366629909 21.500000000000004 6.2943663397555518 8.1737093054208803
decision_type=2 2 2 2 2 2 2 2 2 2 2 2 2 2 2 2 2 2 2 2 2 2 2 2 2 2 2 2 2 2
left_child=-1 9 6 5 -5 -4 7 -3 -7 -2 11 13 -13 14 -11 16 20 -17 19 -19 -16 22 -15 -24 27 -26 -27 -25 -23 -30
right_child=1 2 3 4 -6 8 -8 -9 -10 10 -12 12 -14 21 15 17 -18 18 -20 -21 -22 28 23 24 25 26 -28 -29 29 -31
leaf_value=0.063864791393280038 0.0079065040210536727 0.043165433737966753 0.038076151575188379 -0.0035694126039743424 0.15090579762389619 -0.13567064735624526 -0.15253799397032708 -0.09213017503420512 -0.0092391517655602811 -0.15023714653775097 -0.045911637878026629 -0.0084660291671752926 0.25046233593020589 -0.090201719242724632 -0.12347378951311112 -0.18363601377476818 0.13683774727277268 0.14210197642959396 -0.12305058729834856 -0.069334197549615048 0.053780697363203969 -0.18115613978842032 0.028155997922031037 -0.0044558605179190634 0.095767991243734626 -0.072885525635518575 0.10600113636326224 -0.17736157312989237 0.103411622636992 -0.14959608161821963
leaf_weight=31 1932 27 37 48 28 36 32 30 29 50 198 45 24 42 25 23 39 29 32 40 29 23 629 32 44 87 21 35 23 20
leaf_count=31 1932 27 37 48 28 36 32 30 29 50 198 45 24 42 25 23 39 29 32 40 29 23 629 32 44 87 21 35 23 20
internal_value=-1.20477e-10 -0.000536679 -0.0231044 0.0017459 0.0533425 -0.0366986 -0.0728051 -0.0280428 -0.0792627 0.00122416 -0.00744046 -0.00154473 0.081596 -0.00623541 -0.0393859 -0.0138442 0.040962 -0.0549489 -0.0256439 0.0195303 -0.0282816 0.00302316 0.00861818 0.0135126 -0.0285455 0.000649834 -0.038102 -0.0947797 -0.0724249 -0.0142664
internal_weight=3720 3689 267 178 76 102 89 57 65 3422 1490 1292 69 1223 267 217 93 124 101 69 54 956 890 848 219 152 108 67 66 43
internal_count=3720 3689 267 178 76 102 89 57 65 3422 1490 1292 69 1223 267 217 93 124 101 69 54 956 890 848 219 152 108 67 66 43
is_linear=0
shrinkage=0.05


Tree=46
num_leaves=31
num_cat=0
split_feature=9 7 3 3 0 7 5 7 1 7 7 1 3 3 8 3 2 7 4 1 0 7 7 3 3 7 4 5 7 4
split_gain=51.5021 116.833 194.822 162.465 136.614 181.443 212.242 156.404 139.042 193.079 234.011 169.537 393.523 168.877 178.289 190.405 162.265 136.316 179.922 146.157 132.353 143.807 131.539 242.901 219.482 359.467 240.803 302.931 147.737 111.61
threshold=2.5000000000000004 0.12348188893391697 3.0078843751231035 8.7858106539118186 19.500000000000004 0.23494646496342292 16.596473823412129 0.38268451244590385 8.5000000000000018 0.66758951237130348 0.54253745833155109 10.500000000000002 6.152814630930604 5.652643713553938 1.5000000000000002 5.3607882679766332 11.785714285714286 0.10523678859827851 16.725429451197371 14.500000000000002 16.500000000000004 0.45838697673384565 0.55148601329062019 7.4482340508465832 7.2735659689564907 0.29745207974185994 13.332321426005327 14.711238397240932 0.28375172070308757 13.603894334081794
decision_type=2 2 2 2 2 2 2 2 2 2 2 2 2 2 2 2 2 2 2 2 2 2 2 2 2 2 2 2 2 2
left_child=1 17 -3 4 8 -6 7 -7 9 10 16 12 -10 14 -13 -16 -4 18 19 29 21 -5 24 -24 26 -26 28 -28 -15 -1
right_child=-2 2 3 20 5 6 -8 -9 11 -11 -12 13 -14 22 15 -17 -18 -19 -20 -21 -22 -23 23 -25 25 -27 27 -29 -30 -31
leaf_value=0.10649064089413043 0.0034697021644256049 0.1204491657614708 -0.1745082949066446 -0.11757395565509797 -0.20880793843950546 0.046100322008132938 0.094992804580501147 -0.10966061937162674 0.20960388442984335 0.044127434194087989 -0.24852889336290815 -0.15076862489565826 -0.078987873593966168 -0.139945132382538 0.0091577727347612378 -0.15957944847288585 -0.0083875673537959859 0.14711735133420339 0.13915852010250093 -0.088468761267584003 0.10909367464482785 0.048836806678288693 -0.0032227183933547865 0.15888911315373011 0.071530503105549578 -0.18505562620285232 0.25564060602337124 -0.0132281671193513 0.045865214467048644 -0.047201379565965568
leaf_weight=27 2760 25 21 20 21 20 21 83 27 30 21 39 21 23 82 21 49 22 22 42 40 37 68 35 21 39 20 22 20 21
leaf_count=27 2760 25 21 20 21 20 21 83 27 30 21 39 21 23 82 21 49 22 22 42 40 37 68 35 21 39 20 22 20 21
internal_value=2.45487e-10 -0.00997539 -0.0170009 -0.0212909 -0.0296495 -0.0728962 -0.0498788 -0.0794158 -0.0184317 -0.0658756 -0.10214 -0.00532499 0.083345 -0.0162382 -0.0597198 -0.025245 -0.0582238 0.0333313 0.0109805 -0.0203519 0.0393735 -0.00955293 0.00865848 0.0518638 -0.0220322 -0.0952505 0.0296513 0.114805 -0.0535217 0.0392504
internal_weight=3720 960 826 801 704 145 124 103 559 121 91 438 48 390 142 103 70 134 112 90 97 57 248 103 145 60 85 42 43 48
internal_count=3720 960 826 801 704 145 124 103 559 121 91 438 48 390 142 103 70 134 112 90 97 57 248 103 145 60 85 42 43 48
is_linear=0
shrinkage=0.05


Tree=47
num_leaves=31
num_cat=0
split_feature=5 5 5 7 1 3 3 7 7 3 1 4 2 3 3 4 9 2 4 7 3 0 4 4 3 8 3 5 3 5
split_gain=50.7183 322.474 291.38 363.019 161.23 208.099 153.071 142.709 175.154 180.179 119.455 117.084 170.166 136.848 92.7026 79.5381 350.075 200.408 84.6947 212.217 180.215 173.939 119.489 145.218 124.617 209.644 108.444 293.568 195.52 149.326
threshold=12.65415813906198 12.78901861878987 12.493241519892832 0.45089556694876659 10.500000000000002 5.0473944244719382 7.1580790187099312 0.21570941858817763 0.35404186965611922 6.8521807442872449 16.500000000000004 9.8990604432868619 10.357142857142859 5.8716429111612793 6.8660656232559525 10.728784271740423 3.5000000000000004 10.928571428571431 11.705850804872407 0.47923963526106056 6.8521807442872449 15.500000000000002 11.866310293411541 11.948291405317837 3.7859388972001922 2.5000000000000004 4.4614753058558785 13.69509551906698 4.2426406871192945 14.010373983056075
decision_type=2 2 2 2 2 2 2 2 2 2 2 2 2 2 2 2 2 2 2 2 2 2 2 2 2 2 2 2 2 2
left_child=2 14 4 -4 5 -1 -7 -6 -9 10 -10 -3 13 -13 -2 16 -14 -17 19 21 -21 -19 -20 -24 25 -25 27 -26 -29 -28
right_child=1 11 3 -5 7 6 -8 8 9 -11 -12 12 15 -15 -16 17 -18 18 22 20 -22 -23 23 24 26 -27 29 28 -30 -31
leaf_value=0.17762826460859049 -0.067579635451673656 -0.089327949619231128 0.2541380187427556 0.0069250741352637609 -0.11667328713143743 -0.078859552281598258 0.08223564984469578 0.12245886822541555 -0.16257364137305155 0.08253858367997137 -0.01976928133517504 0.15062656797030394 -0.051121285639237617 -0.0094149818135933448 -0.19540790219021881 -0.10968760092343605 0.19859276908636092 0.043019831838995909 -0.084243702316700031 0.046882710638973452 0.22426976930527462 -0.11543366089463235 0.13398082240484654 0.029949857812265265 0.22175013616681102 -0.10009234872045397 -0.024590215864180424 -0.038128341372678246 0.098700429499149325 0.0046953348313267772
leaf_weight=23 37 36 27 33 41 30 29 21 27 22 32 34 32 22 23 42 25 43 43 45 21 29 20 51 20 79 544 69 42 2178
leaf_count=23 37 36 27 33 41 30 29 21 27 22 32 34 32 22 23 42 25 43 43 45 21 29 20 51 20 79 544 69 42 2178
internal_value=-9.86323e-11 -0.00168167 0.0202685 0.118171 -0.00583879 0.0500548 0.000322835 -0.0378897 -0.00622177 -0.0395834 -0.0851204 0.000360978 0.00132797 0.0877531 -0.11658 -0.000146228 0.0584024 -0.00118072 0.000250589 0.0385628 0.103324 -0.0208017 -0.00148516 -0.000300136 -0.00120044 -0.0490758 0.000981047 0.0454165 0.0136447 -0.00115747
internal_weight=3720 3435 285 60 225 82 59 143 102 81 59 3375 3339 56 60 3283 57 3226 3184 138 66 72 3046 3003 2983 130 2853 131 111 2722
internal_count=3720 3435 285 60 225 82 59 143 102 81 59 3375 3339 56 60 3283 57 3226 3184 138 66 72 3046 3003 2983 130 2853 131 111 2722
is_linear=0
shrinkage=0.05


Tree=48
num_leaves=31
num_cat=0
split_feature=7 7 3 8 7 2 7 3 5 5 7 3 2 2 2 2 0 4 3 0 4 8 3 1 4 3 1 9 2 0
split_gain=49.9638 165.542 242.075 174.952 151.494 136.146 90.2149 83.9722 69.6267 216.835 399.794 192.291 103.572 91.6503 142.517 85.4415 106.588 106.033 188.738 269.55 260.962 200.974 186.349 194.62 186.196 382.997 223.078 210.944 298.194 210.725
threshold=0.040506361211769308 0.032774858722070054 5.9120538692049323 1.5000000000000002 0.011325859094010101 13.642857142857144 0.050315332460686611 6.9006555934235445 17.034473924761382 16.737414395340434 0.49919894374383444 6.0395521751360359 20.357142857142858 19.357142857142858 18.071428571428573 19.071428571428573 21.500000000000004 15.658689860371426 5.7383418445233572 22.500000000000004 15.565637292763933 5.5000000000000009 4.6827945679492666 15.500000000000002 16.069169918940464 5.0896720822428172 22.500000000000004 4.5000000000000009 15.928571428571431 19.500000000000004
decision_type=2 2 2 2 2 2 2 2 2 2 2 2 2 2 2 2 2 2 2 2 2 2 2 2 2 2 2 2 2 2
left_child=1 2 5 -4 -5 -1 -2 -6 9 15 -11 -10 13 14 -13 17 -17 18 19 21 -20 -8 -23 -24 25 -19 -26 28 -27 -30
right_child=6 -3 3 4 7 -7 8 -9 11 10 -12 12 -14 -15 -16 16 -18 24 20 -21 -22 22 23 -25 26 27 -28 -29 29 -31
leaf_value=0.00048794914036989214 -0.07173284858465194 0.1325464251637459 -0.071495289928638017 0.16150296899405392 0.11390121713280679 -0.16318267484505972 -0.0011320704261839659 -0.010109384401246559 -0.14283340726979077 -0.034600694337859748 0.21343429720763007 -0.073666105330314327 0.088704703080778324 -0.10608689188957215 0.10649302261216301 0.0035975083145067879 -0.11733969956636431 -0.10826977727742032 -0.012914136238449806 0.18679819750514898 -0.16188441877563797 -0.0031976303706566494 0.21995093431323767 0.045226341902333149 0.014149768171597653 0.0022156493749791459 -0.066960048487609516 0.20184355660369904 0.25970174020528791 0.044855560326860069
leaf_weight=24 45 30 26 33 20 27 664 43 32 32 33 23 24 26 21 38 35 29 1465 22 30 48 30 34 628 81 98 33 25 21
leaf_count=24 45 30 26 33 20 27 664 43 32 32 33 23 24 26 21 38 35 29 1465 22 30 48 30 34 628 81 98 33 25 21
internal_value=-8.3909e-11 0.0241193 0.00531688 0.0435577 0.0747179 -0.0861612 -0.00139216 0.0292591 -0.000480482 0.000893529 0.0913248 -0.0369681 -0.000928864 -0.0316604 0.0123189 -0.000898007 -0.0543861 0.000319147 -0.00542309 0.0142113 -0.0159035 0.00931835 0.0712744 0.127128 0.0147092 0.0589153 0.00320106 0.0892176 0.0599526 0.16162
internal_weight=3720 203 173 122 96 51 3517 63 3472 3346 65 126 94 70 44 3281 73 3208 2293 798 1495 776 112 64 915 189 726 160 127 46
internal_count=3720 203 173 122 96 51 3517 63 3472 3346 65 126 94 70 44 3281 73 3208 2293 798 1495 776 112 64 915 189 726 160 127 46
is_linear=0
shrinkage=0.05


Tree=49
num_leaves=31
num_cat=0
split_feature=2 3 7 2 5 3 8 2 3 3 8 5 1 7 5 7 1 4 4 7 7 0 7 2 3 3 7 4 1 8
split_gain=49.8468 62.1032 53.1614 181.678 240.361 143.743 135.256 85.4237 159.109 359.734 248.174 141.947 172.617 142.939 127.601 114.957 185.353 146.069 160.879 162.967 138.242 148.548 111.728 110.082 88.3467 306.681 248.257 225.22 215.718 215.63
threshold=8.9285714285714306 5.214446791510122 0.040506361211769308 12.928571428571431 13.659177539888379 6.0395521751360359 3.5000000000000004 10.928571428571431 6.2163376255910707 6.6726154385997924 3.5000000000000004 13.822195660068459 10.500000000000002 0.39194000381101007 12.021048871938655 0.099120481556777815 6.5000000000000009 17.820580980611748 12.470380020785448 0.050315332460686611 0.065758681759227611 16.500000000000004 0.39761387002279153 14.642857142857144 8.1998838551588875 8.520283806481908 0.85543657113539207 20.931808402111059 20.500000000000004 1.5000000000000002
decision_type=2 2 2 2 2 2 2 2 2 2 2 2 2 2 2 2 2 2 2 2 2 2 2 2 2 2 2 2 2 2
left_child=1 -1 3 -2 -5 -6 -7 8 11 -10 22 12 13 -4 -9 16 -16 18 -18 -20 -21 23 -11 -22 26 28 27 -17 29 -26
right_child=2 -3 7 4 5 6 -8 14 9 10 -12 -13 -14 -15 15 24 17 -19 19 20 21 -23 -24 -25 25 -27 -28 -29 -30 -31
leaf_value=0.0033509140898441447 0.11283869626621407 0.1178787498176098 -0.015728048331759597 -0.15856053257981939 -0.060688006958445985 -0.0037594986889435324 0.11372097022071177 0.11264017133414746 -0.25391771242670391 0.13692533879540861 -0.14287428281925343 0.11162591918061178 -0.057046572935551099 0.16063089460134505 -0.1733685044402426 0.0030981525113482015 -0.12643991877663543 -0.11461809728952016 -0.076423202805659354 0.13434249128807674 0.036394008457660679 0.11353572048246861 -0.028202067031746821 -0.11198494780063628 -0.00036480170985062917 0.0030524590482649905 0.16300155080854895 0.16758967158606364 0.052136382584770526 -0.15867546185066828
leaf_weight=29 45 20 27 21 37 49 49 25 23 20 27 24 99 20 22 2293 22 34 34 33 25 24 21 25 30 496 25 21 24 76
leaf_count=29 45 20 27 21 37 49 49 25 23 20 27 24 99 20 22 2293 22 34 34 33 25 24 21 25 30 496 25 21 24 76
internal_value=-3.67272e-11 0.050097 -0.000668687 0.0243315 -0.00119946 0.0232789 0.0549807 -0.00211682 -0.0296248 -0.082983 -0.0251668 -0.00106252 -0.0195866 0.0593183 0.000120505 -0.000762972 -0.0357206 -0.0203487 -0.00068516 0.0189361 0.0492373 0.0112849 0.0523479 -0.0377955 0.00181906 -0.0148642 0.00628409 0.00459095 -0.0832231 -0.113871
internal_weight=3720 49 3671 201 156 135 98 3470 261 91 68 170 146 47 3209 3184 219 197 163 141 107 74 41 50 2965 626 2339 2314 130 106
internal_count=3720 49 3671 201 156 135 98 3470 261 91 68 170 146 47 3209 3184 219 197 163 141 107 74 41 50 2965 626 2339 2314 130 106
is_linear=0
shrinkage=0.05


Tree=50
num_leaves=31
num_cat=0
split_feature=0 5 4 0 2 3 1 5 3 1 3 7 7 5 5 3 2 2 5 7 5 4 4 7 9 7 4 3 2 3
split_gain=48.9668 139.27 211.037 136.736 224.83 206.841 196.919 160.925 150.244 221.585 221.214 259.728 308.943 289.236 220.159 189.559 153.487 167.017 148.426 170.539 147.286 201.236 212.806 159.812 153.219 190.667 140.415 116.025 267.927 207.888
threshold=22.500000000000004 13.488134550659803 11.672347023524869 20.500000000000004 13.928571428571431 8.5007001359099181 16.500000000000004 14.233363705059547 8.1737093054208803 9.5000000000000018 7.7336617335854454 0.48611518252852687 0.36098836124198014 13.79422887277455 15.712570405023692 8.8209706840870865 16.500000000000004 13.928571428571431 14.506441141888134 0.52492508816270844 16.418985714849125 14.379521341036289 15.07062339994142 0.60907250044297279 4.5000000000000009 0.42586622601456398 14.182440443900502 7.3872476993416631 14.357142857142859 7.0845229123514875
decision_type=2 2 2 2 2 2 2 2 2 2 2 2 2 2 2 2 2 2 2 2 2 2 2 2 2 2 2 2 2 2
left_child=3 2 -2 8 7 6 18 -5 10 15 27 12 14 -13 -12 -10 17 -17 -6 -20 21 24 -23 -24 25 -11 -15 29 -29 -1
right_child=1 -3 -4 4 5 -7 -8 -9 9 20 11 13 -14 26 -16 16 -18 -19 19 -21 -22 22 23 -25 -26 -27 -28 28 -30 -31
leaf_value=-0.00044747781678314898 0.043067914812729279 0.023049577046064466 -0.14053549858577111 -0.06074622290269021 -0.11025156047195198 0.13047960353168575 -0.10354790587405689 -0.24266203194856645 -0.16124984152291133 -0.076393523024903098 0.10376465388418486 -0.042017040650049853 -0.12223014840057918 0.27057815968990323 -0.087789843082427987 0.017891354643954679 0.063261413965719174 -0.147469648211798 -0.020120511516514755 0.13086861008778214 -0.075067306814655177 0.14962853840419224 0.043840920603410771 -0.061122514024376878 -0.14075083778269831 0.084009627252817159 0.11791333005320831 0.019879204955171138 -0.097796129070870264 0.056151746828736887
leaf_weight=1832 29 480 34 31 20 22 61 20 46 44 60 24 35 20 20 26 27 37 45 32 62 35 132 50 31 32 61 102 92 178
leaf_count=1832 29 480 34 31 20 22 61 20 46 44 60 24 35 20 20 26 27 37 45 32 62 35 132 50 31 32 61 102 92 178
internal_value=-2.90475e-11 0.0138758 -0.0560196 -0.0023716 -0.0394152 -0.0131585 -0.0331587 -0.132086 0.000533043 -0.0237993 0.00577292 0.0535813 0.0016698 0.110437 0.055876 -0.0786811 -0.0364794 -0.0792254 0.0111066 0.0426282 -0.00446265 0.00904812 0.0367183 0.0150048 -0.0470681 -0.00885535 0.155608 0.00100076 -0.0359256 0.00456479
internal_weight=3720 543 63 3177 231 180 158 51 2946 522 2424 220 115 105 80 136 90 63 97 77 386 324 217 182 107 76 81 2204 194 2010
internal_count=3720 543 63 3177 231 180 158 51 2946 522 2424 220 115 105 80 136 90 63 97 77 386 324 217 182 107 76 81 2204 194 2010
is_linear=0
shrinkage=0.05


Tree=51
num_leaves=31
num_cat=0
split_feature=1 1 4 3 4 4 3 4 3 7 7 7 7 7 7 0 5 4 7 5 5 5 2 3 4 2 5 3 7 4
split_gain=49.3611 92.3628 109.098 73.4647 68.5639 161.206 219.961 154.307 189.606 165.332 260.635 248.136 175.986 309.569 243.118 202.026 123.568 161.166 263.033 230.009 222.461 119.922 115.711 305.767 179.039 204.913 202.959 196.324 238.327 231.188
threshold=31.500000000000004 28.500000000000004 14.138390172764355 11.039964297125545 17.2583076554304 17.009895004831453 7.9162280580252782 17.444833100412477 7.5671594595926281 0.42915757408335492 0.79660847639780885 0.75516464203108058 0.061435934677514313 0.11758336274351622 0.21570941858817763 16.500000000000004 15.034129845682815 18.49255432513057 0.60260375364927665 15.965178317552272 16.307379035362978 15.916076946909067 17.357142857142858 5.9841059323447565 15.658689860371426 14.642857142857144 16.164625897012588 6.3433504741654705 0.43179026241201307 16.234184847128436
decision_type=2 2 2 2 2 2 2 2 2 2 2 2 2 2 2 2 2 2 2 2 2 2 2 2 2 2 2 2 2 2
left_child=1 3 -3 4 5 22 21 8 -6 12 11 16 -9 -14 15 -15 -11 19 -19 -18 -21 -7 24 -24 -1 -26 27 -27 -29 -30
right_child=-2 2 -4 -5 7 6 -8 9 -10 10 -12 -13 13 14 -16 -17 17 18 -20 20 -22 -23 23 -25 25 26 -28 28 29 -31
leaf_value=-0.0033109834746039598 0.060879406423279742 0.010289397542223785 -0.11323558018327906 -0.0905184333974665 0.18109384698793293 -0.17912543010380533 0.060141003844530687 0.062508057817524554 -0.0097198783703472316 0.14650021127114696 -0.088927349675860676 0.22403864063322546 -0.16998263724442375 0.1433600991136498 -0.058393274952529696 -0.043920477603872618 -0.15291152119636536 0.13948236839159539 -0.020291403816775123 0.15832282272832734 -0.046450428224893085 -0.032964833874417392 -0.21553951149637049 -0.01222681296379145 -0.037614150561222977 0.018078115280114219 -0.047425114606716195 0.14969446913329595 0.12474829614967914 -0.045727393858481291
leaf_weight=2347 33 33 39 22 30 36 23 51 23 24 36 20 38 36 102 24 25 57 47 21 36 23 22 116 88 142 49 97 37 43
leaf_count=2347 33 33 39 22 30 36 23 51 23 24 36 20 38 36 102 24 25 57 47 21 36 23 22 116 88 142 49 97 37 43
internal_value=5.40784e-11 -0.000544893 -0.05662 0.000571955 0.0011297 -0.00186951 -0.0710178 0.0170361 0.0982879 0.00870657 0.0361728 0.0557537 -0.0204011 -0.0415429 -0.0114151 0.0684479 0.0397266 0.0259493 0.0672769 -0.0264661 0.0289923 -0.122148 5.84601e-05 -0.044639 0.00225905 0.0309276 0.047318 0.061871 0.0970044 0.0331176
internal_weight=3720 3687 72 3615 3593 3023 82 570 53 517 266 230 251 200 162 60 210 186 104 82 57 59 2941 138 2803 456 368 319 177 80
internal_count=3720 3687 72 3615 3593 3023 82 570 53 517 266 230 251 200 162 60 210 186 104 82 57 59 2941 138 2803 456 368 319 177 80
is_linear=0
shrinkage=0.05


Tree=52
num_leaves=31
num_cat=0
split_feature=5 5 5 7 1 3 3 7 7 3 1 4 4 8 7 2 4 9 7 4 3 2 3 8 3 5 3 5 5 8
split_gain=49.0057 286.362 264.478 322.455 137.84 178.155 137.374 129.597 153.835 161.472 111.133 103.403 148.517 315.034 242.571 180.705 165.091 148.903 196.329 139.461 137.637 121.218 108.98 175.288 100.991 263.19 171.668 137.943 256.264 345.798
threshold=12.65415813906198 12.78901861878987 12.493241519892832 0.45089556694876659 10.500000000000002 5.0473944244719382 7.1580790187099312 0.21570941858817763 0.35404186965611922 6.8521807442872449 16.500000000000004 9.8990604432868619 11.705850804872407 2.5000000000000004 0.47923963526106056 12.071428571428573 11.866310293411541 2.5000000000000004 0.35063978360206688 11.948291405317837 5.830951894845299 12.500000000000002 3.7859388972001922 2.5000000000000004 4.4614753058558785 13.69509551906698 4.2426406871192945 14.010373983056075 13.944406416322138 5.5000000000000009
decision_type=2 2 2 2 2 2 2 2 2 2 2 2 2 2 2 2 2 2 2 2 2 2 2 2 2 2 2 2 2 2
left_child=2 -2 4 -4 5 -1 -7 -6 -9 10 -10 -3 13 17 20 -16 21 -13 -19 -18 -15 -14 23 -21 25 -24 -27 28 29 -26
right_child=1 11 3 -5 7 6 -8 8 9 -11 -12 12 16 14 15 -17 19 18 -20 22 -22 -23 24 -25 27 26 -28 -29 -30 -31
leaf_value=0.16476978983568111 -0.10992741758624713 -0.084014270226988541 0.24134247733487024 0.0083502588511416408 -0.10966179673446388 -0.074296813954909655 0.078315419934946923 0.11618890762329102 -0.15348694374163946 0.079936990345066239 -0.015746688935905695 0.022856233933487458 -0.017187573044345931 -0.0069451099744339178 0.12084727546369488 -0.038294252927104637 0.12801924195317996 0.053799878249335437 0.22335610052472665 0.02576231751859618 -0.13995771714158961 -0.17301603971670074 0.21060900062322618 -0.092157472688704736 -0.028948041244927381 -0.034947747729070812 0.093263593105421899 0.0044070664222641892 -0.13511306803594245 0.092805809483154506
leaf_weight=23 60 36 27 33 41 30 29 21 27 22 32 37 26 41 44 30 21 31 38 52 37 24 20 80 450 69 42 2183 47 67
leaf_count=23 60 36 27 33 41 30 29 21 27 22 32 37 26 41 44 30 21 31 38 52 37 24 20 80 450 69 42 2183 47 67
internal_value=4.00694e-11 -0.00165303 0.0199234 0.113197 -0.00494954 0.0467311 0.000715979 -0.0345846 -0.00440648 -0.0356719 -0.0787804 0.000271848 0.00118059 0.0376212 -0.00851798 0.0563304 -0.00187091 0.103783 0.147179 -0.000384366 -0.0700408 -0.0919852 -0.00128021 -0.0457042 0.00075731 0.0436478 0.0135647 -0.00128807 -0.0233315 -0.0131695
internal_weight=3720 3435 285 60 225 82 59 143 102 81 59 3375 3339 258 152 74 3081 106 69 3031 78 50 3010 132 2878 131 111 2747 564 517
internal_count=3720 3435 285 60 225 82 59 143 102 81 59 3375 3339 258 152 74 3081 106 69 3031 78 50 3010 132 2878 131 111 2747 564 517
is_linear=0
shrinkage=0.05


Tree=53
num_leaves=31
num_cat=0
split_feature=2 3 6 8 7 5 3 5 7 1 3 9 3 3 3 3 7 1 7 7 9 9 5 8 4 5 4 8 7 3
split_gain=47.6501 56.7406 49.591 126.416 123.352 115.655 105.325 122.437 152.538 133.358 93.8259 69.4296 95.9517 254.696 149.356 154.864 169.477 219.234 256.119 199.924 258.598 175.376 161.217 448.81 366.993 289.515 213.766 165.801 161.271 141.004
threshold=8.9285714285714306 5.214446791510122 1.0000000180025095e-35 1.5000000000000002 0.09073546456230587 15.353289723986984 5.4772255750516559 14.907456202380375 0.59276329513865866 14.500000000000002 6.4475909122267234 2.5000000000000004 5.7383418445233572 5.9120538692049323 5.9401779675119455 6.414269805898182 0.31681617810221518 10.500000000000002 0.18508465995502846 0.56909947381703241 4.5000000000000009 4.5000000000000009 13.71096735550047 1.5000000000000002 11.609680379999725 13.51046097871855 10.581361185473959 3.5000000000000004 0.065758681759227611 5.3363086938623168
decision_type=2 2 2 2 2 2 2 2 2 2 2 2 2 2 2 2 2 2 2 2 2 2 2 2 2 2 2 2 2 2
left_child=1 -1 11 5 -5 10 -6 9 -9 -8 -4 -2 29 -14 -15 16 17 -16 -19 21 -21 -18 23 24 -17 26 -25 -28 -24 -13
right_child=2 -3 3 4 6 -7 7 8 -10 -11 -12 12 13 14 15 22 19 18 -20 20 -22 -23 28 25 -26 -27 27 -29 -30 -31
leaf_value=0.0042984321713447574 -0.010865543188415941 0.11376993179321289 0.040267051149297649 -0.10791303786364469 -0.053842709409563164 -0.14613000741919677 0.053741955958508163 0.033951934336477689 0.20617323350161315 -0.095745437353849425 -0.088210198978583024 0.0077114819052113348 -0.091095407863458003 0.12435949230194093 0.15407614413162937 0.2432767853869692 -0.0688196763479417 -0.11072056690525067 0.08471006105343501 -0.071314869860285207 0.11424146071076394 -0.22395763931864943 0.074470008314690667 -0.15759768166369009 0.0089025630814130192 -0.19708893178578687 -0.082456051598895685 0.026629093685432488 0.010211416933738603 0.058629550776683574
leaf_weight=29 908 20 27 22 38 32 37 36 20 25 30 529 75 25 23 23 56 38 30 57 28 27 108 31 61 34 55 95 1018 183
leaf_count=29 908 20 27 22 38 32 37 36 20 25 30 529 75 25 23 23 56 38 30 57 28 27 108 31 61 34 55 95 1018 183
internal_value=8.099e-11 0.0489807 -0.000653787 -0.0214038 0.00292383 -0.0700591 0.0185547 0.0418691 0.0954595 -0.00653522 -0.0273526 0.000973784 0.00528072 -0.000912504 0.0030452 0.00124422 -0.0343215 0.0206338 -0.0245012 -0.064089 -0.0101904 -0.119286 0.00770845 -0.0249279 0.0730765 -0.063218 -0.038071 -0.0133688 0.0163748 0.0207986
internal_weight=3720 49 3671 267 178 89 156 118 56 62 57 3404 2496 1784 1709 1684 259 91 68 168 85 83 1425 299 84 215 181 150 1126 712
internal_count=3720 49 3671 267 178 89 156 118 56 62 57 3404 2496 1784 1709 1684 259 91 68 168 85 83 1425 299 84 215 181 150 1126 712
is_linear=0
shrinkage=0.05


Tree=54
num_leaves=31
num_cat=0
split_feature=0 5 3 2 7 3 7 0 3 1 5 8 5 5 1 3 4 7 5 5 4 0 3 3 1 0 2 3 3 7
split_gain=45.5143 135.033 232.898 183.336 163.189 133.862 146.683 136.078 195.471 231.403 224.843 198.406 162.813 313.554 226.916 132.178 146.215 286.677 127.858 210.988 165.525 135.43 137.154 151.605 148.421 128.208 209.637 172.87 138.492 181.188
threshold=22.500000000000004 16.812504006790494 7.1580790187099312 18.928571428571434 0.79956766740021901 5.7981934789249303 0.7649510975891981 24.500000000000004 8.7150663194482352 9.5000000000000018 14.371766952860956 3.5000000000000004 15.412546750609483 13.844881847578566 14.500000000000002 7.9041881604748268 14.214972572343266 0.46568874096961865 16.291758455811983 16.186972267486535 17.289398909768494 5.5000000000000009 5.8858179594575697 7.3872476993416631 17.500000000000004 20.500000000000004 15.357142857142859 9.9343062309097618 5.9641787843280305 0.57958117373634621
decision_type=2 2 2 2 2 2 2 2 2 2 2 2 2 2 2 2 2 2 2 2 2 2 2 2 2 2 2 2 2 2
left_child=18 3 -3 4 5 -2 7 12 10 -10 -9 -11 13 -7 -15 16 -12 -18 19 25 -21 -20 -23 24 -24 27 -27 -1 -28 -30
right_child=1 2 -4 -5 -6 6 -8 8 9 11 15 -13 -14 14 -16 -17 17 -19 21 20 -22 22 23 -25 -26 26 28 -29 29 -31
leaf_value=0.0042019944049912009 0.1071099413824933 -0.0013986257486976684 0.20464817248284817 -0.099054023890923229 -0.093040693280371761 -0.012461607679724693 0.13526852280306428 -0.14531469294293362 0.18949738467733068 -0.085573832294903701 0.13392915129396982 0.10948136936534535 -0.037474578677823667 0.29936210711797079 0.066923528909683228 -0.09215193057698863 -0.1259555137106057 0.10508818456530572 -0.15879725746810436 0.01453202453308872 0.18973155058920385 -0.084467665294946093 0.091682658003548453 -0.039603982546130227 -0.044909552459915486 -0.088530674572281837 -0.063203173024313788 -0.073835288661800016 -0.02141523124029239 0.15712249902663408
leaf_weight=2548 42 32 24 39 33 40 23 44 21 32 22 22 38 21 21 35 29 25 20 28 26 71 59 126 30 104 35 73 30 27
leaf_count=2548 42 32 24 39 33 40 23 44 21 32 22 22 38 21 21 35 29 25 20 28 26 71 59 126 30 104 35 73 30 27
internal_value=-1.22251e-10 0.0133777 0.0869071 0.00492256 0.0139741 0.0224837 0.0129547 0.00491698 -0.0176024 0.0486623 -0.049666 -0.0061069 0.0480792 0.087726 0.183143 -0.0117512 0.0252755 -0.0189908 -0.00228646 0.000988217 0.0988874 -0.0330107 -0.0242144 -0.0043168 0.0456403 -0.000888443 -0.0398952 0.0020285 0.0150841 0.0631553
internal_weight=3720 543 56 487 448 415 373 350 230 75 155 54 120 82 42 111 76 54 3177 2871 54 306 286 215 89 2817 196 2621 92 57
internal_count=3720 543 56 487 448 415 373 350 230 75 155 54 120 82 42 111 76 54 3177 2871 54 306 286 215 89 2817 196 2621 92 57
is_linear=0
shrinkage=0.05


Tree=55
num_leaves=31
num_cat=0
split_feature=5 5 7 3 2 4 7 4 5 2 0 7 2 1 5 0 7 3 3 3 3 0 0 5 7 1 3 4 2 3
split_gain=45.3838 192.36 333.54 165.019 102.552 100.188 240.613 321.461 217.434 92.3979 87.3416 119.602 77.4241 75.0229 76.7888 179.352 107.968 87.7234 72.2831 78.4231 67.3917 214.058 95.6315 226.08 159.273 214.362 152.262 151.805 170.233 208.255
threshold=17.034473924761382 16.737414395340434 0.49919894374383444 6.0395521751360359 19.500000000000004 18.49255432513057 0.42915757408335492 19.094209991429775 15.89383194328604 18.071428571428573 22.500000000000004 0.49919894374383444 20.214285714285719 2.5000000000000004 16.291758455811983 21.500000000000004 0.66120064304911452 7.0457685377819557 5.9401779675119455 7.3872476993416631 10.111278683579975 20.500000000000004 11.500000000000002 16.043660705057096 0.81861465225589847 9.5000000000000018 3.1997023671109126 17.2583076554304 17.357142857142858 6.2373681873657283
decision_type=2 2 2 2 2 2 2 2 2 2 2 2 2 2 2 2 2 2 2 2 2 2 2 2 2 2 2 2 2 2
left_child=1 4 -3 -2 5 13 8 -8 -7 -5 11 -11 -6 -1 20 16 18 -17 -16 -20 22 -22 23 26 27 -26 -15 28 -24 -30
right_child=3 2 -4 9 12 6 7 -9 -10 10 -12 -13 -14 14 15 17 -18 -19 19 -21 21 -23 24 -25 25 -27 -28 -29 29 -31
leaf_value=-0.07390675509614604 -0.12019244366221958 -0.019911320910260485 0.19873157057798271 -0.0797667568475008 -0.12243708627608917 -0.16532001153100284 0.21593347390401452 6.6998962845121109e-05 0.04483778581488878 -0.07206646824876467 0.10558445442181369 0.079482433471180836 -0.0032967588305473326 0.14654947623610498 -0.12468759913352274 0.12334862713469193 -0.17275429137728432 -0.015936560355699982 0.056926129859956834 -0.067359717786312098 -0.099956329110658396 0.085574932802807202 -0.00099404166646242125 0.13711341086568105 0.051668415259983808 -0.11485276263864602 0.007346189558692446 0.052757087450657714 -0.18096229762866581 -0.022579750842223429
leaf_weight=35 36 37 33 25 30 20 34 35 32 30 26 23 25 20 21 20 22 26 22 30 53 22 1604 36 27 68 1104 122 29 73
leaf_count=35 36 37 33 25 30 20 34 35 32 30 26 23 25 20 21 20 22 26 22 30 53 22 1604 36 27 68 1104 122 29 73
internal_value=1.40374e-10 0.00109212 0.0831632 -0.0279271 -0.000544622 0.000533693 0.0452272 0.106436 -0.0359921 0.00401085 0.0305228 -0.00629996 -0.0682824 -0.00108836 -0.000315807 -0.0364172 -0.0756574 0.0446222 -0.0463953 -0.0147772 0.00129607 -0.0455338 0.0024353 0.0137735 -0.00440418 -0.0675257 0.00982312 -0.0011238 -0.00497695 -0.0676101
internal_weight=3720 3580 70 140 3510 3455 121 69 52 104 79 53 55 3334 3299 141 95 46 73 52 3158 75 3083 1160 1923 95 1124 1828 1706 102
internal_count=3720 3580 70 140 3510 3455 121 69 52 104 79 53 55 3334 3299 141 95 46 73 52 3158 75 3083 1160 1923 95 1124 1828 1706 102
is_linear=0
shrinkage=0.05


Tree=56
num_leaves=31
num_cat=0
split_feature=1 1 4 3 7 3 7 8 3 3 7 4 3 8 5 4 7 7 7 5 1 2 3 5 7 3 2 5 3 3
split_gain=44.8746 81.7106 96.593 58.7412 56.048 195.178 171.048 227.721 158.67 277.039 192.394 214.545 183.63 192.094 214.415 247.189 191.693 250.803 183.402 182.46 173.086 395.234 210.477 169.106 191.34 202.217 167.422 368.325 181.266 212.402
threshold=31.500000000000004 28.500000000000004 14.138390172764355 11.039964297125545 0.54832137687450644 6.9333543135894393 0.61694552206254116 4.5000000000000009 5.7569833370313974 5.9120538692049323 0.3399373058190811 18.577152796697771 5.3363086938623168 2.5000000000000004 15.365516140166456 14.324538393890881 0.20641003797401616 0.16390499329608632 0.36098836124198014 13.894283638402309 10.500000000000002 14.357142857142859 7.2506157373997331 14.931187728976022 0.11758336274351622 4.3369947901195163 13.500000000000002 13.315096015820664 6.414269805898182 7.3872476993416631
decision_type=2 2 2 2 2 2 2 2 2 2 2 2 2 2 2 2 2 2 2 2 2 2 2 2 2 2 2 2 2 2
left_child=1 3 -3 4 8 -6 7 -7 12 -10 -11 18 16 -14 15 19 17 23 -12 -15 21 22 -20 24 25 -1 27 -22 -28 -30
right_child=-2 2 -4 -5 5 6 -8 -9 9 10 11 -13 13 14 -16 -17 -18 -19 20 -21 26 -23 -24 -25 -26 -27 28 -29 29 -31
leaf_value=0.10657545488614302 0.058046827284675653 0.0096961308835130759 -0.10653429761146889 -0.080921613154086205 -0.0084734947867025345 0.12362742033311287 0.01623553465652108 -0.021870772511159122 -0.10855728767605291 0.0061686991982670743 -0.12571593884910856 0.070238601556047803 0.0030279573295988013 0.16568535624011871 -0.017096890012423198 0.28381811600664392 0.0242754800896893 -0.13554532567457275 0.022637759636227901 -0.022592689604921778 0.0036454112820691713 -0.050603048382214758 0.2219536107999307 -0.065183478111112622 0.15886872503906491 -0.068576731546135208 -0.14197228986384541 -0.18581108634906085 0.066713313644868322 -0.044280970294141409
leaf_weight=26 33 33 39 22 706 92 466 38 72 908 56 48 87 31 27 23 337 49 26 22 46 83 27 71 24 45 29 58 64 132
leaf_count=26 33 33 39 22 706 92 466 38 72 908 56 48 87 31 27 23 337 49 26 22 46 83 27 71 24 45 29 58 64 132
internal_value=2.27259e-10 -0.00051954 -0.053262 0.000530932 0.00102967 0.00931344 0.0303832 0.0810972 -0.00367809 -0.0127852 -0.00811657 -0.0309127 0.0153339 0.0577307 0.103936 0.146935 0.000740846 -0.0361483 -0.0402319 0.0875322 -0.029937 0.0175094 0.124176 -0.00680824 0.0368196 -0.00443649 -0.0495501 -0.102013 -0.0253006 -0.00803794
internal_weight=3720 3687 72 3615 3593 1302 596 130 2291 1549 1477 569 742 190 103 76 552 215 521 53 465 136 53 166 95 71 329 104 225 196
internal_count=3720 3687 72 3615 3593 1302 596 130 2291 1549 1477 569 742 190 103 76 552 215 521 53 465 136 53 166 95 71 329 104 225 196
is_linear=0
shrinkage=0.05


Tree=57
num_leaves=31
num_cat=0
split_feature=7 7 7 2 2 1 9 5 5 7 3 3 4 4 7 2 4 1 9 5 0 7 5 7 7 3 7 7 3 7
split_gain=43.0546 54.428 61.5077 180.003 126.066 78.7494 175.254 77.927 174.887 306.614 115.321 108.585 73.9786 125.567 444.776 142.203 106.879 79.3386 68.1176 67.2442 158.502 118.757 98.6246 166.645 215.394 169.296 180.49 362.831 245.491 226.605
threshold=1.0000000180025095e-35 0.0078373048667990525 0.040506361211769308 11.785714285714286 18.357142857142858 14.500000000000002 3.5000000000000004 17.034473924761382 16.737414395340434 0.49919894374383444 6.0395521751360359 8.9402779406149566 19.094209991429775 18.49255432513057 0.3399373058190811 17.785714285714288 19.780272881875089 2.5000000000000004 2.5000000000000004 16.291758455811983 21.500000000000004 0.65765687032078546 14.894500689213002 0.76991215837875371 0.6487464738147366 3.8606685826112943 0.3399373058190811 0.32003592499342454 4.803266938868183 0.56909947381703241
decision_type=2 2 2 2 2 2 2 2 2 2 2 2 2 2 2 2 2 2 2 2 2 2 2 2 2 2 2 2 2 2
left_child=-1 -2 3 -3 5 6 -5 8 12 -10 -9 18 13 17 -15 -16 -14 -4 -12 22 21 -21 -19 24 25 -24 27 -27 -28 -30
right_child=1 2 7 4 -6 -7 -8 10 9 -11 11 -13 16 14 15 -17 -18 19 -20 20 -22 -23 23 -25 -26 26 28 -29 29 -31
leaf_value=0.068197579066390582 -0.06749782009671132 0.17112380804494023 -0.077622354205916913 0.12907913982868197 0.12546924747526647 -0.05330372229218483 -0.050169129321972532 -0.11833377791678204 -0.026929506614352717 0.18860850342069613 -0.031482085906739891 -0.088177562895561432 -0.10941326037833565 -0.1310891017690301 0.076822758199913174 0.25138554744422437 0.0091746173799037937 -0.0058051230977840609 0.071486802750991452 -0.040728095047910452 0.036077460438872763 -0.17145667438921722 -0.10065727113379222 -0.041613804567920153 0.07695939810832611 0.026355414556390379 0.11806311708162814 0.22357905349135399 -0.048689573536194464 0.043658180702882618
leaf_weight=23 30 20 34 25 20 55 30 34 33 33 29 31 38 20 28 20 38 1962 36 71 52 23 33 122 143 347 34 25 239 92
leaf_count=23 30 20 34 25 20 55 30 34 33 33 29 31 38 20 28 20 38 1962 36 71 52 23 33 122 143 347 34 25 239 92
internal_value=1.32968e-10 -0.000424275 0.000124459 0.0314804 0.00999681 -0.0109982 0.0313074 -0.00121287 0.000245243 0.0808395 -0.0392024 -0.0111767 -0.00135645 -0.000214391 0.0670142 0.149557 -0.0501193 -0.00165334 0.0255468 -0.000831532 -0.0339669 -0.0727149 0.000782671 0.0132708 0.0206048 0.010139 0.0151 0.0396097 -0.00987975 -0.0230219
internal_weight=3720 3697 3667 150 130 110 55 3517 3387 66 130 96 3321 3245 68 48 76 3177 65 3143 146 94 2997 1035 913 770 737 372 365 331
internal_count=3720 3697 3667 150 130 110 55 3517 3387 66 130 96 3321 3245 68 48 76 3177 65 3143 146 94 2997 1035 913 770 737 372 365 331
is_linear=0
shrinkage=0.05


Tree=58
num_leaves=31
num_cat=0
split_feature=5 5 5 7 1 3 7 7 3 3 1 4 4 8 7 2 4 3 9 4 4 8 2 9 7 7 9 1 4 8
split_gain=41.311 257.486 241.345 285.552 118.887 162.891 116.875 136.212 151.323 116.693 101.57 91.9145 131.592 278.93 218.453 160.72 142.009 140.244 215.097 172.267 129.997 123.347 105.297 103.576 166.58 211.582 168.917 168.586 141.116 229.467
threshold=12.65415813906198 12.78901861878987 12.493241519892832 0.45089556694876659 10.500000000000002 5.0473944244719382 0.21570941858817763 0.35404186965611922 6.8521807442872449 7.1580790187099312 16.500000000000004 9.8990604432868619 11.705850804872407 2.5000000000000004 0.47923963526106056 12.071428571428573 11.866310293411541 7.2440451735332534 3.5000000000000004 11.160519023970393 11.948291405317837 4.5000000000000009 12.500000000000002 4.5000000000000009 0.846258922572793 0.81861465225589847 3.5000000000000004 3.5000000000000004 13.603894334081794 5.5000000000000009
decision_type=2 2 2 2 2 2 2 2 2 2 2 2 2 2 2 2 2 2 2 2 2 2 2 2 2 2 2 2 2 2
left_child=2 -2 4 -4 5 -1 -6 -8 10 -7 -9 -3 13 17 21 -16 22 18 19 -13 -18 -15 -14 24 25 27 -27 -22 29 -25
right_child=1 11 3 -5 6 9 7 8 -10 -11 -12 12 16 14 15 -17 20 -19 -20 -21 23 -23 -24 28 -26 26 -28 -29 -30 -31
leaf_value=0.15539706193882485 -0.10418790384739017 -0.079158620174146377 0.22798376149601407 0.0087287589919993261 -0.10428693572559007 -0.07060750106970469 0.10914604536124639 -0.14690332583807134 0.078165121986107394 0.070048883249019755 -0.015222732280381025 0.088571291643640276 -0.015573039321372143 -0.12761743953451515 0.11443585724654524 -0.035648071393370631 0.12364101487965812 0.20124290740489958 0.15686601036124759 -0.10713402901680887 -0.076291774946158061 -0.0018236671427362843 -0.1608077984613677 -0.082716424943044264 0.11248169955930541 -0.11622419095938169 0.047520125125135697 0.008053572929086681 -0.0053730874138469284 0.067155893339264791
leaf_weight=23 60 36 27 33 41 30 21 27 22 29 32 23 26 40 44 30 21 25 36 22 61 38 24 145 35 63 21 2057 597 31
leaf_count=23 60 36 27 33 41 30 21 27 22 29 32 23 26 40 44 30 21 25 36 22 61 38 24 145 35 63 21 2057 597 31
internal_value=5.70983e-11 -0.00151772 0.0182925 0.107394 -0.00546781 0.0425284 -0.0329901 -0.00433155 -0.0337517 -0.00147131 -0.0754833 0.000307532 0.00116431 0.0354658 -0.00794909 0.053591 -0.00170806 0.0977211 0.06577 -0.00710687 -0.000329351 -0.0663333 -0.0852857 -0.00119426 0.00425796 0.00253778 -0.0752881 0.00562436 -0.0169726 -0.0563185
internal_weight=3720 3435 285 60 225 82 143 102 81 59 59 3375 3339 258 152 74 3081 106 81 45 3031 78 50 3010 2237 2202 84 2118 773 176
internal_count=3720 3435 285 60 225 82 143 102 81 59 59 3375 3339 258 152 74 3081 106 81 45 3031 78 50 3010 2237 2202 84 2118 773 176
is_linear=0
shrinkage=0.05


Tree=59
num_leaves=31
num_cat=0
split_feature=2 6 8 7 5 3 3 5 7 1 0 0 7 0 5 5 5 0 2 7 8 3 7 7 3 4 8 9 7 7
split_gain=42.2 44.2289 110.429 107.365 101.427 98.5153 93.0975 107.379 127.44 110.503 63.155 148.773 70.677 113.758 134.219 97.0268 119.411 130.446 83.1157 79.8169 83.4529 184.405 244.807 264.733 229.084 310.673 265.444 242.02 212.621 369.635
threshold=8.6428571428571441 1.0000000180025095e-35 1.5000000000000002 0.09073546456230587 15.418808269111151 6.4475909122267234 5.3807416730763977 14.907456202380375 0.59276329513865866 14.500000000000002 30.500000000000004 29.500000000000004 0.040506361211769308 18.500000000000004 14.654020148029447 15.007739222948139 14.168292145751762 9.5000000000000018 16.214285714285719 0.050315332460686611 2.5000000000000004 4.4614753058558785 0.37463955187973802 0.62288580046435371 6.8764608837478525 11.533208611452681 1.0000000180025095e-35 2.5000000000000004 0.094473386560701603 0.30924324901746708
decision_type=2 2 2 2 2 2 2 2 2 2 2 2 2 2 2 2 2 2 2 2 2 2 2 2 2 2 2 2 2 2
left_child=-1 10 4 -4 5 -3 -5 9 -9 -8 11 12 13 15 -15 16 17 -2 -17 -14 21 22 -21 -24 26 27 -23 -26 -28 -30
right_child=1 2 3 6 -6 -7 7 8 -10 -11 -12 -13 19 14 -16 18 -18 -19 -20 20 -22 24 23 -25 25 -27 28 -29 29 -31
leaf_value=0.058093619250482134 0.13317390395247417 0.040481253819806239 -0.10075592507015577 -0.053288476086325122 -0.14041726008057595 -0.088904939639952885 0.050269433292182725 0.032731273770332338 0.19014788568019869 -0.082764921183008017 -0.059172403413889019 0.12585231407235067 -0.071921298977656242 -0.11601126895596583 0.03221265132583323 -0.068035574088042436 0.17587360250098366 -0.030293893527526122 0.072799206897616389 -0.012234268902704635 -0.0070176922389079167 -0.065237260907039671 0.22788307060871055 0.040203440898940679 0.014874443837574551 0.014113318230256243 -0.15352635040879251 0.23775501795883835 0.090186955975127409 -0.01886818163972492
leaf_weight=31 23 28 22 36 30 31 37 36 20 27 43 24 39 24 42 22 28 26 20 58 1789 203 34 42 21 565 20 29 111 259
leaf_count=31 23 28 22 36 30 31 37 36 20 27 43 24 39 24 42 22 28 26 20 58 1789 203 34 42 21 565 20 29 111 259
internal_value=-1.01014e-10 -0.000488182 -0.0200881 0.00264935 -0.0655629 -0.0275013 0.0172321 0.0383883 0.0889515 -0.00585444 0.00104109 0.00180735 0.00091999 0.0309604 -0.021687 0.0601598 0.0935041 0.0464359 -0.000971393 -0.000833159 5.23206e-05 0.00947725 0.0651267 0.124165 0.00330421 0.024685 -0.0188698 0.144145 0.00526504 0.0138484
internal_weight=3720 3689 267 178 89 59 156 120 56 64 3422 3379 3355 185 66 119 77 49 42 3170 3131 1342 134 76 1208 615 593 50 390 370
internal_count=3720 3689 267 178 89 59 156 120 56 64 3422 3379 3355 185 66 119 77 49 42 3170 3131 1342 134 76 1208 615 593 50 390 370
is_linear=0
shrinkage=0.05


Tree=60
num_leaves=31
num_cat=0
split_feature=3 3 7 3 2 1 3 4 2 2 0 0 3 7 1 8 7 7 5 5 0 7 9 7 3 1 0 4 0 7
split_gain=41.7461 238.753 320.392 238.335 229.76 204.228 176.472 241.384 184.726 212.05 178.873 236.031 216.913 161.85 145.936 148.733 143.794 117.751 332.105 133.359 176.389 125.49 97.0158 96.4316 93.3168 91.1232 87.1255 135.638 97.4189 191.694
threshold=8.1196409575129174 7.7120808136449526 0.71424424827371569 7.6110819849777114 14.357142857142859 6.5000000000000009 8.520283806481908 14.685789108264272 16.642857142857149 17.642857142857149 23.500000000000004 27.500000000000004 8.9774849672266175 0.80758286107890453 10.500000000000002 3.5000000000000004 0.54253745833155109 0.36098836124198014 15.695498562224804 15.659357055125772 17.500000000000004 0.14898274817078697 3.5000000000000004 0.82329845595141093 7.6547524895684349 26.500000000000004 26.500000000000004 16.632462483228867 23.500000000000004 0.49919894374383444
decision_type=2 2 2 2 2 2 2 2 2 2 2 2 2 2 2 2 2 2 2 2 2 2 2 2 2 2 2 2 2 2
left_child=1 3 5 26 -5 -3 7 16 -9 -10 23 12 -12 -4 -13 -16 22 19 -19 20 21 -7 -2 25 -6 -8 28 -28 -1 -30
right_child=6 2 13 4 24 17 10 8 9 -11 11 14 -14 -15 15 -17 -18 18 -20 -21 -22 -23 -24 -25 -26 -27 27 -29 29 -31
leaf_value=-0.00033706060588211133 -0.22673744821438083 0.14065635156246922 0.23396577925731737 0.028222529017008269 -0.23540991441834544 0.052312679927457466 -0.011980853757716917 0.071497964311619186 -0.17693464095177858 0.027960546487676249 0.25165793174369772 0.08944798553219209 0.056193592324852951 0.055417234010317111 -0.12944790353548938 0.047790347337722777 -0.027839734114925654 -0.083052551893540383 0.12233329141655794 -0.05855369009077549 -0.025898690927379692 0.21934676792310631 -0.098042815690860152 -0.11657654089587076 -0.093699267048102164 0.097367636635899549 -0.11598570641034689 0.02825452131884439 0.089173149856803732 -0.029697627787079128
leaf_weight=2380 27 31 30 26 21 22 402 49 23 28 22 26 40 22 29 20 34 81 26 24 26 23 32 21 26 20 39 28 86 56
leaf_count=2380 27 31 30 26 21 22 402 49 23 28 22 26 40 22 29 20 34 81 26 24 26 23 32 21 26 20 39 28 86 56
internal_value=2.43837e-10 0.00271273 0.0462074 -0.00194391 -0.0910411 0.0211629 -0.0103421 -0.0517566 0.00216799 -0.0644432 0.00343901 0.05337 0.125552 0.158426 -0.00630046 -0.0571058 -0.10974 0.0028248 -0.0331457 0.0433389 0.0777815 0.137686 -0.156937 -0.0120024 -0.157017 -0.00679846 0.00056829 -0.0557062 0.00206329 0.0422945
internal_weight=3720 2947 285 2662 73 233 773 193 100 51 580 137 62 52 75 49 93 202 107 95 71 45 59 443 47 422 2589 67 2522 142
internal_count=3720 2947 285 2662 73 233 773 193 100 51 580 137 62 52 75 49 93 202 107 95 71 45 59 443 47 422 2589 67 2522 142
is_linear=0
shrinkage=0.05


Tree=61
num_leaves=31
num_cat=0
split_feature=9 4 3 7 3 3 0 3 7 7 7 0 4 4 1 3 1 4 1 3 3 9 8 3 1 7 0 5 0 2
split_gain=40.7868 116.35 120.68 106.655 160.466 133.983 132.556 126.764 140.725 121.562 163.01 158.704 117.817 208.563 134.524 132.962 117.125 164.959 116.226 113.707 109.679 92.9344 185.414 234.647 179.861 212.319 221.14 188.641 141.669 216.907
threshold=2.5000000000000004 9.5334377140290378 6.3658303099171851 0.12348188893391697 3.0078843751231035 8.7858106539118186 16.500000000000004 7.5277265270908105 0.084764292210020756 0.23072550352129315 0.29026471712205998 10.500000000000002 10.581361185473959 11.272171093664431 23.500000000000004 6.320789582985741 10.500000000000002 14.743647385282829 14.500000000000002 9.8838433152543868 5.7383418445233572 4.5000000000000009 2.5000000000000004 4.4614753058558785 13.500000000000002 0.58310205670426696 22.500000000000004 14.465370902369409 10.500000000000002 16.785714285714288
decision_type=2 2 2 2 2 2 2 2 2 2 2 2 2 2 2 2 2 2 2 2 2 2 2 2 2 2 2 2 2 2
left_child=3 2 -2 6 -5 9 7 8 20 16 11 -11 -12 -14 -15 -16 -6 -18 -8 -7 -1 -3 23 -23 25 26 -25 -27 -26 -30
right_child=1 21 -4 4 5 19 18 -9 -10 10 12 -13 13 14 15 -17 17 -19 -20 -21 -22 22 -24 24 28 27 -28 -29 29 -31
leaf_value=-0.086537966791253834 0.15334160872376884 0.0082329642568605352 0.0010008990478057127 0.10915354025363921 0.016916774094104768 0.064063926526394338 0.19264316067099574 -0.11328582644462587 0.14153961710631849 0.17472113877534867 -0.096504945768551398 0.0022190327197313306 0.11317700589341778 -0.017486699515063833 -0.17997073716035597 -0.023054967903428609 -0.16809420807530051 -0.020267820381559432 0.029440320779879889 -0.067377452871629176 0.061687734133253493 0.15443132547661664 -0.03071067208963631 -0.028130922998483899 0.029999771218663502 0.014415000716135615 0.15531306929886343 0.21118740146530085 -0.09712147691728254 0.057097963467240331
leaf_weight=26 26 1802 26 25 25 76 20 20 20 20 55 40 28 404 27 27 46 32 24 21 24 28 524 92 67 21 20 29 95 30
leaf_count=26 26 1802 26 25 25 76 20 20 20 20 55 40 28 404 27 27 46 32 24 21 24 28 524 92 67 21 20 29 95 30
internal_value=-3.56381e-11 0.00308773 0.0771713 -0.00887723 -0.0155898 -0.0194832 0.0325002 -0.00227117 0.0294473 -0.0270738 -0.0184725 0.0597197 -0.0271444 -0.019295 -0.0273937 -0.101513 -0.077262 -0.107447 0.103623 0.0356075 -0.0153896 0.00166515 -0.011398 0.0150938 0.00407274 0.0428726 0.00462693 0.128543 -0.0286647 -0.0601088
internal_weight=3720 2760 52 960 826 801 134 90 70 704 601 60 541 486 458 54 103 78 44 97 50 2708 906 382 354 162 112 50 192 125
internal_count=3720 2760 52 960 826 801 134 90 70 704 601 60 541 486 458 54 103 78 44 97 50 2708 906 382 354 162 112 50 192 125
is_linear=0
shrinkage=0.05


Tree=62
num_leaves=31
num_cat=0
split_feature=1 1 4 7 3 0 0 1 3 0 1 1 4 5 5 9 4 4 2 2 5 5 9 3 4 3 2 7 0 7
split_gain=40.9861 77.6968 86.468 60.6721 51.3218 48.5831 171.886 257.049 170.142 169.02 273.004 262.386 281.386 217.764 323.801 195.97 166.144 165.861 181.514 157.682 342.494 388.604 200.876 156.025 204.984 271.237 200.79 244.013 252.862 185.102
threshold=31.500000000000004 28.500000000000004 15.753780806648265 0.49582585643233962 11.039964297125545 11.500000000000002 13.500000000000002 7.5000000000000009 2.8743499452978107 9.5000000000000018 18.500000000000004 11.500000000000002 14.298441961023643 13.08245578241417 14.60269841420442 2.5000000000000004 10.643842010215886 13.725937509769993 14.642857142857144 11.214285714285717 13.629626797488271 14.155188953057248 3.5000000000000004 5.563486402641872 12.295586401759406 5.3363086938623168 13.357142857142859 0.23072550352129315 16.500000000000004 0.66758951237130348
decision_type=2 2 2 2 2 2 2 2 2 2 2 2 2 2 2 2 2 2 2 2 2 2 2 2 2 2 2 2 2 2
left_child=1 4 3 -3 5 9 7 17 -8 10 -1 12 -11 16 -15 -16 -12 -7 -19 -9 22 -22 -21 24 29 -26 27 28 -25 -10
right_child=-2 2 -4 -5 -6 6 8 19 23 11 13 -13 -14 14 15 -17 -18 18 -20 20 21 -23 -24 26 25 -27 -28 -29 -30 -31
leaf_value=-0.018638412182068256 0.055474911043138224 0.03606296428121053 -0.14027962986379863 -0.071954206033394891 -0.075607095523314044 0.0015612392198471796 -0.13535688932646403 -0.11589736649218728 0.058415845305804751 0.16670174939614354 0.043398670632053507 0.0029490032902827895 0.023772014010076725 0.12352412789025241 -0.1047244435837192 0.043101463272569723 -0.14500112533569337 -0.27015593460072646 -0.083458398835112649 0.022689848835580052 -0.16894279380397101 0.00078805067184332164 0.2097950570858442 0.18561568700131917 -0.0071855263577926516 0.10134968596909728 0.0055325089546545926 -0.06749856604685732 -0.02450433858152893 0.22786543868482112
leaf_weight=692 33 26 20 26 22 21 22 34 83 66 22 205 72 108 31 81 25 23 30 32 41 190 26 21 324 70 1093 216 45 20
leaf_count=692 33 26 20 26 22 21 22 34 83 66 22 205 72 108 31 81 25 23 30 32 41 190 26 21 324 70 1093 216 45 20
internal_value=2.41296e-11 -0.000496521 -0.0519273 -0.0179456 0.000527827 0.000994002 -0.00338906 -0.0333029 0.00288116 0.00870643 -0.00206744 0.0388293 0.0921297 0.0408806 0.0617517 0.00218536 -0.056814 -0.117359 -0.164478 -0.0140455 -0.0020629 -0.0293373 0.106565 0.00450575 0.0285155 0.0120974 -0.00417267 -0.0417889 0.042352 0.0913187
internal_weight=3720 3687 72 52 3615 3593 2291 397 1894 1302 959 343 138 267 220 112 47 74 53 323 289 231 58 1872 497 394 1375 282 66 103
internal_count=3720 3687 72 52 3615 3593 2291 397 1894 1302 959 343 138 267 220 112 47 74 53 323 289 231 58 1872 497 394 1375 282 66 103
is_linear=0
shrinkage=0.05


Tree=63
num_leaves=31
num_cat=0
split_feature=2 2 0 1 2 7 5 5 7 2 4 1 5 7 3 9 2 5 8 4 4 7 5 1 7 1 4 7 7 0
split_gain=39.7146 172.756 151.514 133.06 115.037 315.357 111.949 182.158 157.384 106.203 218.188 276.397 218.375 209.068 147.725 85.6213 369.951 277.682 274.043 321.063 199.236 193.664 243.042 185.359 184.583 182.934 177.991 177.695 182.204 217.276
threshold=19.500000000000004 20.357142857142858 17.500000000000004 14.500000000000002 18.071428571428573 0.75516464203108058 16.043660705057096 16.561232523093434 0.48611518252852687 17.357142857142858 17.289398909768494 16.500000000000004 15.965178317552272 0.36351628482193138 6.4770657671804592 3.5000000000000004 16.642857142857149 15.555068591720476 2.5000000000000004 11.609680379999725 17.872574649303058 0.20276527499251709 16.186972267486535 10.500000000000002 0.43536188261105441 18.500000000000004 17.337805258350489 0.80978894929472933 0.75270044168274863 11.500000000000002
decision_type=2 2 2 2 2 2 2 2 2 2 2 2 2 2 2 2 2 2 2 2 2 2 2 2 2 2 2 2 2 2
left_child=4 3 -3 -2 9 6 8 -8 -6 15 12 13 14 -12 -11 20 18 24 19 23 26 -19 -23 -17 -18 -20 -1 28 29 -21
right_child=1 2 -4 -5 5 -7 7 -9 -10 10 11 -13 -14 -15 -16 16 17 21 25 27 -22 22 -24 -25 -26 -27 -28 -29 -30 -31
leaf_value=-0.0071862285871308988 -0.012967633616828704 0.14028534402393483 -0.022368402270282188 -0.14711038714481725 -0.072725780797585599 0.22509452473372221 0.12699513160826073 -0.0014563241298647894 0.064985647890716799 -0.14089799977484205 -0.038227728486061097 -0.1053289192263037 -0.19608816089052145 0.1469978619987766 0.025137568959915965 0.23686412473519647 0.25433769754825103 0.15087091611190276 -0.034365881438068839 0.055452425821088148 -0.11460062314179682 -0.127337842900306 0.084958051259701073 0.07033007943494754 0.075517294417928774 0.017179859726961087 0.091581554918926444 0.12016053430529104 -0.1143230005602042 -0.014527633826864859
leaf_weight=1548 38 22 41 36 59 20 46 69 32 21 25 32 33 39 37 24 31 22 534 182 42 28 26 55 27 254 47 36 30 284
leaf_count=1548 38 22 41 36 59 20 46 69 32 21 25 32 33 39 37 24 31 22 534 182 42 28 26 55 27 254 47 36 30 284
internal_value=-2.17559e-11 -0.0264202 0.0344313 -0.0782263 0.00101021 0.0355394 0.017136 0.0499243 -0.0242998 -0.00131437 -0.0379304 0.0146531 -0.093403 0.0746441 -0.0349788 0.000845631 0.00933713 0.0887018 0.00173537 0.0268666 -0.0071064 0.0258238 -0.0251213 0.120923 0.171094 -0.0177509 -0.00427583 0.0128996 0.00511452 0.0128036
internal_weight=3720 137 63 74 3583 226 206 115 91 3357 187 96 91 64 58 3170 1533 134 1399 611 1637 76 54 79 58 788 1595 532 496 466
internal_count=3720 137 63 74 3583 226 206 115 91 3357 187 96 91 64 58 3170 1533 134 1399 611 1637 76 54 79 58 788 1595 532 496 466
is_linear=0
shrinkage=0.05


Tree=64
num_leaves=31
num_cat=0
split_feature=1 1 4 3 7 3 3 5 7 4 9 3 8 5 4 2 0 2 3 8 2 4 4 4 1 0 1 2 5 0
split_gain=36.9489 70.8108 81.4798 46.5053 47.1722 131.038 275.516 144.51 259.057 152.404 137.479 235.72 167.582 193.586 215.663 191.248 177.333 171.657 150.387 270.843 208.493 602.655 151.337 145.854 136.896 221.037 244.625 225.221 161.121 150.354
threshold=31.500000000000004 28.500000000000004 14.138390172764355 11.039964297125545 0.53158523097013355 7.7336617335854454 8.1998838551588875 13.79422887277455 0.71424424827371569 15.436440819826364 2.5000000000000004 7.5277265270908105 1.5000000000000002 14.155188953057248 14.182440443900502 12.500000000000002 11.500000000000002 14.214285714285717 6.9333543135894393 1.0000000180025095e-35 13.500000000000002 14.879960130557428 16.456470033215727 12.857556959421261 20.500000000000004 15.500000000000002 17.500000000000004 14.928571428571431 13.488134550659803 23.500000000000004
decision_type=2 2 2 2 2 2 2 2 2 2 2 2 2 2 2 2 2 2 2 2 2 2 2 2 2 2 2 2 2 2
left_child=1 3 -3 4 -1 10 7 -7 9 -9 12 18 13 -6 -15 16 -14 23 24 -20 -21 -22 -23 -17 25 27 28 -12 -27 -30
right_child=-2 2 -4 -5 5 6 -8 8 -10 -11 11 -13 15 14 -16 17 -18 -19 19 20 21 22 -24 -25 -26 26 -28 -29 29 -31
leaf_value=-0.0035526144514579487 0.052671895379369907 0.0082532060586593368 -0.098497796287903422 -0.071967898647893561 -0.17049594089388848 -0.014572004280984402 0.0040685831161256687 -0.03157115163731164 0.20924612139662108 0.13197031078327978 -0.012843918265855831 -0.10552796501488913 0.16878236595254681 0.093332178890705109 -0.12131525427103043 -0.013624171983628048 -0.02925293862819672 0.011555294251777757 0.21194954812526703 -0.067320639579682748 0.30552243405864354 -0.10009078068286181 0.065252119914117848 -0.19079084629909351 0.055809372796544014 -0.042457136993338779 -0.099152972300847381 -0.12659009124168702 0.10418324604969134 -0.044851595610380178
leaf_weight=2221 33 33 39 22 40 25 274 29 45 28 184 42 26 22 25 21 20 71 25 37 21 25 31 26 105 33 30 57 110 20
leaf_count=2221 33 33 39 22 40 25 274 29 45 28 184 42 26 22 25 21 20 71 25 37 21 25 31 26 105 33 30 57 110 20
internal_value=1.31731e-10 -0.000471433 -0.0495703 0.000506469 0.000950231 0.00823946 0.0322847 0.0931605 0.119565 0.048765 -0.00169067 0.00941769 -0.0335553 -0.0896484 -0.020842 -0.00379854 0.0826801 -0.0375105 0.0165382 0.0629093 0.030225 0.0770976 -0.00856167 -0.111631 0.00457981 -0.00781444 0.0320593 -0.0397465 0.0562088 0.0812548
internal_weight=3720 3687 72 3615 3593 1372 401 127 102 57 971 720 251 87 47 164 46 118 678 139 114 77 56 47 539 434 193 241 163 130
internal_count=3720 3687 72 3615 3593 1372 401 127 102 57 971 720 251 87 47 164 46 118 678 139 114 77 56 47 539 434 193 241 163 130
is_linear=0
shrinkage=0.05


Tree=65
num_leaves=31
num_cat=0
split_feature=5 5 7 3 2 2 0 7 4 5 5 7 7 1 0 7 2 3 1 4 5 7 1 4 4 9 4 2 4 4
split_gain=37.5815 148.634 257.204 133.657 96.1674 83.866 86.6743 101.968 64.2062 182.687 145.358 351.646 185.418 154.569 146.324 139.053 105.498 98.5491 105.536 155.192 131.001 146.532 128.833 84.9937 159.967 197.068 194.191 333.79 166.538 150.402
threshold=17.034473924761382 16.737414395340434 0.49919894374383444 6.049399492719167 19.785714285714288 18.071428571428573 22.500000000000004 0.49919894374383444 17.733767454045513 16.561232523093434 15.89383194328604 0.60907250044297279 0.66120064304911452 6.5000000000000009 14.500000000000002 0.39194000381101007 17.357142857142858 5.214446791510122 11.500000000000002 16.047465702977714 15.437822171648167 0.51518881545919804 7.5000000000000009 15.658689860371426 15.374103592775327 2.5000000000000004 15.207003296631548 15.500000000000002 15.151068968585912 16.428423758279553
decision_type=2 2 2 2 2 2 2 2 2 2 2 2 2 2 2 2 2 2 2 2 2 2 2 2 2 2 2 2 2 2
left_child=1 4 -3 -2 8 -5 7 -7 16 10 11 -10 13 -12 15 -15 23 -18 19 -19 -20 -22 -21 24 26 -26 28 -28 -1 -25
right_child=3 2 -4 5 -6 6 -8 -9 9 -11 12 -13 -14 14 -16 -17 17 18 20 22 21 -23 -24 29 25 -27 27 -29 -30 -31
leaf_value=-0.0017294628993163312 -0.10692505441807412 -0.017377526594980344 0.1746218427225496 -0.075825824070721873 -0.076572270893559946 -0.067514102061589559 0.10615263640880586 0.072417387674036243 -0.056576698473654687 -0.091617294574777297 0.23530066743493083 0.14415398896982273 -0.034615075907536916 -0.07847900673747063 0.15947117781446829 0.10797003485262394 -0.12799127033123603 0.039176486195488414 0.10648037562003504 -0.029616871547131315 -0.087602903116494421 0.058579381232460342 -0.19612558627357851 0.04344917207226618 -0.18149513463274791 -0.025963667308555007 0.13633085023917135 -0.080599983513355261 -0.12234271429479122 -0.0065622028204769846
leaf_weight=2182 37 37 33 25 41 30 25 23 80 30 20 30 28 20 31 20 26 22 26 21 40 30 26 291 26 94 61 25 29 311
leaf_count=2182 37 37 33 25 41 30 25 23 80 30 20 30 28 20 31 20 26 22 26 21 40 30 26 291 26 94 61 25 29 311
internal_value=-2.40469e-10 0.000993821 0.0731365 -0.0254134 -0.000444921 0.00386745 0.0294102 -0.00678912 0.000454826 0.0244023 0.0396013 -0.00183197 0.077901 0.112521 0.0779356 0.0147455 -0.00147738 -0.0375149 -0.0232581 -0.0704252 0.0106433 -0.0249534 -0.121728 0.000802571 -0.00338432 -0.0596622 -0.000444251 0.0732696 -0.00331145 0.0176127
internal_weight=3720 3580 70 140 3510 103 78 53 3469 259 229 110 119 91 71 40 3210 191 165 69 96 70 47 3019 2417 120 2297 86 2211 602
internal_count=3720 3580 70 140 3510 103 78 53 3469 259 229 110 119 91 71 40 3210 191 165 69 96 70 47 3019 2417 120 2297 86 2211 602
is_linear=0
shrinkage=0.05


Tree=66
num_leaves=31
num_cat=0
split_feature=2 3 9 0 8 1 3 3 8 1 3 4 1 8 7 4 3 4 1 3 2 7 3 2 3 0 1 2 0 1
split_gain=35.5351 53.7858 45.443 148.137 148.367 221.815 237.086 301.626 265.808 186.777 162.058 134.618 210.348 282.872 215.359 207.184 198.233 194.38 239.823 190.954 212.794 224.782 210.884 166.673 162.654 281.787 123.586 107.265 160.645 133.341
threshold=8.9285714285714306 5.214446791510122 4.5000000000000009 3.5000000000000004 2.5000000000000004 13.500000000000002 5.0142653642240775 6.9006555934235445 1.5000000000000002 11.500000000000002 4.4614753058558785 14.545648438279873 11.500000000000002 4.5000000000000009 0.51518881545919804 12.502081449950319 4.8795003647426745 13.198339195014736 19.500000000000004 7.7120808136449526 15.357142857142859 0.36098836124198014 6.8521807442872449 11.357142857142859 5.4160256030906444 17.500000000000004 7.5000000000000009 17.071428571428573 14.500000000000002 20.500000000000004
decision_type=2 2 2 2 2 2 2 2 2 2 2 2 2 2 2 2 2 2 2 2 2 2 2 2 2 2 2 2 2 2
left_child=1 -1 -2 -4 5 6 -5 8 -8 -9 -7 12 13 26 -15 23 -17 -18 -19 22 -21 -22 24 -14 -13 -26 -6 28 29 -12
right_child=2 -3 3 4 11 10 7 9 -10 -11 27 19 15 14 -16 16 17 18 -20 20 21 -23 -24 -25 25 -27 -28 -29 -30 -31
leaf_value=-0.0012050834709200365 0.0026618077837386412 0.10537793010473251 -0.13021033135056498 0.19297037356133973 -0.068608352137000658 0.11858428455889225 -0.16233957944245175 0.050315179210156206 0.065271240408005929 0.22473420479334891 -0.052683646507837162 -0.12032694201916457 0.053571148635819556 0.14399694076606206 -0.0824449726513454 -0.063144194111228 0.22240922925648868 -0.037245042125384015 0.17022809294553906 0.15505443466827273 0.095865237306464804 -0.10311303043738007 -0.17252410074695945 -0.09869274224449949 -0.07582754066679627 0.1146249512510915 -0.23437082984230739 0.057628858757430117 -0.10254030487655352 0.070534691899209412
leaf_weight=29 2747 20 25 28 23 20 29 66 23 20 54 48 32 21 21 20 27 30 26 20 22 40 45 41 52 31 22 29 72 37
leaf_count=29 2747 20 25 28 23 20 29 66 23 20 54 48 32 21 21 20 27 30 26 20 22 40 45 41 52 31 22 29 72 37
internal_value=-1.60954e-10 0.0422982 -0.000564591 -0.0101565 -0.00681795 0.0170289 0.0603135 0.0333977 -0.0616656 0.0908777 -0.0168637 -0.0241195 0.00105346 -0.0625467 0.030776 0.0324922 0.0781626 0.112212 0.0590818 -0.0497804 0.0132391 -0.0325078 -0.0791417 -0.0319469 -0.0470638 -0.00469468 -0.149648 -0.0309729 -0.0467364 -0.00258388
internal_weight=3720 49 3671 924 899 378 166 138 52 86 212 521 263 87 42 176 103 83 56 258 82 62 176 73 131 83 45 192 163 91
internal_count=3720 49 3671 924 899 378 166 138 52 86 212 521 263 87 42 176 103 83 56 258 82 62 176 73 131 83 45 192 163 91
is_linear=0
shrinkage=0.05


Tree=67
num_leaves=31
num_cat=0
split_feature=3 3 7 3 2 1 3 4 2 2 0 0 3 7 2 7 1 8 7 5 4 4 8 3 2 3 5 5 0 9
split_gain=36.3313 194.274 251.055 198.585 202.023 180.214 158.49 203.036 159.727 183.609 152.763 208.013 189.413 146.327 145.533 160.006 129.805 134.98 103.161 285.532 120.844 96.7559 95.7447 173.788 289.699 400.167 184.952 316.711 235.264 269.194
threshold=8.1196409575129174 7.7120808136449526 0.71424424827371569 7.6110819849777114 14.357142857142859 6.5000000000000009 8.520283806481908 14.685789108264272 16.642857142857149 17.642857142857149 23.500000000000004 27.500000000000004 8.9774849672266175 0.80758286107890453 14.071428571428573 0.51975123447133098 10.500000000000002 3.5000000000000004 0.36098836124198014 15.695498562224804 15.838586338333082 13.332321426005327 1.5000000000000002 7.1080094473407138 12.071428571428573 7.3872476993416631 14.048626056870841 13.550681937761434 9.5000000000000018 3.5000000000000004
decision_type=2 2 2 2 2 2 2 2 2 2 2 2 2 2 2 2 2 2 2 2 2 2 2 2 2 2 2 2 2 2
left_child=1 3 5 22 -5 -3 7 14 -9 -10 -8 12 -12 -4 15 -2 -13 -18 20 -20 21 -7 23 26 -25 -26 27 28 -1 -30
right_child=6 2 13 4 -6 18 10 8 9 -11 11 16 -14 -15 -16 -17 17 -19 19 -21 -22 -23 -24 24 25 -27 -28 -29 29 -31
leaf_value=-0.09179102854004928 -0.11710798440172393 0.1318443308482998 0.21292762870822723 0.028834647842897822 -0.14486382277087961 0.014802307455704131 -0.010857956149272673 0.065028428301519281 -0.16605607025001362 0.024603827530518176 0.23515931879254906 0.083839795279961382 0.052504988200962548 0.043157340450720359 -0.17732327851025684 0.058429498935029626 -0.12329341733250127 0.045551579296588901 -0.077574293053260565 0.11286659286572383 -0.037005729702385991 0.13998625973860424 0.0067983604308097861 0.18355682762684647 0.081786869005078366 -0.11343393824373682 -0.0038692360452994741 -0.14678104350419893 -0.035505898028123574 0.13690798551672034
leaf_weight=70 34 31 30 26 47 29 443 49 23 28 22 26 40 22 38 21 29 20 81 26 33 33 1833 27 63 45 381 73 61 36
leaf_count=70 34 31 30 26 47 29 443 49 23 28 22 26 40 22 38 21 29 20 81 26 33 33 1833 27 63 45 381 73 61 36
internal_value=2.52953e-11 0.00253069 0.0417653 -0.00166986 -0.0829986 0.0195958 -0.00964805 -0.048896 0.000560105 -0.06138 0.00341205 0.0495552 0.117318 0.141102 -0.102075 -0.0500846 -0.0064619 -0.0543771 0.0023695 -0.0312989 0.0402908 0.0814325 0.000623304 -0.0143488 0.0370673 0.000444866 -0.0255262 -0.0599065 -0.0219314 0.0284828
internal_weight=3720 2947 285 2662 73 233 773 193 100 51 580 137 62 52 93 55 75 49 202 107 95 62 2589 756 135 108 621 240 167 97
internal_count=3720 2947 285 2662 73 233 773 193 100 51 580 137 62 52 93 55 75 49 202 107 95 62 2589 756 135 108 621 240 167 97
is_linear=0
shrinkage=0.05


Tree=68
num_leaves=31
num_cat=0
split_feature=2 2 0 1 2 7 5 2 2 7 4 5 1 2 0 9 5 5 7 1 5 0 7 2 2 3 4 3 4 4
split_gain=35.4461 154.849 137.009 117.068 98.6981 278.31 102.704 105.435 169.76 200.876 134.62 114.35 109.796 120.932 178.195 173.068 100.392 156.077 132.553 95.8436 75.7268 144.618 73.8278 69.4805 121.808 179.836 110.543 107.694 105.949 161.907
threshold=19.500000000000004 20.357142857142858 17.500000000000004 14.500000000000002 18.071428571428573 0.75516464203108058 16.057855167196909 17.928571428571434 17.214285714285719 0.78411548783517437 17.289398909768494 16.535016453803546 6.5000000000000009 16.642857142857149 11.500000000000002 3.5000000000000004 16.043660705057096 16.561232523093434 0.48611518252852687 31.500000000000004 17.209439227361155 19.500000000000004 0.51975123447133098 17.642857142857149 17.214285714285719 8.1737093054208803 18.044963471281324 6.8033605141660898 17.289398909768494 17.009895004831453
decision_type=2 2 2 2 2 2 2 2 2 2 2 2 2 2 2 2 2 2 2 2 2 2 2 2 2 2 2 2 2 2
left_child=4 3 -3 -2 6 16 19 8 9 12 -10 -12 -8 14 -14 -16 18 -18 -6 23 21 -19 -15 24 26 27 28 -26 29 -1
right_child=1 2 -4 -5 5 -7 7 -9 10 -11 11 -13 13 22 15 -17 17 20 -20 -21 -22 -23 -24 -25 25 -27 -28 -29 -30 -31
leaf_value=0.0015353208236868494 -0.012796368449926376 0.1333109250800176 -0.0213609089234435 -0.13861978223236901 -0.068031717225972385 0.2110109805315733 0.073176018800586468 0.083582200855016719 -0.18250364121691934 0.13512480230558485 0.026966276535621059 -0.11629722464829684 0.0028730762549317801 0.068408429487185049 -0.048318459931761031 -0.20300519850217935 0.11803933669529532 0.043913768005111944 0.05834997338242829 0.099183432221412668 0.066500780788751754 -0.13992455802857875 -0.049839317053556445 -0.055863902760001853 0.050643983980019895 -0.052694710379555115 -0.089275809158297151 0.2037980374626138 0.058887186605865373 -0.084354847321187018
leaf_weight=2714 38 22 41 36 59 20 24 20 29 21 26 30 52 33 40 33 46 23 32 25 26 20 22 53 24 21 34 22 78 56
leaf_count=2714 38 22 41 36 59 20 24 20 29 21 26 30 52 33 40 33 46 23 32 25 26 20 22 53 24 21 34 22 78 56
internal_value=-4.39249e-11 -0.0249601 0.0326515 -0.0740078 0.000954376 0.0329376 -0.0011988 -0.0276861 -0.0348647 -0.0121229 -0.0950635 -0.049782 -0.0272807 -0.040675 -0.0678601 -0.118245 0.0156489 0.0466987 -0.0235898 0.00168881 -0.000861655 -0.0415924 0.0211093 0.000876898 0.00189666 0.0685436 0.000347263 0.123892 0.0014172 -0.000201087
internal_weight=3720 137 63 74 3583 226 3357 330 310 225 85 56 204 180 125 73 206 115 91 3027 69 43 55 3002 2949 67 2882 46 2848 2770
internal_count=3720 137 63 74 3583 226 3357 330 310 225 85 56 204 180 125 73 206 115 91 3027 69 43 55 3002 2949 67 2882 46 2848 2770
is_linear=0
shrinkage=0.05


Tree=69
num_leaves=31
num_cat=0
split_feature=7 7 3 3 0 2 4 5 2 3 2 2 1 2 5 5 0 2 1 7 1 2 0 5 3 5 3 4 0 4
split_gain=33.7161 52.1327 51.1213 184.299 163.905 238.736 191.197 127.09 124.472 121.389 112.954 187.321 144.374 205.097 109.507 259.495 236.082 142.147 191.141 184.821 206.416 183.314 213.984 175.278 220.35 210.826 171.518 136.49 136.366 128.706
threshold=1.0000000180025095e-35 0.0078373048667990525 5.7569833370313974 5.9120538692049323 18.500000000000004 15.214285714285717 13.56841421506452 15.790873342820621 15.214285714285717 5.698788509515901 16.500000000000004 15.357142857142859 16.500000000000004 19.071428571428573 16.249782541634058 15.790873342820621 12.500000000000002 14.357142857142859 19.500000000000004 0.17259510097495093 5.5000000000000009 13.500000000000002 3.5000000000000004 14.316178486548731 7.3484692283495354 14.116701564672532 6.5465356968113735 15.913732979501953 7.5000000000000009 13.628526087437541
decision_type=2 2 2 2 2 2 2 2 2 2 2 2 2 2 2 2 2 2 2 2 2 2 2 2 2 2 2 2 2 2
left_child=-1 -2 7 4 5 6 -4 9 14 -3 11 -9 13 -12 15 17 -17 21 19 -19 -21 22 -5 25 -25 -24 -22 28 -23 -26
right_child=1 2 3 8 -6 -7 -8 10 -10 -11 12 -13 -14 -15 -16 16 -18 18 -20 20 26 27 23 24 29 -27 -28 -29 -30 -31
leaf_value=0.060350072966969537 -0.066019469909369952 0.013045645750415131 -0.045685009122826165 -0.11834811093665812 -0.16091963630734069 -0.17316084356047212 0.1513858409970999 -0.0074286116834949047 0.011472364154936729 0.12467305254936219 0.12381076083795445 -0.18383211631465843 -0.064252168840418261 -0.071827305959803731 -0.1273911777883768 0.23735820084810255 -0.0055832682549953466 -0.16964955694369369 0.026650152187532101 0.10038784032776243 0.034778661032517748 0.11361481261524287 -0.0049836822146719501 -0.12605391811918129 -0.064356595733922647 0.12044333645866977 -0.093486082577897658 -0.063796779513359075 0.02335655507232462 0.058011233913046981
leaf_weight=23 30 943 32 49 33 20 20 34 1098 25 37 27 48 21 20 20 20 37 71 21 33 55 483 66 44 36 124 33 175 42
leaf_count=23 30 943 32 49 33 20 20 34 1098 25 37 27 48 21 20 20 20 37 71 21 33 55 483 66 44 36 124 33 175 42
internal_value=-4.61421e-11 -0.000375454 0.000161585 -0.003791 -0.0686454 -0.0263531 0.0301115 0.00897916 -0.000985188 0.0159286 -0.0313025 -0.0855089 -0.000108296 0.0529763 -0.0112774 -0.00950335 0.115887 -0.0134558 -0.0444801 -0.0679696 -0.0468339 -0.00442937 -0.0174792 -0.0101132 -0.0573341 0.00371646 -0.066526 0.0312963 0.0449401 -0.00459556
internal_weight=3720 3697 3667 2532 105 72 52 1135 2427 968 167 61 106 58 1329 1309 40 1269 286 215 178 983 720 671 152 519 157 263 230 86
internal_count=3720 3697 3667 2532 105 72 52 1135 2427 968 167 61 106 58 1329 1309 40 1269 286 215 178 983 720 671 152 519 157 263 230 86
is_linear=0
shrinkage=0.05


Tree=70
num_leaves=31
num_cat=0
split_feature=0 0 7 7 9 4 4 5 3 4 5 4 2 5 2 7 3 7 9 3 4 0 0 2 3 9 8 1 7 3
split_gain=34.052 112.933 289.886 209.629 206.092 194.647 149.155 233.315 238.43 137.095 110.444 167.497 99.6197 126.687 114.484 123.825 292.127 265.608 197.856 161.254 131.031 127.643 293.817 215.521 271.778 107.949 107.787 81.9811 81.0938 74.0672
threshold=22.500000000000004 19.500000000000004 0.53615226711019826 0.63209106626866596 2.5000000000000004 14.912685315578861 15.134308845767416 15.571509696083039 5.9401779675119455 14.937182215204741 13.488134550659803 11.672347023524869 18.500000000000004 16.459074711671622 18.071428571428573 0.43179026241201307 5.7981934789249303 0.57631018234129416 4.5000000000000009 7.0457685377819557 14.912685315578861 25.500000000000004 23.500000000000004 14.928571428571431 8.7450666364637009 3.5000000000000004 2.5000000000000004 31.500000000000004 0.30610121584649913 8.1737093054208803
decision_type=2 2 2 2 2 2 2 2 2 2 2 2 2 2 2 2 2 2 2 2 2 2 2 2 2 2 2 2 2 2
left_child=1 27 6 9 -5 -6 -3 -8 -9 -4 11 -2 14 25 15 16 -12 20 19 -19 -17 22 -18 -23 -25 -14 -21 29 -24 -1
right_child=10 2 3 4 5 -7 7 8 -10 -11 12 -13 13 -15 -16 17 21 18 -20 26 -22 23 28 24 -26 -27 -28 -29 -30 -31
leaf_value=0.0043580317395377306 0.037604328167849574 -0.1066121485774164 0.031219936124980453 -0.15083323401354609 0.11417051153523582 -0.040881950772988306 0.076170768667208524 -0.20538203232766442 -0.010234448003272216 0.2163515473343432 0.21919525097245757 -0.1259662148597486 -0.012276614457368851 0.030500610644801286 0.12690385022553904 -0.019661255592875411 -0.062886546134948734 -0.12370736360549928 0.14981386214494705 0.11965113380551338 -0.16404208650191626 -0.13712278640270234 0.093574907045279238 -0.049166923093006895 0.17637152482162824 -0.16098232243372046 -0.015492625058525139 0.088094083854445712 0.22539764903485776 -0.016865915767504593
leaf_weight=2290 29 108 20 21 35 48 38 24 45 20 23 34 26 51 29 33 25 20 30 25 30 25 28 34 22 23 36 27 20 501
leaf_count=2290 29 108 20 21 35 48 38 24 45 20 23 34 26 51 29 33 25 20 30 25 30 25 28 34 22 23 36 27 20 501
internal_value=-1.56115e-10 -0.0019777 -0.0283893 0.0265109 -0.0109025 0.0245016 -0.0651597 -0.0233199 -0.0781119 0.123786 0.0115712 -0.0506718 0.0197406 -0.0246625 0.0314256 0.0235371 0.052982 -0.00641535 0.0401244 -0.000501277 -0.088414 0.0281579 0.076108 -0.0150564 0.0394375 -0.0820773 0.0398942 0.00138702 0.148501 0.000548215
internal_weight=3720 3177 359 144 104 83 215 107 69 40 543 63 480 100 380 351 177 174 111 81 63 154 73 81 56 49 61 2818 48 2791
internal_count=3720 3177 359 144 104 83 215 107 69 40 543 63 480 100 380 351 177 174 111 81 63 154 73 81 56 49 61 2818 48 2791
is_linear=0
shrinkage=0.05


Tree=71
num_leaves=31
num_cat=0
split_feature=5 5 5 7 1 3 3 3 3 4 2 3 2 4 2 5 9 7 7 1 1 4 5 7 1 9 8 3 3 5
split_gain=32.8597 232.872 208.843 253.816 99.5136 139.553 104.36 209.001 98.2933 83.5477 109.308 121.173 78.0802 147.885 93.672 184.014 82.455 149.817 245.13 147.002 343.614 192.214 279.785 186.178 143.436 134.593 131.873 182.154 156.981 189.257
threshold=12.65415813906198 12.78901861878987 12.493241519892832 0.57631018234129416 10.500000000000002 5.0473944244719382 6.6939916200667469 7.6547524895684349 7.1580790187099312 9.8990604432868619 10.357142857142859 5.8716429111612793 10.928571428571431 10.855392144112175 11.214285714285717 13.452649411919372 4.5000000000000009 0.85079024139261561 0.82006998554388677 8.5000000000000018 10.500000000000002 15.516833353730119 14.999472908476461 0.66459817243039943 4.5000000000000009 3.5000000000000004 2.5000000000000004 4.7759317216145121 7.1280799525204452 15.007739222948139
decision_type=2 2 2 2 2 2 2 2 2 2 2 2 2 2 2 2 2 2 2 2 2 2 2 2 2 2 2 2 2 2
left_child=2 -2 4 -4 5 -1 -6 -8 -7 -3 11 -11 13 -12 15 -14 17 18 19 -16 21 23 -23 -21 -18 -20 27 -26 -28 -30
right_child=1 9 3 -5 6 8 7 -9 -10 10 12 -13 14 -15 16 -17 24 -19 25 20 -22 22 -24 -25 26 -27 28 -29 29 -31
leaf_value=0.14259447617375332 -0.098993221384783586 -0.075380798581884137 0.18027950403960169 -0.031235225247624128 -0.059912593236991343 -0.066054079929987589 0.13286158007880053 -0.083128968781481183 0.06303763101840841 0.12962970186285128 0.038383037284016611 -0.020967348868196664 -0.038469485193490985 -0.11903614562910957 -0.017072490113741703 0.16688350929568213 0.075320504172596836 0.1140281199747997 -0.11585833824356087 0.1603960923237514 0.0056054232227797443 -0.1431245331466198 0.070730666033923625 0.010346964061526317 0.11163987826762929 0.032740527838468557 -0.061551535125034897 -0.0075175065901225474 0.049804138421693456 -0.050298784327568472
leaf_weight=23 60 36 37 23 98 30 24 21 29 34 25 22 20 37 510 24 43 31 64 79 1540 20 65 28 36 20 258 294 92 97
leaf_count=23 60 36 37 23 98 30 24 21 29 34 25 22 20 37 510 24 43 31 64 79 1540 20 65 28 36 20 258 294 92 97
internal_value=7.64179e-11 -0.0013536 0.0163144 0.0991989 -0.0057881 0.0381237 -0.0309683 0.032066 -0.00260222 0.000382218 0.00119907 0.0704666 1.75344e-05 -0.0555607 0.00108734 0.0735412 8.3888e-05 0.00483502 0.00337974 0.00652158 0.013469 0.0765417 0.0204118 0.121131 -0.0135727 -0.0804777 -0.0184922 0.00548148 -0.0361908 -0.00157144
internal_weight=3720 3435 285 60 225 82 143 45 59 3375 3339 56 3283 62 3221 44 3177 2357 2326 2242 1732 192 85 107 820 84 777 330 447 189
internal_count=3720 3435 285 60 225 82 143 45 59 3375 3339 56 3283 62 3221 44 3177 2357 2326 2242 1732 192 85 107 820 84 777 330 447 189
is_linear=0
shrinkage=0.05


Tree=72
num_leaves=31
num_cat=0
split_feature=2 5 5 7 3 3 1 8 3 8 3 8 0 3 2 5 5 2 7 9 1 1 5 2 4 2 0 0 4 0
split_gain=34.0205 36.7054 137.967 136.556 138.935 138.172 151.254 244.112 149.753 234.321 129.577 129.421 187.381 145.726 201.43 183.895 171.954 150.493 173.037 141.938 134.366 118.881 118.4 110.49 107.309 132.198 381.211 211.941 183.492 391.288
threshold=8.6428571428571441 14.894500689213002 15.314633149065839 0.099120481556777815 6.3433504741654705 8.1196409575129174 20.500000000000004 4.5000000000000009 5.698788509515901 2.5000000000000004 6.0118929750002357 4.5000000000000009 4.5000000000000009 7.1580790187099312 18.214285714285719 16.307379035362978 16.873550372432071 16.214285714285719 0.17259510097495093 1.5000000000000002 12.500000000000002 11.500000000000002 15.820092460196117 19.071428571428573 13.181933661273421 14.642857142857144 11.500000000000002 15.500000000000002 15.626960826278658 22.500000000000004
decision_type=2 2 2 2 2 2 2 2 2 2 2 2 2 2 2 2 2 2 2 2 2 2 2 2 2 2 2 2 2 2
left_child=-1 -2 3 4 -3 6 7 8 -5 21 -9 12 -4 14 17 22 -17 18 -13 -14 -19 -10 -15 -16 -21 26 -26 -28 29 -27
right_child=1 2 11 5 -6 -7 -8 10 9 -11 -12 13 19 15 23 16 -18 20 -20 24 -22 -23 -24 -25 25 28 27 -29 -30 -31
leaf_value=0.052160587233881797 -0.0048515706599017976 -0.13287740858892602 -0.14031347744166853 0.011317970738585655 0.041078011556105187 -0.011102063460275532 0.14647129787955174 0.047299626469612124 -0.0248545733413526 0.20777896852829519 -0.11254086832050235 -0.11603510409593583 0.094447217695415031 0.043825465116811839 0.16184011347612126 -0.071980078207949799 0.10548352843948774 0.0025961414060514908 0.054900610342360379 -0.1272800100594759 -0.14907070692628621 0.11727772124351994 0.15497755738347771 0.0051062421026554982 0.17248875999616253 -0.11349462864495684 -0.15236788127449868 0.055997420990696323 -0.0036931806691581203 0.062042120395397596
leaf_weight=31 2069 24 28 58 22 90 43 21 28 39 32 20 32 46 23 39 21 23 57 20 40 31 50 22 36 114 23 26 568 44
leaf_count=31 2069 24 28 58 22 90 43 21 28 39 32 20 32 46 23 39 21 23 57 20 40 31 50 22 36 114 23 26 568 44
internal_value=4.83875e-11 -0.000438324 0.0051981 0.031199 -0.0496813 0.0420777 0.0610705 0.0434999 0.0749968 0.112684 -0.0492078 -0.00299051 -0.013016 0.0232051 -0.00680986 0.0587999 -0.00986782 -0.0363892 0.0105017 -0.00888584 -0.0937003 0.0498251 0.101717 0.0852147 -0.012865 -0.0100434 0.0489537 -0.0418067 -0.0169508 -0.064611
internal_weight=3720 3689 1620 388 46 342 252 209 156 98 53 1232 891 341 185 156 60 140 77 863 63 59 96 45 831 811 85 49 726 158
internal_count=3720 3689 1620 388 46 342 252 209 156 98 53 1232 891 341 185 156 60 140 77 863 63 59 96 45 831 811 85 49 726 158
is_linear=0
shrinkage=0.05


Tree=73
num_leaves=31
num_cat=0
split_feature=5 5 7 4 4 8 2 2 5 4 4 3 2 7 7 1 4 7 2 3 4 2 5 3 3 1 4 9 4 9
split_gain=34.3354 132.899 226.031 113.821 141.796 92.5017 88.8107 79.0778 54.7458 80.4389 129.524 234.826 118.937 101.183 127.613 150.822 157.048 126.355 92.4434 275.584 138.402 179.218 175.624 144.764 162.257 201.349 139.024 178.034 170.354 306.783
threshold=17.034473924761382 16.737414395340434 0.49919894374383444 18.740961113212084 17.820580980611748 2.5000000000000004 19.928571428571434 19.785714285714288 16.661330532157159 17.289398909768494 17.009895004831453 7.9162280580252782 17.357142857142858 0.79660847639780885 0.73169975857297553 7.5000000000000009 17.444833100412477 0.3399373058190811 17.357142857142858 5.7569833370313974 15.658689860371426 14.642857142857144 14.316178486548731 9.1078197694278646 7.1080094473407138 15.500000000000002 15.374103592775327 2.5000000000000004 15.207003296631548 4.5000000000000009
decision_type=2 2 2 2 2 2 2 2 2 2 2 2 2 2 2 2 2 2 2 2 2 2 2 2 2 2 2 2 2 2
left_child=1 7 -3 4 -2 -5 -7 8 9 10 18 12 -12 14 15 17 -17 -11 20 -20 26 -22 -23 24 -24 -26 28 -28 -1 -30
right_child=3 2 -4 5 -6 6 -8 -9 -10 13 11 -13 -14 -15 -16 16 -18 -19 19 -21 21 22 23 -25 25 -27 27 -29 29 -31
leaf_value=-0.0027008898754596992 -0.0027368468071880016 -0.015684797242283822 0.16430404001113141 -0.043841699725733353 -0.1619632944740631 -0.0073323527108068061 0.13318620439280163 -0.069443073609798428 -0.070514322458593945 0.004842933907133082 -0.16597051089629533 0.064069956082564147 -0.019026068420637223 -0.069303740285061019 0.15378023632918486 0.13058498608677283 -0.0066702940243271161 0.15570548253399985 -0.21169937402009964 -0.010341650844279645 -0.035116733274544065 0.1418319008871913 0.017142339973562942 -0.068461738210735909 0.16939290226139922 0.019671802638575091 -0.17101951784525926 -0.023190072362132847 0.13291144952556844 -0.07057117663875774
leaf_weight=2209 29 37 33 39 27 23 22 41 27 23 40 26 21 27 20 23 222 35 20 113 92 40 202 33 47 43 26 94 59 27
leaf_count=2209 29 37 33 39 27 23 22 41 27 23 40 26 21 27 20 23 222 35 20 113 92 40 202 33 47 43 26 94 59 27
internal_value=1.93018e-10 0.000949931 0.0691671 -0.0242911 -0.0795067 0.0125194 0.0613656 -0.000410525 0.000405368 0.000961682 -0.00160997 -0.0617534 -0.115383 0.0236804 0.031453 0.0233786 0.0062149 0.0958807 0.00013129 -0.040621 0.0020185 0.0272503 0.0429703 0.0308027 0.0420209 0.0978595 -0.00275623 -0.0552198 -1.30335e-05 0.0690274
internal_weight=3720 3580 70 140 56 84 45 3510 3469 3442 3092 87 61 350 323 303 245 58 3005 133 2872 457 365 325 292 90 2415 120 2295 86
internal_count=3720 3580 70 140 56 84 45 3510 3469 3442 3092 87 61 350 323 303 245 58 3005 133 2872 457 365 325 292 90 2415 120 2295 86
is_linear=0
shrinkage=0.05


Tree=74
num_leaves=31
num_cat=0
split_feature=5 5 7 3 5 2 4 4 4 8 7 7 4 5 7 2 4 2 2 5 3 3 4 3 4 2 5 7 4 7
split_gain=30.9877 119.941 203.993 103.613 73.6241 125.997 138.734 277.047 89.1414 110.334 92.4147 139.733 85.0817 202.999 157.393 257.326 188.375 147.114 130.069 160.054 225.443 140.763 134.171 370.295 156.672 169.822 141.278 131.911 354.101 221.6
threshold=17.034473924761382 16.737414395340434 0.49919894374383444 6.049399492719167 16.291758455811983 15.785714285714286 19.205305226628635 18.390028135169299 17.053665462376184 4.5000000000000009 0.60907250044297279 0.24190402353663734 17.289398909768494 16.003217087141039 0.53615226711019826 17.500000000000004 17.558489049135996 16.214285714285719 17.357142857142858 15.965178317552272 6.2373681873657283 7.2899147555274757 17.009895004831453 7.9162280580252782 15.658689860371426 14.642857142857144 14.316178486548731 0.45838697673384565 16.234184847128436 0.56002766149172967
decision_type=2 2 2 2 2 2 2 2 2 2 2 2 2 2 2 2 2 2 2 2 2 2 2 2 2 2 2 2 2 2
left_child=1 4 -3 -2 12 -6 7 8 9 -7 11 -10 18 14 16 17 -14 -16 22 20 -20 -22 24 -24 -1 -26 -27 -28 -29 -30
right_child=3 2 -4 -5 5 6 -8 -9 10 -11 -12 -13 13 -15 15 -17 -18 -19 19 -21 21 -23 23 -25 25 26 27 28 29 -31
leaf_value=-0.002267276739280409 -0.094844576016672566 -0.014900554182964402 0.15608883396242604 0.0027042265692092844 -0.12043896601535381 -0.027737121986491343 -0.094664815533906224 0.17831119887885594 -0.11234195746481419 0.11723191156273796 -0.14885553926229478 0.072324297719058545 0.089556717579918246 0.10148006674434458 0.082572067107843317 0.18589457096876924 -0.054938995743025867 -0.094388406847914066 -0.14114733317068645 -0.15342213696446913 0.13873455360531808 -0.016546375856355388 -0.17075034288840521 0.084728494156961862 -0.031089761053745668 0.13474030455574393 0.063748006519115372 0.088306009857836432 -0.20088523030281069 -0.015441078190900842
leaf_weight=2389 37 37 33 103 32 35 40 21 20 21 20 21 28 70 23 27 116 24 28 29 20 54 37 23 89 40 171 59 24 49
leaf_count=2389 37 37 33 103 32 35 40 21 20 21 20 21 28 70 23 27 116 24 28 29 20 54 37 23 89 40 171 59 24 49
internal_value=-2.32039e-10 0.000902434 0.0657087 -0.0230765 -0.000389999 -0.0290961 -0.0126749 0.0110903 -0.0189237 0.0266263 -0.06074 -0.0177568 0.00143675 0.0274002 0.00361309 0.0628782 -0.0268426 -0.00779073 -0.00104581 -0.0497724 -0.0203033 0.0254214 0.0011698 -0.0728168 0.00274343 0.0304531 0.0464219 0.0347627 -0.00278639 -0.076409
internal_weight=3720 3580 70 140 3510 210 178 138 117 56 61 41 3300 288 218 74 144 47 3012 131 102 74 2881 60 2821 432 343 303 132 73
internal_count=3720 3580 70 140 3510 210 178 138 117 56 61 41 3300 288 218 74 144 47 3012 131 102 74 2881 60 2821 432 343 303 132 73
is_linear=0
shrinkage=0.05


Tree=75
num_leaves=31
num_cat=0
split_feature=3 3 8 3 3 5 7 3 4 4 0 7 5 5 0 0 2 0 7 0 1 5 5 7 4 0 4 7 5 1
split_gain=31.6637 175.55 133.229 235.234 157.348 135.735 272.129 219.829 214.337 217.857 198.461 203.019 196.069 179.309 149.063 131.058 193.096 134.66 129.534 185.589 126.031 269.656 182.307 193.526 153.628 149.958 122.029 125.112 138.94 140.688
threshold=5.7569833370313974 5.9120538692049323 1.5000000000000002 5.6778600932125114 5.6103645582252941 13.69509551906698 0.21990763771487346 4.1604706010168817 12.502081449950319 11.736031821760465 15.500000000000002 0.30924324901746708 12.929229980032767 13.204267203419748 9.5000000000000018 18.500000000000004 15.214285714285717 12.500000000000002 0.011325859094010101 17.500000000000004 10.500000000000002 13.912681274774092 15.630940661379233 0.59276329513865866 14.138390172764355 14.500000000000002 12.911293469759967 0.20042780527416262 14.945246942698981 12.500000000000002
decision_type=2 2 2 2 2 2 2 2 2 2 2 2 2 2 2 2 2 2 2 2 2 2 2 2 2 2 2 2 2 2
left_child=2 15 4 5 20 6 13 26 9 -9 11 -8 -12 -4 -10 16 17 -2 19 -3 24 -22 23 -23 -1 -26 -7 -28 -29 -30
right_child=1 18 3 -5 -6 7 10 8 14 -11 12 -13 -14 -15 -16 -17 -18 -19 -20 -21 21 22 -24 -25 25 -27 27 28 29 -31
leaf_value=0.093500392584411327 -0.043323187110945585 0.18250624460532616 -0.099254557617167213 0.14243613891303539 -0.14097818863391876 0.048406079305069794 0.15657448588359743 0.041580847110599284 0.10220706440148908 -0.17448309165026463 0.04730900213831947 0.012533063634202399 0.25272165624281534 0.073701501028104272 0.01414071752361077 -0.14878456980893107 -0.16109255752060564 0.11962247831480843 -0.001907649165673945 -0.025751732923090461 -0.11926881824693983 0.092640355253030382 -0.097861730553690462 -0.058352291327901186 -0.13492086112499238 0.038587738048623914 0.0060733097738453323 -0.19232481395183107 -0.14861889138817788 0.038922853991389277
leaf_weight=53 32 23 47 36 25 21 31 20 57 28 21 116 26 22 306 33 20 21 2418 20 63 63 31 32 20 33 28 34 20 20
leaf_count=53 32 23 47 36 25 21 31 20 57 28 21 116 26 22 306 33 20 21 2418 20 63 63 31 32 20 33 28 34 20 20
internal_value=9.84731e-11 -0.00309158 0.006883 0.0174173 -0.0205392 0.0117703 0.0411725 -0.00271055 0.0148393 -0.0844565 0.0715046 0.0429091 0.160942 -0.0441091 0.0279693 -0.0660945 -0.028714 0.0212402 -0.00037793 0.0856421 -0.0103325 -0.0348073 0.00742346 0.0417797 0.0333066 -0.0268872 -0.0613527 -0.0839501 -0.118013 -0.054848
internal_weight=3720 2567 1153 833 320 797 263 534 411 48 194 147 47 69 363 106 73 53 2461 43 295 189 126 95 106 53 123 102 74 40
internal_count=3720 2567 1153 833 320 797 263 534 411 48 194 147 47 69 363 106 73 53 2461 43 295 189 126 95 106 53 123 102 74 40
is_linear=0
shrinkage=0.05


Tree=76
num_leaves=31
num_cat=0
split_feature=2 3 2 7 3 3 7 0 4 5 8 5 5 5 5 2 4 4 9 2 2 7 7 7 4 4 3 3 8 1
split_gain=31.4602 49.1945 41.7714 146.739 128.48 252.42 158.685 174.6 119.482 120.125 107.537 91.5299 52.7379 108.799 257.437 238.723 125.408 65.7459 159.817 256.96 159.238 180.614 90.3178 92.8182 69.8438 106.747 88.3978 143.289 214.392 131.407
threshold=8.9285714285714306 5.214446791510122 10.928571428571431 0.10997748931255542 6.2163376255910707 6.6726154385997924 0.54832137687450644 10.500000000000002 10.855392144112175 12.433071358026245 3.5000000000000004 12.021048871938655 12.347545727132077 12.68823578906972 12.78901861878987 12.357142857142859 11.382655915535119 11.705850804872407 3.5000000000000004 12.928571428571431 11.357142857142859 0.43179026241201307 0.63209106626866596 0.28755196164259073 11.866310293411541 11.948291405317837 3.7859388972001922 3.6774675532904193 2.5000000000000004 17.500000000000004
decision_type=2 2 2 2 2 2 2 2 2 2 2 2 2 2 2 2 2 2 2 2 2 2 2 2 2 2 2 2 2 2
left_child=1 -1 3 -2 6 -6 8 -8 9 -5 -7 -4 -13 15 -15 16 -14 18 20 22 -16 -22 23 -20 -19 -26 27 28 -27 -30
right_child=2 -3 11 4 5 10 7 -9 -10 -11 -12 12 13 14 17 -17 -18 24 19 -21 21 -23 -24 -25 25 26 -28 -29 29 -31
leaf_value=-0.001805923211163488 0.081494805077090865 0.10012647390365602 0.094445861990635219 -0.079548612695473891 -0.22783785889094529 0.021872828243986557 0.12794806661291255 -0.042091647163033485 -0.11204822391271592 0.06514166437555105 -0.11165075659751894 -0.06464358625873444 0.069929142296314237 -0.15149743663413184 -0.13393261742524126 0.1515922094921808 -0.10126431958506937 -0.064252735683044723 0.088873973417849778 -0.063524906213084861 -0.069801887196879228 0.091887669227062138 0.04122525524525416 0.231462890625 0.11505352087318897 0.075521985762752597 0.00099079817291379373 -0.14874819752573967 -0.13152722100678244 0.012738356435740436
leaf_weight=29 32 20 26 26 22 38 36 26 40 32 25 31 20 28 22 37 23 43 21 24 31 39 21 25 20 40 2853 25 38 27
leaf_count=29 32 20 26 26 22 38 36 26 40 32 25 31 20 28 22 37 23 43 21 24 31 39 21 25 20 40 2853 25 38 27
internal_value=9.5211e-11 0.0397991 -0.000531233 -0.0192008 -0.0323528 -0.0820298 -0.00596195 0.0566411 -0.045568 0.000280506 -0.0311127 0.000992474 0.00027104 0.000874083 -0.000540866 0.0584802 -0.0216395 0.000768141 0.029876 0.0768578 -0.0165952 0.0202823 0.127144 0.166368 -0.000980622 -7.46276e-05 -0.000846523 -0.0411686 -0.0155545 -0.0716015
internal_weight=3720 49 3671 277 245 85 160 62 98 58 63 3394 3368 3337 3257 80 43 3229 183 91 92 70 67 46 3046 3003 2983 130 105 65
internal_count=3720 49 3671 277 245 85 160 62 98 58 63 3394 3368 3337 3257 80 43 3229 183 91 92 70 67 46 3046 3003 2983 130 105 65
is_linear=0
shrinkage=0.05


Tree=77
num_leaves=31
num_cat=0
split_feature=3 3 7 3 2 1 9 3 4 5 8 7 5 0 3 4 7 5 5 0 7 8 7 8 5 0 2 1 5 2
split_gain=32.1964 158.557 207.495 180.721 174.757 158.009 138.691 158.787 273.671 150.142 132.371 127.235 96.823 165.437 130.647 96.4587 96.1106 251.706 102.42 139.34 110.427 89.8162 147.598 107.589 174.623 171.076 178.926 115.277 218.792 288.72
threshold=8.1196409575129174 7.7120808136449526 0.71424424827371569 7.6110819849777114 14.357142857142859 6.5000000000000009 1.5000000000000002 8.4571745635211268 15.207003296631548 16.203624186844724 1.5000000000000002 0.80758286107890453 16.459074711671622 16.500000000000004 9.0672085119855605 18.996924778698464 0.36098836124198014 16.094188440819046 15.659357055125772 17.500000000000004 0.14898274817078697 1.0000000180025095e-35 0.38268451244590385 3.5000000000000004 15.518804696490298 4.5000000000000009 13.071428571428573 12.500000000000002 14.915921125073064 15.357142857142859
decision_type=2 2 2 2 2 2 2 2 2 2 2 2 2 2 2 2 2 2 2 2 2 2 2 2 2 2 2 2 2 2
left_child=1 3 5 -1 -5 -3 -2 8 10 -10 -8 -4 21 15 -15 -14 18 -18 19 20 -7 22 -9 27 25 -25 -27 -23 -29 -30
right_child=6 2 11 4 -6 16 7 12 9 -11 -12 -13 13 14 -16 -17 17 -19 -20 -21 -22 23 -24 24 -26 26 -28 28 29 -31
leaf_value=0.00077509894100731536 0.11765468021233877 0.12277857057990567 0.19511192671954633 0.025016208365559581 -0.13653622483636471 0.041485877131873912 -0.013057976247121891 -0.025428586065769195 0.063997763723134996 -0.098097445815801626 -0.14990799665423249 0.036804139038378543 -0.20085534390062093 0.11170843037776651 -0.061322982751516979 -0.047426124990341212 -0.067723839828509033 0.12898963820189238 -0.051149454774955909 -0.02382150676388007 0.19817516142907352 -0.064000429436195605 0.1356347548239159 -0.13755766579083034 0.090754556976447728 0.14285456998192744 -0.01037190032804066 0.078681033156041455 -0.17992207038181801 0.033919287512176918
leaf_weight=2589 21 31 30 26 47 22 24 25 50 20 67 22 20 20 24 21 87 20 24 26 23 101 33 21 69 23 111 58 27 38
leaf_count=2589 21 31 30 26 47 22 24 25 50 20 67 22 20 20 24 21 87 20 24 26 23 101 33 21 69 23 111 58 27 38
internal_value=1.33875e-10 0.00238233 0.0378273 -0.00141249 -0.078997 0.0176726 -0.00908244 -0.0126216 -0.0566415 0.0176848 -0.113816 0.128136 -0.000629755 -0.0500075 0.0173277 -0.12227 0.00154253 -0.030955 0.038145 0.068329 0.121572 0.00766493 0.0662109 8.53152e-05 0.0245881 -0.00486669 0.0159282 -0.0244174 0.00808567 -0.0549071
internal_weight=3720 2947 285 2662 73 233 773 752 161 70 91 52 591 85 44 41 202 107 95 71 45 506 58 448 224 155 134 224 123 65
internal_count=3720 2947 285 2662 73 233 773 752 161 70 91 52 591 85 44 41 202 107 95 71 45 506 58 448 224 155 134 224 123 65
is_linear=0
shrinkage=0.05


Tree=78
num_leaves=31
num_cat=0
split_feature=5 5 7 3 3 1 8 8 3 3 8 0 9 1 5 3 3 4 4 2 0 0 4 0 0 2 1 8 3 2
split_gain=31.5605 124.937 118.198 128.382 117.028 134.339 216.651 135.208 242.192 117.945 108.451 170.68 121.641 117.046 131.543 94.4089 113.637 106.878 91.3119 121.645 339.983 188.111 159.789 347.531 166.89 127.217 110.448 197.322 122.55 106.225
threshold=14.894500689213002 15.314633149065839 0.099120481556777815 6.3433504741654705 8.1196409575129174 20.500000000000004 4.5000000000000009 2.5000000000000004 6.414269805898182 6.0118929750002357 4.5000000000000009 4.5000000000000009 1.5000000000000002 16.500000000000004 15.790873342820621 6.7046536787802129 4.9617585208318564 17.009895004831453 13.181933661273421 14.642857142857144 11.500000000000002 15.500000000000002 15.626960826278658 22.500000000000004 6.5000000000000009 16.071428571428573 19.500000000000004 2.5000000000000004 6.6278630192806824 15.785714285714286
decision_type=2 2 2 2 2 2 2 2 2 2 2 2 2 2 2 2 2 2 2 2 2 2 2 2 2 2 2 2 2 2
left_child=-1 2 3 -2 5 6 7 -4 -9 -8 11 -3 -13 14 -12 16 -15 -17 -14 20 -20 -22 23 26 -24 -25 27 28 -21 -26
right_child=1 10 4 -5 -6 -7 9 8 -10 -11 13 12 18 15 -16 17 -18 -19 19 22 21 -23 24 25 29 -27 -28 -29 -30 -31
leaf_value=-0.0040450004066418235 -0.12523549515753984 -0.13321869801729919 0.032387855001825401 0.041982817649841311 -0.0088345020140210787 0.13807042656942856 0.045764127657527021 0.045076271972140758 0.24420448747965007 -0.10673361103399658 -0.0020376680076293562 0.08787556253373624 -0.11701087623834611 0.018937805170814198 0.078571271095886713 0.083780553569603303 -0.12405169721918577 -0.034971269476227466 0.16439187184183135 0.019210954507191978 -0.14214442216831705 0.054157673424253094 -0.13215367284913856 0.14837016651318188 0.060067289141672003 -0.021843637331672338 -0.035039041926329201 -0.22557041556057006 -0.15372842326760294 -0.00591752311786566
leaf_weight=2100 24 28 93 22 90 43 21 37 26 32 87 32 20 24 121 36 33 40 36 21 23 26 24 21 70 23 37 36 20 474
leaf_count=2100 24 28 93 22 90 43 21 37 26 32 87 32 20 24 121 36 33 40 36 21 23 26 24 21 70 23 37 36 20 474
internal_value=2.69727e-11 0.00524352 0.0299863 -0.0452615 0.0401073 0.0575865 0.0410277 0.0707001 0.127256 -0.04631 -0.00254884 -0.0117262 -0.00778441 0.0214308 0.044855 -0.0152026 -0.0638456 0.0212796 -0.0114681 -0.00886529 0.0477281 -0.0379841 -0.0154912 -0.0599668 -0.00311951 0.0593948 -0.106036 -0.140152 -0.0651497 0.00257317
internal_weight=3720 1620 388 46 342 252 209 156 63 53 1232 891 863 341 208 133 57 76 831 811 85 49 726 158 568 44 114 77 41 544
internal_count=3720 1620 388 46 342 252 209 156 63 53 1232 891 863 341 208 133 57 76 831 811 85 49 726 158 568 44 114 77 41 544
is_linear=0
shrinkage=0.05


Tree=79
num_leaves=31
num_cat=0
split_feature=5 5 5 7 1 7 5 9 7 7 3 1 4 2 3 4 2 4 2 5 9 7 7 1 1 4 5 7 1 1
split_gain=31.4515 194.499 176.591 224.166 85.7629 134.424 165.833 93.8641 83.7554 184.629 82.9131 84.0838 78.4259 98.4939 107.237 67.4576 67.2011 128.815 81.2183 157.303 67.4846 135.114 219.193 133.9 304.444 175.482 241.119 166.717 123.891 151.091
threshold=12.65415813906198 12.78901861878987 12.493241519892832 0.57631018234129416 10.500000000000002 0.27015960959192747 12.204957873888466 4.5000000000000009 0.15565847947566844 0.29745207974185994 6.8660656232559525 16.500000000000004 9.8990604432868619 10.357142857142859 5.8716429111612793 11.609680379999725 10.928571428571431 10.855392144112175 11.214285714285717 13.452649411919372 4.5000000000000009 0.85079024139261561 0.82006998554388677 8.5000000000000018 10.500000000000002 15.516833353730119 14.999472908476461 0.66459817243039943 5.5000000000000009 11.500000000000002
decision_type=2 2 2 2 2 2 2 2 2 2 2 2 2 2 2 2 2 2 2 2 2 2 2 2 2 2 2 2 2 2
left_child=2 15 4 -4 5 -1 -7 8 -6 -10 11 -11 -3 14 -14 -2 17 -15 19 -18 21 22 23 -20 25 27 -27 -25 -22 -30
right_child=1 12 3 -5 7 6 -8 -9 9 10 -12 -13 13 16 -16 -17 18 -19 20 -21 28 -23 -24 24 -26 26 -28 -29 29 -31
leaf_value=0.13035439767230014 -0.14357395159080624 -0.073141943177001345 0.16837504033905429 -0.030401843057378482 -0.12371962845877366 0.05691313495238623 -0.12265666782855988 0.060268937289714809 0.1065889909153893 -0.16170399737358096 0.023592345621436833 -0.032024526834487914 0.12246230543755435 0.036048403561115265 -0.01920996162701737 -0.037541262358427051 -0.035172434486448766 -0.11087078017535042 -0.016640803923781314 0.15469254013150932 0.051250880946006099 0.10798469599216216 -0.076390724848689778 0.15163744382465943 0.0051060304075007806 -0.1335706877335906 0.064958295839337196 0.0096469959909362465 -0.053703319024901053 -0.0040756247083386671
leaf_weight=26 30 36 37 23 27 36 20 25 21 25 20 25 34 25 22 30 20 37 510 24 70 31 84 79 1540 20 65 28 215 535
leaf_count=26 30 36 37 23 27 36 20 25 21 25 20 25 34 25 22 30 20 37 510 24 70 31 84 79 1540 20 65 28 215 535
internal_value=4.63713e-11 -0.00132427 0.015961 0.0921772 -0.00436333 0.0364019 -0.00721894 -0.0277392 -0.046385 -0.0234395 -0.0624481 -0.0968643 0.000262096 0.00105351 0.0668053 -0.0905576 -6.80526e-05 -0.0516292 0.000924431 0.0683903 -9.94026e-06 0.0042883 0.00290628 0.00587726 0.0125079 0.0718768 0.0182456 0.114481 -0.0123648 -0.0183022
internal_weight=3720 3435 285 60 225 82 56 143 118 91 70 50 3375 3339 56 60 3283 62 3221 44 3177 2357 2326 2242 1732 192 85 107 820 750
internal_count=3720 3435 285 60 225 82 56 143 118 91 70 50 3375 3339 56 60 3283 62 3221 44 3177 2357 2326 2242 1732 192 85 107 820 750
is_linear=0
shrinkage=0.05


Tree=80
num_leaves=31
num_cat=0
split_feature=2 7 2 5 7 3 3 9 2 7 2 7 8 3 5 3 5 7 7 7 1 4 5 9 4 3 9 4 3 7
split_gain=31.895 35.1677 135.062 208.164 105.497 138.624 129.844 72.8887 57.6992 121.078 152.247 122.634 94.3704 145.632 137.669 105.144 84.6885 66.3585 87.6674 84.6056 276.587 138.959 152.606 140.8 57.155 244.288 138.428 188.147 78.5151 192.787
threshold=8.6428571428571441 0.040506361211769308 12.928571428571431 13.659177539888379 0.027250961960885303 6.3919581492782198 7.6110819849777114 3.5000000000000004 10.928571428571431 0.54832137687450644 10.500000000000002 0.46235292041081527 2.5000000000000004 4.8452234702013941 12.65415813906198 6.0808047693839553 12.021048871938655 0.050315332460686611 0.056450228405314364 0.099120481556777815 8.5000000000000018 17.202787520125771 15.068807265785582 3.5000000000000004 11.10378243491982 5.5248340202785045 4.5000000000000009 10.581361185473959 4.0708019567928604 0.75964736878861505
decision_type=2 2 2 2 2 2 2 2 2 2 2 2 2 2 2 2 2 2 2 2 2 2 2 2 2 2 2 2 2 2
left_child=-1 2 7 -4 5 -5 -7 -2 9 11 -11 12 13 -3 -14 -15 -10 -18 -19 20 -20 22 23 -22 25 -21 27 -27 29 -26
right_child=1 8 3 4 -6 6 -8 -9 16 10 -12 -13 14 15 -16 -17 17 18 19 24 21 -23 -24 -25 28 26 -28 -29 -30 -31
leaf_value=0.05050488715210269 0.034890366780261202 -0.095808499238707809 -0.14878500203291575 -0.092989903688430797 0.08855436908081174 0.12330045035481454 -0.023419415744903842 0.16088794212449681 0.091960863828659062 0.06317170713754261 -0.065172096671802668 -0.15129203569889071 -0.0031857705581933259 0.14345330595970154 -0.13436749448999763 -0.0057203452896188809 -0.061403673548590054 0.090136505470231734 -0.17280534534404676 0.18178249367553256 -0.094456537404368004 -0.11016124275823434 0.12244762251419682 0.051871694858585088 -0.055160238213864149 -0.13429248636138852 0.098321319580078129 0.039068331854308358 0.0021305226278623022 0.11094503045082092
leaf_weight=31 24 22 21 32 40 25 38 22 25 68 35 25 40 21 40 27 44 27 30 23 31 24 28 35 138 29 25 34 2696 20
leaf_count=31 24 22 21 32 40 25 38 22 25 68 35 25 40 21 40 27 44 27 30 23 31 24 28 35 138 29 25 34 2696 20
internal_value=-1.62561e-10 -0.000424411 0.0198589 -0.0023424 0.0204376 -0.00824319 0.0348028 0.0951501 -0.00159941 -0.0234514 0.0195597 -0.0487666 -0.031679 0.0107183 -0.0687766 0.0595431 0.00029366 -0.000426089 0.000428374 -0.000349692 -0.0372442 -0.00277949 0.0246371 -0.0168582 0.00149192 0.0366925 -0.0012287 -0.0407327 0.000122872 -0.0341343
internal_weight=3720 3689 202 156 135 95 63 46 3487 278 103 175 150 70 80 48 3209 3184 3140 3113 148 118 94 66 2965 111 88 63 2854 158
internal_count=3720 3689 202 156 135 95 63 46 3487 278 103 175 150 70 80 48 3209 3184 3140 3113 148 118 94 66 2965 111 88 63 2854 158
is_linear=0
shrinkage=0.05


Tree=81
num_leaves=31
num_cat=0
split_feature=3 3 8 3 3 3 5 5 7 3 4 4 0 7 5 5 0 0 2 4 0 1 0 3 7 7 4 4 7 5
split_gain=31.3108 156.628 126.161 210.141 142.541 123.778 152.045 121.298 242.301 176.964 200.569 189.555 176.677 184.603 169.231 157.812 128.726 115.607 171.383 127.643 113.244 155.277 122.793 119.945 240.309 184.005 163.97 107.268 109.12 119.94
threshold=5.7569833370313974 5.9120538692049323 1.5000000000000002 5.6778600932125114 5.6103645582252941 6.049399492719167 15.89383194328604 13.69509551906698 0.21990763771487346 4.1604706010168817 12.502081449950319 11.736031821760465 15.500000000000002 0.30924324901746708 12.929229980032767 13.204267203419748 9.5000000000000018 18.500000000000004 15.214285714285717 13.56841421506452 13.500000000000002 16.500000000000004 17.500000000000004 4.4239607334862976 0.41147502190175195 0.55507883563575788 13.986592323369248 12.911293469759967 0.20042780527416262 14.945246942698981
decision_type=2 2 2 2 2 2 2 2 2 2 2 2 2 2 2 2 2 2 2 2 2 2 2 2 2 2 2 2 2 2
left_child=2 17 4 7 20 6 -3 8 15 27 11 -11 13 -10 -14 -4 -12 18 19 -2 23 -22 -23 24 -1 26 -25 -9 -29 -30
right_child=1 5 3 -5 -6 -7 -8 9 12 10 16 -13 14 -15 -16 -17 -18 -19 -20 -21 21 22 -24 25 -26 -27 -28 28 29 -31
leaf_value=-0.087818967907325088 -0.043273839820176366 0.021748494488270126 -0.092653557261888023 0.13525841573460237 -0.13447221036441623 -0.0030940342497581298 0.16419190926396329 0.048360836692154408 0.14958142090228296 0.035327602662146095 0.095504420188566058 -0.16621390358944024 0.046990637552170533 0.012228324367054578 0.23782757854518982 0.069603844918310648 0.013665935190187562 -0.14024762691873494 -0.15219127029180526 0.11536970120810329 0.056389196595642725 0.03107258823513985 -0.12138403853667634 0.062175705596323939 0.14332665694369512 -0.15406409799144039 -0.10992979192733765 0.0083407045208982056 -0.17658817899577761 -0.048856719825416811
leaf_weight=23 32 101 47 36 25 2337 23 21 31 20 57 28 21 116 26 22 306 33 20 21 100 25 28 31 22 41 25 28 34 40
leaf_count=23 32 101 47 36 25 2337 23 21 31 20 57 28 21 116 26 22 306 33 20 21 100 25 28 31 22 41 25 28 34 40
internal_value=-1.05883e-10 -0.00307431 0.00684453 0.0170956 -0.0198403 -0.000511071 0.0481695 0.0117583 0.0395528 -0.00193082 0.0138153 -0.0822383 0.0681744 0.0411939 0.15256 -0.0409193 0.0265166 -0.0625849 -0.027477 0.0195849 -0.0101257 0.0197188 -0.0494705 -0.0422822 0.0251856 -0.0735817 -0.0146571 -0.0545459 -0.0757326 -0.107544
internal_weight=3720 2567 1153 833 320 2461 124 797 263 534 411 48 194 147 47 69 363 106 73 53 295 153 53 142 45 97 56 123 102 74
internal_count=3720 2567 1153 833 320 2461 124 797 263 534 411 48 194 147 47 69 363 106 73 53 295 153 53 142 45 97 56 123 102 74
is_linear=0
shrinkage=0.05


Tree=82
num_leaves=31
num_cat=0
split_feature=5 1 0 5 7 7 5 2 1 3 4 4 7 5 4 7 1 5 0 7 7 0 5 9 2 5 1 9 5 3
split_gain=30.3478 69.4502 104.486 47.38 216.96 188.017 178.677 68.0533 58.0552 49.4604 122.68 65.4937 181.739 292.841 187.847 117.318 80.8001 60.4845 145.519 93.9345 74.6357 72.4672 140.065 147.852 166.083 131.437 129.596 158.177 293.761 119.902
threshold=17.294418306914732 15.500000000000002 19.500000000000004 16.737414395340434 0.49919894374383444 0.12017825400367711 16.912558006388416 19.785714285714288 16.500000000000004 10.179344164485626 14.545648438279873 18.390028135169299 0.44576807838270699 15.820092460196117 19.094209991429775 0.16126320448096124 2.5000000000000004 16.291758455811983 21.500000000000004 0.66120064304911452 0.26616315684262332 19.500000000000004 13.488134550659803 4.5000000000000009 13.928571428571431 12.578170000187608 13.500000000000002 3.5000000000000004 15.916076946909067 4.9617585208318564
decision_type=2 2 2 2 2 2 2 2 2 2 2 2 2 2 2 2 2 2 2 2 2 2 2 2 2 2 2 2 2 2
left_child=3 2 -2 7 5 -5 -6 9 -7 11 -11 16 13 -13 -14 -15 -1 21 19 20 -19 -18 23 24 25 -23 29 -28 -29 -24
right_child=1 -3 -4 4 6 8 -8 -9 -10 10 -12 12 14 15 -16 -17 17 18 -20 -21 -22 22 26 -25 -26 -27 27 28 -30 -31
leaf_value=-0.076806760623174555 -0.052686135257993427 -0.082209433064175164 0.096946352645754824 0.097299482265398626 0.21519571603699164 -0.1306452261215007 0.032323454388910357 -0.064434955596196941 -0.021225532137032134 0.031113498067217218 -0.094319045780734578 -0.18400930672883989 0.16627683757167114 0.13614011773839593 0.0018569672596640886 -0.029439946425997694 0.0061495406291118384 -0.099970114007592203 0.042573225940577691 -0.16092548107817062 0.004358057184144855 -0.069317061745602149 -0.087176451832056051 -0.17809475686239162 -0.13411302216075086 0.091996512455599644 -0.063969655143994872 0.030199590001417243 -0.16459125513634221 0.035076505163585001
leaf_weight=34 28 36 20 21 22 27 34 41 22 35 44 20 38 20 32 23 2416 30 44 21 40 23 22 23 27 28 139 161 22 227
leaf_count=34 28 36 20 21 22 27 34 41 22 35 44 20 38 20 32 23 2416 30 44 21 40 23 22 23 27 28 139 161 22 227
internal_value=1.7064e-10 -0.0297122 0.00966073 0.000686421 0.0308112 -0.0278728 0.104166 -0.000394981 -0.081518 0.000361905 -0.0387477 0.00127331 0.035665 -0.0259445 0.0911135 0.047574 -0.00013108 0.000677786 -0.0320814 -0.0681782 -0.040354 0.00210994 -0.0124134 -0.0666893 -0.033839 0.0192473 -0.00281291 -0.0237598 0.00678211 0.024275
internal_weight=3720 84 48 3636 126 70 56 3510 49 3469 79 3390 133 63 70 43 3257 3223 135 91 70 3088 672 101 78 51 571 322 183 249
internal_count=3720 84 48 3636 126 70 56 3510 49 3469 79 3390 133 63 70 43 3257 3223 135 91 70 3088 672 101 78 51 571 322 183 249
is_linear=0
shrinkage=0.05


Tree=83
num_leaves=31
num_cat=0
split_feature=5 5 7 3 3 1 8 3 9 8 3 5 3 4 7 7 5 7 7 5 4 2 3 0 8 3 0 0 3 0
split_gain=29.8116 110.024 102.388 113.903 103.546 120.733 193.561 122.351 223.633 291.612 106.711 99.7763 95.8164 211.845 99.368 249.324 186.626 195.551 139.131 141.674 135.872 208.394 123.158 112.791 142.529 109.516 108.745 134.896 131.15 125.173
threshold=14.894500689213002 15.314633149065839 0.099120481556777815 6.3433504741654705 8.1196409575129174 20.500000000000004 4.5000000000000009 5.698788509515901 2.5000000000000004 2.5000000000000004 6.0118929750002357 15.389047006981789 3.3058370287123595 12.336675256445186 0.77279574640276405 0.74972450292056825 12.78901861878987 0.78411548783517437 0.846258922572793 14.218677271985952 12.470380020785448 13.214285714285717 6.2373681873657283 26.500000000000004 2.5000000000000004 6.0808047693839553 22.500000000000004 19.500000000000004 5.652643713553938 24.500000000000004
decision_type=2 2 2 2 2 2 2 2 2 2 2 2 2 2 2 2 2 2 2 2 2 2 2 2 2 2 2 2 2 2
left_child=12 2 3 -2 5 6 7 -4 -9 -10 -8 -3 13 -1 15 23 -16 -18 19 20 -19 -22 -17 26 -25 -21 27 -14 -29 -28
right_child=1 11 4 -5 -6 -7 10 8 9 -11 -12 -13 14 -15 16 22 17 18 -20 25 21 -23 -24 24 -26 -27 29 28 -30 -31
leaf_value=0.16203010639658683 -0.11704885375996431 -0.054819247051186508 0.0089668425667131773 0.040458185970783239 -0.0083013698872592724 0.13047635763190513 0.043505434620948066 -0.039794364232908601 0.057703880991109395 0.25607473142445086 -0.10154764179605991 0.0016326538145437495 -0.0037262415393717729 -0.028142844431567938 -0.071611723485516351 -0.20481013085531152 0.18269574649874931 -0.028715739662156389 0.13858726440618438 0.034776473570276391 0.20794052183628084 0.0071561767387070836 -0.047360976357702859 0.014786659032106401 -0.16429190516471864 -0.1075878087005445 0.076538287839364449 0.03426391147077084 -0.080743978934531863 -0.017124208970175636
leaf_weight=27 24 84 58 22 90 43 21 22 44 32 32 1148 1427 32 41 23 23 34 24 22 24 28 27 20 25 35 84 32 110 62
leaf_count=27 24 84 58 22 90 43 21 22 44 32 32 1148 1427 32 41 23 23 34 24 22 24 28 27 20 25 35 84 32 110 62
internal_value=-1.39154e-10 0.00509617 0.0283153 -0.0417194 0.0377351 0.0541767 0.0384787 0.0665254 0.100591 0.141228 -0.0440738 -0.00221634 -0.00393133 0.0588855 -0.0057472 -0.00968849 0.0251348 0.0460117 0.0271869 0.00849035 0.0490071 0.0998259 -0.119788 -0.00656068 -0.0847014 -0.0526402 -0.00451033 -0.00835101 -0.0548267 0.0367638
internal_weight=3720 1620 388 46 342 252 209 156 98 76 53 1232 2100 59 2041 1810 231 190 167 143 86 52 50 1760 45 57 1715 1569 142 146
internal_count=3720 1620 388 46 342 252 209 156 98 76 53 1232 2100 59 2041 1810 231 190 167 143 86 52 50 1760 45 57 1715 1569 142 146
is_linear=0
shrinkage=0.05


Tree=84
num_leaves=31
num_cat=0
split_feature=7 7 7 2 5 9 8 5 5 9 4 7 4 7 4 1 5 4 7 5 5 7 0 7 2 5 3 5 7 2
split_gain=28.8905 51.3017 50.1678 137.807 105.365 114.194 194.31 51.1407 137.371 221.489 92.3572 122.68 103.983 71.6225 53.4699 103.495 179.481 85.2784 138.448 129.635 165.539 187.105 143.164 110.608 92.8968 81.3935 145.781 126.216 228.162 155.884
threshold=1.0000000180025095e-35 0.0078373048667990525 0.040506361211769308 11.785714285714286 14.637273632418633 4.5000000000000009 3.5000000000000004 16.981978212425521 16.737414395340434 3.5000000000000004 18.740961113212084 0.42915757408335492 17.820580980611748 0.60260375364927665 19.094209991429775 11.500000000000002 16.307379035362978 17.733767454045513 0.10523678859827851 15.034129845682815 15.89383194328604 0.61362618585383211 10.500000000000002 0.42219642541193952 17.357142857142858 14.894500689213002 3.4364987719369018 15.324396605496306 0.076811225512995115 14.642857142857144
decision_type=2 2 2 2 2 2 2 2 2 2 2 2 2 2 2 2 2 2 2 2 2 2 2 2 2 2 2 2 2 2
left_child=-1 -2 3 -3 -5 6 -6 8 14 -10 12 -12 -9 -13 17 -16 -17 24 -19 -20 23 22 -22 -21 25 -4 -27 29 -29 -28
right_child=1 2 7 4 5 -7 -8 10 9 -11 11 13 -14 -15 15 16 -18 18 19 20 21 -23 -24 -25 -26 26 27 28 -30 -31
leaf_value=0.05586461709893268 -0.065466298237442974 0.15068797131069006 -0.0056988489790173501 -0.052159666816393536 -0.00071367807001532875 -0.049935203231871131 0.17895043588553866 -0.019313317159744534 0.19243809978167217 -0.012904470690108581 -0.059636549772442995 0.13365787602961063 -0.14702392169939621 0.00144853401219561 -0.1167923565054762 0.11203974485397339 -0.084491593505327534 -0.09337767221033573 0.16530996143817903 0.041394214131387663 0.0075167931277643554 -0.045578037127852439 0.16105175538330663 -0.089816868843303796 -0.036212360255539103 -0.11186241841996494 0.0010239925983191376 0.15909276713024489 -0.0051805969449503142 0.070755126697780654
leaf_weight=23 30 20 1946 45 34 24 27 37 24 29 37 20 28 21 29 21 26 20 20 29 22 25 49 36 188 23 142 22 539 184
leaf_count=23 30 20 1946 45 34 24 27 37 24 29 37 20 28 21 29 21 26 20 20 29 22 25 49 36 188 23 142 22 539 184
internal_value=3.78162e-11 -0.000347548 0.000185193 0.0285035 0.0097059 0.0424583 0.0788098 -0.00102258 0.000218677 0.0800808 -0.0303094 0.00637211 -0.0743271 0.0659409 -0.00105585 -0.0425122 0.00332028 -8.49137e-05 0.0314583 0.0452524 0.0303384 0.0720568 0.113478 -0.0312765 -0.00216776 7.32681e-05 0.0124167 0.0156393 0.0012615 0.0403814
internal_weight=3720 3697 3667 150 130 85 61 3517 3374 53 143 78 65 41 3321 76 47 3245 201 181 161 96 71 65 3044 2856 910 887 561 326
internal_count=3720 3697 3667 150 130 85 61 3517 3374 53 143 78 65 41 3321 76 47 3245 201 181 161 96 71 65 3044 2856 910 887 561 326
is_linear=0
shrinkage=0.05


Tree=85
num_leaves=31
num_cat=0
split_feature=5 5 5 7 1 7 5 3 3 4 2 3 3 1 2 4 4 7 0 8 2 9 4 4 3 8 0 8 6 7
split_gain=28.4573 172.212 162.979 199.52 76.4867 117.445 151.954 88.5232 188.461 73.3562 86.2446 92.8335 62.7688 61.2501 57.8282 115.399 73.3436 142.389 171.252 163.232 103.407 102.099 60.801 93.0992 64.9599 101.955 105.149 78.5475 153.895 181.295
threshold=12.65415813906198 12.78901861878987 12.493241519892832 0.45089556694876659 10.500000000000002 0.27015960959192747 12.204957873888466 6.6939916200667469 7.6547524895684349 9.8990604432868619 10.357142857142859 5.8716429111612793 6.8660656232559525 13.500000000000002 10.928571428571431 10.855392144112175 11.705850804872407 0.35404186965611922 17.500000000000004 1.5000000000000002 12.071428571428573 3.5000000000000004 11.866310293411541 11.948291405317837 3.4364987719369018 2.5000000000000004 14.500000000000002 1.5000000000000002 1.0000000180025095e-35 0.16775933788214709
decision_type=2 2 2 2 2 2 2 2 2 2 2 2 2 2 2 2 2 2 2 2 2 2 2 2 2 2 2 2 2 2
left_child=2 12 4 -4 5 -1 -7 13 -9 -3 11 -11 -2 -6 15 -12 17 18 21 -19 -21 -16 -18 -24 25 -25 -27 28 29 -26
right_child=1 9 3 -5 7 6 -8 8 -10 10 14 -13 -14 -15 16 -17 22 19 -20 20 -22 -23 23 24 27 26 -28 -29 -30 -31
leaf_value=0.12197312873143416 -0.044904196765777227 -0.07075877326230208 0.18920280872671694 0.0059290260302298 -0.12445643879878132 0.054771162031425374 -0.11711992084980012 0.12735077627003194 -0.077752058882088901 0.11431049569236006 0.035104933917522431 -0.017504729398272256 -0.15008896615194239 -0.03118642103175322 -0.037626041561365127 -0.10395331171316069 -0.059973079802165201 0.16724023229132098 -0.1389644555747509 0.093227297174079085 -0.023140226623841697 0.11192206034348125 0.10742341484641656 0.029727754783299233 -0.053748537357778681 -0.17515152451537908 -0.023386435948312283 0.0056573080270813682 -0.081803386178735185 0.0061994808270037175
leaf_weight=26 37 36 27 33 23 36 20 24 21 34 25 22 23 75 25 37 43 30 22 35 42 21 20 27 158 21 25 2054 73 625
leaf_count=26 37 36 27 33 23 36 20 24 21 34 25 22 23 75 25 37 43 30 22 35 42 21 20 27 158 21 25 2054 73 625
internal_value=-9.89843e-12 -0.00125966 0.0151823 0.0884022 -0.00434306 0.0341544 -0.00661851 -0.0264186 0.0316361 0.000233054 0.000998465 0.0625259 -0.085225 -0.0530763 -5.10447e-05 -0.0478814 0.000869627 0.0323472 -0.024228 0.0683016 0.0297541 0.0306459 -0.000938837 -9.35249e-05 -0.000814389 -0.0473999 -0.0926705 0.000354251 -0.0123706 -0.00589731
internal_weight=3720 3435 285 60 225 82 56 143 45 3375 3339 56 60 98 3283 62 3221 175 68 107 77 46 3046 3003 2983 73 46 2910 856 783
internal_count=3720 3435 285 60 225 82 56 143 45 3375 3339 56 60 98 3283 62 3221 175 68 107 77 46 3046 3003 2983 73 46 2910 856 783
is_linear=0
shrinkage=0.05


Tree=86
num_leaves=31
num_cat=0
split_feature=2 3 2 0 4 7 7 3 3 2 1 4 4 4 2 5 4 4 4 7 7 2 8 8 5 4 0 4 7 4
split_gain=28.9216 50.845 32.953 124.663 226.533 135.083 160.135 152.675 108.363 95.542 103.023 105.64 102.443 91.7812 42.195 38.2048 59.6042 59.2009 129.855 127.825 192.892 43.4242 283.834 208.088 155.708 199.82 198.337 174.215 151.364 117.428
threshold=8.9285714285714306 5.214446791510122 11.071428571428573 3.5000000000000004 12.556942897831636 0.14589608125849465 0.6553990435939302 5.1269595556932535 5.6778600932125114 10.357142857142859 13.500000000000002 10.177354237885803 10.275147806865018 10.000331866990015 10.785714285714286 12.08014476930733 10.436263422837783 11.10378243491982 11.223936175546941 0.28755196164259073 0.56555386899886984 12.357142857142859 3.5000000000000004 5.5000000000000009 12.65415813906198 11.705850804872407 17.500000000000004 11.866310293411541 0.3399373058190811 12.400559819329212
decision_type=2 2 2 2 2 2 2 2 2 2 2 2 2 2 2 2 2 2 2 2 2 2 2 2 2 2 2 2 2 2
left_child=1 -1 3 -2 5 8 9 -8 -5 10 -7 -12 -11 -4 -14 -15 -17 19 -19 -18 -21 22 29 -24 -23 26 -26 -27 -25 -20
right_child=2 -3 13 4 -6 6 7 -9 -10 12 11 -13 14 15 -16 16 17 18 21 20 -22 24 23 28 25 27 -28 -29 -30 -31
leaf_value=-0.004137631736952683 -0.12553750295192004 0.099490648955106731 0.10047290687975677 -0.015905381463792011 0.15539809830486775 -0.082875001128460912 0.12561378628015518 -0.033391474021805659 0.13931232675571334 -0.017070119369488497 -0.047746645204634189 0.11084843632720767 -0.10225643125527047 0.059483680515377613 -0.19112412665377965 -0.082260634174401118 -0.05538163632154465 -0.12458176009711766 -0.023977074566750956 0.19588286980338721 -0.0088927414106286084 0.11543929239114126 -0.120040963204468 0.089184853475954798 0.21774968079158238 -0.13213328479230405 0.0052175260108450194 0.00045100921040197334 -0.078237675520143032 0.056225891531529751
leaf_weight=29 24 20 23 23 20 37 26 36 22 26 21 21 34 27 22 22 21 21 78 23 23 30 85 27 21 25 23 2773 27 110
leaf_count=29 24 20 23 23 20 37 26 36 22 26 21 21 34 27 22 22 21 21 78 23 23 30 85 27 21 25 23 2773 27 110
internal_value=1.26555e-11 0.0381596 -0.000509349 -0.016053 -0.00692929 -0.0190433 -0.0349894 0.0332882 0.0599788 -0.0612827 -0.022041 0.0315509 -0.0990887 0.000934419 -0.137169 0.000248153 -0.000235184 0.000313815 -0.000654114 0.0468322 0.0934951 0.000159415 -0.0171048 -0.0712799 0.00212508 0.000928945 0.106653 -0.000733625 0.00547359 0.0229502
internal_weight=3720 49 3671 312 288 268 223 62 45 161 79 42 82 3359 56 3336 3309 3287 3220 67 46 3199 327 139 2872 2842 44 2798 54 188
internal_count=3720 49 3671 312 288 268 223 62 45 161 79 42 82 3359 56 3336 3309 3287 3220 67 46 3199 327 139 2872 2842 44 2798 54 188
is_linear=0
shrinkage=0.05


Tree=87
num_leaves=31
num_cat=0
split_feature=3 3 8 3 5 7 8 3 5 7 3 4 4 3 3 7 8 3 1 5 4 0 7 4 0 3 8 2 0 9
split_gain=29.4972 134.677 113.938 187.344 138.773 175.211 156.418 211.226 178.161 137.061 129.966 125.8 209.669 204.326 200.755 185.878 134.865 115.156 107.025 240.297 158.462 258.439 165.142 122.213 119.745 106.814 142.738 179.512 168.085 106.79
threshold=5.7569833370313974 5.9120538692049323 1.5000000000000002 5.4072262055600424 13.69509551906698 0.69554457121156443 5.5000000000000009 4.3369947901195163 12.951608688134103 0.70353679262213464 5.6103645582252941 13.018793629486407 11.736031821760465 4.1604706010168817 4.898979485566362 0.21990763771487346 2.5000000000000004 4.3861253103502671 10.500000000000002 13.912681274774092 14.710903959651864 14.500000000000002 0.545317665506449 14.138390172764355 14.500000000000002 6.049399492719167 3.5000000000000004 15.214285714285717 12.500000000000002 3.5000000000000004
decision_type=2 2 2 2 2 2 2 2 2 2 2 2 2 2 2 2 2 2 2 2 2 2 2 2 2 2 2 2 2 2
left_child=2 -2 10 4 5 6 7 8 -4 -5 18 12 -6 -13 15 -15 -17 -14 23 -20 21 -21 -22 29 -25 26 27 28 -3 -1
right_child=1 25 3 9 11 -7 -8 -9 -10 -11 -12 13 17 14 -16 16 -18 -19 19 20 22 -23 -24 24 -26 -27 -28 -29 -30 -31
leaf_value=0.029209407608052997 -0.058167174792374078 0.13241807423870675 -0.0045752015637440819 0.087483769598708475 0.071358511932194238 0.13232851307361554 0.10715144014868297 -0.052595124519185021 0.16917311319708825 -0.022669905618143582 -0.12817493890225889 -0.059907884212210771 -0.021179664784687618 -0.036088206667092539 -0.019152889123489693 0.21345420317216354 0.071770196917637349 -0.16640624261628359 -0.11172494617482974 -0.017134264353159314 0.022882140286870908 0.19353790078312161 -0.13806205581474518 -0.11945243358612062 0.035594964840195399 -0.0030065394213796143 -0.015471178001978182 0.20294057524297388 -0.060897152838499648 0.17562975347042087
leaf_weight=33 106 22 36 131 20 39 38 95 25 36 25 100 21 31 129 22 71 39 63 37 37 24 28 20 33 2337 55 24 23 20
leaf_count=33 106 22 36 131 20 39 38 95 25 36 25 100 21 31 129 22 71 39 63 37 37 24 28 20 33 2337 55 24 23 20
internal_value=1.3108e-10 -0.00298394 0.00664335 0.0163852 0.00451146 0.0356251 0.0161847 -0.00597382 0.0666331 0.0637381 -0.018716 -0.012231 -0.0688431 0.000598954 0.0245147 0.0699431 0.105287 -0.115577 -0.00943979 -0.0319938 0.00787177 0.0657531 -0.0464477 0.0307744 -0.0229135 -0.000607095 0.0446147 0.0925092 0.0336125 0.0844624
internal_weight=3720 2567 1153 833 666 233 194 156 61 167 320 433 80 353 253 124 93 60 295 189 126 61 65 106 53 2461 124 69 45 53
internal_count=3720 2567 1153 833 666 233 194 156 61 167 320 433 80 353 253 124 93 60 295 189 126 61 65 106 53 2461 124 69 45 53
is_linear=0
shrinkage=0.05


Tree=88
num_leaves=31
num_cat=0
split_feature=2 0 2 1 2 7 7 7 7 4 4 5 5 5 8 0 0 8 1 9 1 4 7 1 1 0 1 7 7 0
split_gain=28.6389 130.841 127.592 97.7897 77.8883 229.082 83.4113 125.662 135.728 106.815 124.717 87.7479 82.0523 79.5282 86.3781 110.637 175.65 129.352 129.363 89.9585 76.8981 87.5994 123.482 112.346 71.9863 62.2702 61.1728 64.7153 65.4989 113.327
threshold=20.357142857142858 17.500000000000004 19.500000000000004 14.500000000000002 18.071428571428573 0.75516464203108058 0.061435934677514313 0.25385127026782267 0.20042780527416262 18.49255432513057 17.380246052425974 16.332466246636233 16.043660705057096 16.057855167196909 5.5000000000000009 5.5000000000000009 8.5000000000000018 4.5000000000000009 22.500000000000004 3.5000000000000004 16.500000000000004 18.175661619254967 0.18817418234286687 8.5000000000000018 31.500000000000004 17.500000000000004 2.5000000000000004 0.85543657113539207 0.83955413393916645 14.500000000000002
decision_type=2 2 2 2 2 2 2 2 2 2 2 2 2 2 2 2 2 2 2 2 2 2 2 2 2 2 2 2 2 2
left_child=2 -2 4 -4 13 6 -6 8 -8 10 12 -11 -9 24 15 -15 -17 18 20 -16 21 22 -18 -24 26 -20 -1 28 -28 -30
right_child=1 -3 3 -5 5 -7 7 9 -10 11 -12 -13 -14 14 19 16 17 -19 25 -21 -22 -23 23 -25 -26 -27 27 -29 29 -31
leaf_value=-0.065995311123483322 0.1317922822453759 -0.019357726741127852 -0.0096180527618056847 -0.12461583889606927 0.103238267828103 0.19073700086213649 -0.00098853152547333689 -0.0066799736133328199 -0.16013917440459843 0.16737027540802957 -0.074489575134856365 0.024480346285484053 0.12693874441087247 -0.12430985087440127 -0.0088437615583340339 0.1088031815737486 -0.14271930075649705 0.070263602299725308 0.10382551145074624 -0.14682502415445117 -0.11212201797488063 0.057938527706123538 -0.096175300731108748 0.03944689311288499 0.085888232827186592 -0.019450133703649047 0.0013057167429088657 -0.068173850192265073 0.14322656318545343 -0.015506669174393882
leaf_weight=34 22 41 38 36 23 20 37 27 21 21 35 22 20 21 21 30 28 34 21 27 44 21 26 37 25 20 2890 33 22 23
leaf_count=34 22 41 38 36 23 20 37 27 21 21 35 22 20 21 21 30 28 34 21 27 44 21 26 37 25 20 2890 33 22 23
internal_value=2.03257e-11 0.0334248 -0.000575817 -0.0655629 0.000766367 0.0291785 0.0134932 0.0022138 -0.058612 0.030437 -0.00303316 0.0942638 0.0501791 -0.0011464 -0.0244543 -0.0139005 -0.00501698 -0.0197988 -0.0353426 -0.0864582 -0.0561142 -0.0341112 -0.0553534 -0.0165242 0.00139461 0.0436911 0.000690964 0.00145489 0.00223777 0.0620962
internal_weight=3720 63 3657 74 3583 226 206 183 58 125 82 43 47 3357 330 282 261 231 197 48 156 112 91 63 3027 41 3002 2968 2935 45
internal_count=3720 63 3657 74 3583 226 206 183 58 125 82 43 47 3357 330 282 261 231 197 48 156 112 91 63 3027 41 3002 2968 2935 45
is_linear=0
shrinkage=0.05


Tree=89
num_leaves=31
num_cat=0
split_feature=0 0 7 7 9 4 4 5 3 4 5 7 2 5 0 7 7 3 3 7 7 0 5 2 5 4 5 9 4 7
split_gain=29.1751 96.7515 229.607 169.388 181.345 173.326 131.761 200.051 188.266 122.181 88.0489 144.266 76.8329 109.005 96.483 108.68 252.136 201.127 169.035 155.109 219.306 139.399 133.319 190.691 127.811 208.737 102.127 93.1043 81.1904 72.6275
threshold=22.500000000000004 19.500000000000004 0.53615226711019826 0.63209106626866596 2.5000000000000004 14.912685315578861 15.134308845767416 15.571509696083039 5.9401779675119455 14.937182215204741 13.488134550659803 0.61362618585383211 18.500000000000004 16.459074711671622 30.500000000000004 0.43179026241201307 0.52492508816270844 5.7981934789249303 7.7613204571190906 0.30610121584649913 0.21296351519888773 25.500000000000004 14.554050132928563 16.357142857142858 14.355719418458262 16.789653788949249 14.856784611361913 3.5000000000000004 15.30977326226084 0.44576807838270699
decision_type=2 2 2 2 2 2 2 2 2 2 2 2 2 2 2 2 2 2 2 2 2 2 2 2 2 2 2 2 2 2
left_child=1 -1 6 9 -5 -6 29 -8 -9 -4 11 -2 14 27 15 17 18 -12 -17 20 22 -21 -19 -24 -18 26 -26 -14 -28 -3
right_child=10 2 3 4 5 -7 7 8 -10 -11 12 -13 13 -15 -16 16 24 19 -20 21 -22 -23 23 -25 25 -27 28 -29 -30 -31
leaf_value=0.0012837350778886487 0.020660925434074467 -0.076633527349023262 0.022638477049767972 -0.14230911684710354 0.10677776866725514 -0.039536443717467291 0.072448500579125011 -0.18350523052116235 -0.01009737825435069 0.19741048131138086 0.19111511180034052 -0.13223240110609266 -0.0094242710906725664 0.030178150110969356 -0.070993066255165188 -0.011419273041454811 0.13184261139362091 -0.048095943875934771 -0.20173971228301527 0.18924240701728398 -0.11435298387493407 0.021733136572267699 0.19796917299584796 -0.001348064405222734 -0.12252926230430604 0.13853561683343008 0.061536009889096022 -0.14752700834170632 -0.058722191572189331 -0.17678536876388218
leaf_weight=2818 36 85 20 21 35 48 38 24 45 20 26 27 26 51 23 28 31 23 20 27 28 23 24 24 20 26 32 23 25 23
leaf_count=2818 36 85 20 21 35 48 38 24 45 20 26 27 26 51 23 28 31 23 20 27 28 23 24 24 20 26 32 23 25 23
internal_value=2.88729e-10 -0.00183061 -0.0262769 0.0225831 -0.0110483 0.0221623 -0.0590018 -0.0196772 -0.0704132 0.110024 0.0107106 -0.0448648 0.0180049 -0.0209907 0.0282668 0.0346617 0.00761003 0.0627955 -0.0907195 0.0404042 0.00414966 0.112188 0.0508831 0.0983106 0.0428325 0.0160431 -0.025318 -0.074248 0.00879118 -0.0979622
internal_weight=3720 3177 359 144 104 83 215 107 69 40 543 63 480 100 380 357 182 175 48 149 99 50 71 48 134 103 77 49 57 108
internal_count=3720 3177 359 144 104 83 215 107 69 40 543 63 480 100 380 357 182 175 48 149 99 50 71 48 134 103 77 49 57 108
is_linear=0
shrinkage=0.05


Tree=90
num_leaves=31
num_cat=0
split_feature=2 5 8 9 3 3 0 5 2 3 4 3 4 2 4 1 3 4 3 2 4 4 4 0 1 0 3 8 2 7
split_gain=27.0244 29.7999 96.7695 234.554 194.076 338.153 246.955 193.765 188.475 182.879 191.343 354.692 258.442 228.506 220.993 173.146 263.461 254.959 203.299 165.828 161.697 184.023 164.376 161.276 157.783 186.258 157.286 153.116 404.646 215.538
threshold=8.6428571428571441 14.894500689213002 2.5000000000000004 3.5000000000000004 7.0643302516772204 5.3807416730763977 10.500000000000002 14.483575977798775 12.214285714285717 9.5518634432290366 15.207003296631548 8.1532932288855218 14.039910658381514 15.642857142857144 14.353892941482075 11.500000000000002 7.9041881604748268 13.56841421506452 8.5509648088763566 12.214285714285717 9.8990604432868619 11.533208611452681 12.295586401759406 16.500000000000004 10.500000000000002 15.500000000000002 6.8521807442872449 5.5000000000000009 11.214285714285717 0.61694552206254116
decision_type=2 2 2 2 2 2 2 2 2 2 2 2 2 2 2 2 2 2 2 2 2 2 2 2 2 2 2 2 2 2
left_child=-1 2 3 20 5 24 -6 9 -7 10 12 13 27 -12 -14 17 -17 -8 -18 -9 -2 23 -23 26 -5 -26 -22 -4 -29 -30
right_child=1 -3 7 4 6 8 15 19 -10 -11 11 -13 14 -15 -16 16 18 -19 -20 -21 21 22 -24 -25 25 -27 -28 28 29 -31
leaf_value=0.046488946868527323 -0.1325077611420836 0.0046879547704327396 -0.010685144775353447 0.18122110786261383 0.15997918286714063 0.03523663573740226 0.084632311463356022 -0.19293323665857318 -0.082014892142765305 -0.11602060105119433 0.17862915946543217 -0.1112875212955734 -0.20062739870377949 0.012054282410868577 -0.037678551295036333 0.19061207869841207 -0.11630844023078679 -0.15946371224911318 0.10913528189063074 -0.042132085669803823 0.043787205944190159 -0.10220198494249158 -0.0094094393874342708 -0.057237408274695992 -0.014946040466427805 0.15450813981393974 0.2178223404288292 -0.080819467640443093 0.12736857194880333 -0.019128495323307376
leaf_weight=31 28 1620 505 27 58 53 20 20 97 35 50 23 28 35 81 31 20 23 20 206 37 56 323 21 50 24 20 48 96 34
leaf_count=31 28 1620 505 27 58 53 20 20 97 35 50 23 28 35 81 31 20 23 20 206 37 56 323 21 50 24 20 48 96 34
internal_value=2.18116e-10 -0.000390663 -0.00436715 0.00786019 0.0350715 0.0070357 0.0759842 -0.01393 -0.040586 -0.00388751 0.000473218 0.062905 -0.00804021 0.11004 -0.079537 0.0332499 0.0812044 -0.0459307 -0.00358658 -0.0554773 -0.0158726 -0.00872642 -0.0231202 0.0612127 0.077761 0.0400121 0.104852 0.00336996 0.0432454 0.089054
internal_weight=3720 3689 2069 908 423 251 172 1161 150 935 900 108 792 85 109 114 71 43 40 226 485 457 379 78 101 74 57 683 178 130
internal_count=3720 3689 2069 908 423 251 172 1161 150 935 900 108 792 85 109 114 71 43 40 226 485 457 379 78 101 74 57 683 178 130
is_linear=0
shrinkage=0.05


Tree=91
num_leaves=31
num_cat=0
split_feature=0 0 7 7 9 4 4 5 3 3 4 5 3 2 7 3 1 8 3 4 4 3 3 3 2 0 1 2 3 0
split_gain=26.585 85.7103 207.309 152.196 163.628 156.034 117.405 132.941 167.989 109.085 108.745 83.6315 174.182 118.042 103.757 98.1454 99.6884 98.5528 170.672 392.766 196.86 96.1003 120.912 198.943 181.843 86.9591 157.375 90.7465 209.846 78.7872
threshold=22.500000000000004 19.500000000000004 0.53615226711019826 0.63209106626866596 2.5000000000000004 14.912685315578861 14.463583661624122 15.542089947645099 5.9401779675119455 6.9006555934235445 14.937182215204741 16.812504006790494 7.1580790187099312 18.928571428571434 0.79956766740021901 7.1846397000161089 7.5000000000000009 4.5000000000000009 6.9006555934235445 13.603894334081794 14.937182215204741 7.5671594595926281 7.9041881604748268 8.520283806481908 16.214285714285719 28.500000000000004 12.500000000000002 16.500000000000004 9.0343260744256764 25.500000000000004
decision_type=2 2 2 2 2 2 2 2 2 2 2 2 2 2 2 2 2 2 2 2 2 2 2 2 2 2 2 2 2 2
left_child=1 -1 6 10 -5 -6 -3 9 -9 -8 -4 13 -13 14 15 16 -2 18 19 -18 -21 -17 29 24 -24 27 -27 28 -25 -23
right_child=11 2 3 4 5 -7 7 8 -10 -11 -12 12 -14 -15 -16 21 17 -19 -20 20 -22 22 23 25 -26 26 -28 -29 -30 -31
leaf_value=0.0011837990515812672 -0.053307848908007154 -0.10066854952053093 0.022114090695977213 -0.13489304866109575 0.10162159868649075 -0.037202195217832926 0.097595076809326817 -0.17471951138973238 -0.014881134301928493 -0.043822125941514967 0.18699665516614916 -0.008276987134013326 0.16991351110239825 -0.079861574830153048 -0.074498028737125979 -0.072941986931105846 -0.17465481270443312 0.13295216010167049 0.16184399246814707 0.20005210787057878 -0.010408185839653016 0.1586779333651066 -0.15731461921378095 0.21317597154689874 0.02244280956219882 0.080921980703160881 -0.10014856255480223 -0.012403640781457607 0.0058430563945036668 0.027744709914205253
leaf_weight=2818 20 87 20 21 35 48 30 25 48 25 20 32 24 39 33 39 22 39 21 20 25 20 34 23 24 21 28 26 26 27
leaf_count=2818 20 87 20 21 35 48 30 25 48 25 20 32 24 39 33 39 22 39 21 20 25 20 34 23 24 21 28 26 26 27
internal_value=2.39731e-11 -0.00174746 -0.0247566 0.0216702 -0.0102087 0.021338 -0.0558518 -0.0253905 -0.0696203 0.0333145 0.104555 0.0102241 0.0680904 0.00357008 0.0108331 0.0176185 0.0504499 0.0667897 0.0374677 -0.00151595 0.0831297 -0.000389803 0.0119662 -0.00649668 -0.0829322 0.0292554 -0.0225469 0.0630996 0.103163 0.083461
internal_weight=3720 3177 359 144 104 83 215 128 73 55 40 543 56 487 448 415 147 127 88 67 45 268 229 182 58 124 49 75 49 47
internal_count=3720 3177 359 144 104 83 215 128 73 55 40 543 56 487 448 415 147 127 88 67 45 268 229 182 58 124 49 75 49 47
is_linear=0
shrinkage=0.05


Tree=92
num_leaves=31
num_cat=0
split_feature=2 2 0 1 2 7 5 5 9 5 2 2 7 4 2 0 3 5 7 5 5 0 5 2 8 0 5 3 7 1
split_gain=27.5665 115.18 114.579 91.1859 69.7458 205.335 81.4693 129.686 97.3898 73.4891 83.432 132.685 180.413 99.3291 90.3493 139.175 109.837 97.84 89.7771 85.7294 72.2919 125.162 64.6929 309.854 129.284 102.641 91.3737 67.4846 108.969 182.27
threshold=20.357142857142858 19.500000000000004 17.500000000000004 14.500000000000002 18.071428571428573 0.75516464203108058 16.043660705057096 16.561232523093434 3.5000000000000004 16.057855167196909 17.928571428571434 17.214285714285719 0.78411548783517437 17.289398909768494 16.642857142857149 11.500000000000002 7.5498344352707463 16.249782541634058 0.51975123447133098 16.535016453803546 17.209439227361155 19.500000000000004 15.840854661262155 15.357142857142859 4.5000000000000009 12.500000000000002 15.769926462086337 5.7569833370313974 0.55507883563575788 19.500000000000004
decision_type=2 2 2 2 2 2 2 2 2 2 2 2 2 2 2 2 2 2 2 2 2 2 2 2 2 2 2 2 2 2
left_child=1 4 -2 -3 9 6 8 -8 -6 22 11 12 14 -13 15 17 -17 -11 -16 -15 21 -9 26 -24 25 -25 27 28 -1 -30
right_child=2 3 -4 -5 5 -7 7 20 -10 10 -12 13 -14 19 18 16 -18 -19 -20 -21 -22 -23 23 24 -26 -27 -28 -29 29 -31
leaf_value=0.023504351037117885 0.12484489096836611 -0.0082874071833334475 -0.016600639532070336 -0.11933435266578779 0.026356098742689939 0.18055203508585693 0.10574705160182457 0.037114427821791689 -0.077251736169984181 0.091520143486559402 0.075474225059151648 -0.15822115690800653 0.12976104815800985 0.022237076237797738 0.077345061628147971 -0.13631769840915997 -0.022533538197412304 -0.041159105413790906 -0.04599278216948733 -0.10180860263605913 0.063180735993843815 -0.13391149677336217 0.15163818676024676 0.034006017872265412 0.073560855431216099 -0.10192680709609173 -0.079367035275532141 -0.0046622085574918627 -0.033221957091870431 0.055902665667235854
leaf_weight=640 22 38 41 36 48 20 46 23 43 24 20 29 21 26 36 48 38 33 25 30 26 20 40 21 28 41 36 1902 244 75
leaf_count=640 22 38 41 36 48 20 46 23 43 24 20 29 21 26 36 48 38 33 25 30 26 20 40 21 28 41 36 1902 244 75
internal_value=-6.71853e-11 -0.000564933 0.032793 -0.0623102 0.000710298 0.0275963 0.0127463 0.0407171 -0.0226014 -0.00109973 -0.0235052 -0.029891 -0.00978536 -0.0831119 -0.0241504 -0.0458832 -0.086041 0.0147058 0.0267968 -0.044216 -0.00263622 -0.0424325 0.0013429 0.0358489 -0.015613 -0.055885 -0.000205525 0.000790565 0.0116051 -0.0122679
internal_weight=3720 3657 63 74 3583 226 206 115 91 3357 330 310 225 85 204 143 86 57 61 56 69 43 3027 130 90 62 2897 2861 959 319
internal_count=3720 3657 63 74 3583 226 206 115 91 3357 330 310 225 85 204 143 86 57 61 56 69 43 3027 130 90 62 2897 2861 959 319
is_linear=0
shrinkage=0.05


Tree=93
num_leaves=31
num_cat=0
split_feature=5 2 0 5 7 7 5 5 2 4 4 4 5 7 2 2 4 3 2 5 3 4 3 4 2 7 5 4 3 3
split_gain=27.524 57.1305 104.819 42.8078 182.792 155.199 149.776 55.8087 111.723 119.428 215.781 69.6483 159.061 122.03 208.769 174.268 172.671 112.571 95.9174 130.097 196.044 123.106 330.858 128.393 143.258 129.221 181.867 131.037 118.685 114.707
threshold=17.294418306914732 20.928571428571434 16.500000000000004 16.737414395340434 0.49919894374383444 0.12017825400367711 16.912558006388416 16.291758455811983 15.785714285714286 19.205305226628635 18.390028135169299 17.289398909768494 16.003217087141039 0.53615226711019826 17.357142857142858 16.214285714285719 17.558489049135996 7.0457685377819557 17.357142857142858 15.965178317552272 6.2373681873657283 17.009895004831453 7.9162280580252782 15.658689860371426 14.642857142857144 0.72791224774868568 14.316178486548731 16.087548268455233 7.2899147555274757 7.798046153333785
decision_type=2 2 2 2 2 2 2 2 2 2 2 2 2 2 2 2 2 2 2 2 2 2 2 2 2 2 2 2 2 2
left_child=3 2 -2 7 5 -5 -6 11 -9 10 -10 18 13 16 15 -15 -13 -14 21 20 -20 23 -23 -1 29 26 -26 -27 -22 -25
right_child=1 -3 -4 4 6 -7 -8 8 9 -11 -12 12 17 14 -16 -17 -18 -19 19 -21 28 22 -24 24 25 27 -28 -29 -30 -31
leaf_value=-0.0021558994054882027 -0.12420964916901929 0.043124725847017202 0.0055822550398962846 0.089147170881430315 0.19827374087815935 -0.073316147528132619 0.030843500732718146 -0.11138067068532109 -0.01434238274048409 -0.085975489486008888 0.15972342377617246 0.088276001012751043 0.1727665318319431 0.078391380024992907 0.15474572114406093 -0.12341447353363039 -0.050065661671346628 0.04154065506194126 -0.12899425434214729 -0.13632110760643565 0.13038239292800427 -0.16256928051242958 0.078922156762817636 -0.081522027115776538 0.1644991326310179 0.070239062158560212 0.041275632085345425 -0.084648893007801651 -0.012201855255773775 0.032358153564174007
leaf_weight=2389 28 21 35 21 22 49 34 32 117 40 21 28 26 23 31 20 116 44 28 29 20 37 23 48 34 22 251 36 54 41
leaf_count=2389 28 21 35 21 22 49 34 32 117 40 21 28 26 23 31 20 116 44 28 29 20 37 23 48 34 22 251 36 54 41
internal_value=-9.14181e-11 -0.0282961 -0.052103 0.000653705 0.0292881 -0.0245772 0.0966197 -0.000374196 -0.025367 -0.00990386 0.0121459 0.00121625 0.0247072 0.00365111 0.0558355 -0.0154718 -0.0231659 0.0902817 -0.00102989 -0.0428733 -0.0163048 0.000872747 -0.0699976 0.00238009 0.0274645 0.0421314 0.055976 -0.0258983 0.0263344 -0.0290604
internal_weight=3720 84 63 3636 126 70 56 3510 210 178 138 3300 288 218 74 43 144 70 3012 131 102 2881 60 2821 432 343 285 58 74 89
internal_count=3720 84 63 3636 126 70 56 3510 210 178 138 3300 288 218 74 43 144 70 3012 131 102 2881 60 2821 432 343 285 58 74 89
is_linear=0
shrinkage=0.05


Tree=94
num_leaves=31
num_cat=0
split_feature=7 7 7 2 5 9 8 7 7 4 7 5 1 5 2 2 7 2 7 3 3 8 2 5 0 5 1 2 2 8
split_gain=25.6852 46.934 44.5485 116.921 102.627 111.845 209.001 47.3121 52.6552 327.23 85.2458 177.559 219.732 72.6355 60.7098 55.1378 123.371 128.684 110.257 95.2479 196.928 117.519 108.125 60.4993 130.899 56.9495 106.289 51.2001 138.588 95.7124
threshold=1.0000000180025095e-35 0.0078373048667990525 0.040506361211769308 12.642857142857144 14.637273632418633 4.5000000000000009 3.5000000000000004 0.050315332460686611 0.065758681759227611 14.240840132370948 0.099120481556777815 13.417928062306226 10.500000000000002 15.339917042936726 8.5000000000000018 10.928571428571431 0.54832137687450644 10.500000000000002 0.46235292041081527 4.7258156262526185 5.830951894845299 3.5000000000000004 10.071428571428573 12.144052712212881 10.500000000000002 12.204957873888466 13.500000000000002 20.357142857142858 20.071428571428573 2.5000000000000004
decision_type=2 2 2 2 2 2 2 2 2 2 2 2 2 2 2 2 2 2 2 2 2 2 2 2 2 2 2 2 2 2
left_child=-1 -2 3 -3 -5 6 -6 -4 9 -9 11 -10 -13 -14 -12 16 18 23 19 22 -21 -22 -16 -18 -25 26 -17 28 -27 -29
right_child=1 2 7 4 5 -7 -8 8 10 -11 14 12 13 -15 15 25 17 -19 -20 20 21 -23 -24 24 -26 27 -28 29 -30 -31
leaf_value=0.052674523643825369 -0.062612764788791547 0.11703752500229869 -0.051895642181237538 -0.060271116867661484 -0.0079982181390126552 -0.055685803294181824 0.18366163089871407 -0.08739109477744654 0.093552620070321224 0.14824720235431896 0.085232518542380564 -0.17114199470071234 -0.054367959957856399 0.045518978179565503 -0.0039864149689674373 0.14265429474413396 -0.010139706459912388 -0.058402482952390401 -0.14368745169172495 0.091167565158435285 -0.0008721277117729187 -0.15006102350625128 -0.15996100634336474 0.15753475823279084 -0.0087382075935602179 0.0011598199854999699 -0.020355650782585145 -0.012542387723390544 -0.12481304400346496 0.12353037931025029
leaf_weight=23 30 29 45 40 33 23 25 26 21 34 21 34 52 28 20 20 22 35 26 35 33 22 25 29 20 2875 20 28 22 24
leaf_count=23 30 29 45 40 33 23 25 26 21 34 21 34 52 28 20 20 22 35 26 35 33 22 25 29 20 2875 20 28 22 24
internal_value=-8.50497e-11 -0.000327702 0.000181857 0.0268671 0.00525604 0.0376151 0.0746138 -0.00095627 -0.000296053 0.0461373 -0.00111258 -0.0400506 -0.0646617 -0.0194075 0.000491514 -5.50341e-05 -0.0218251 0.0200621 -0.049403 -0.0312445 -0.00154731 -0.0605477 -0.090639 0.0587418 0.0896682 0.00188963 0.0611493 0.00108584 0.000203174 0.0502604
internal_weight=3720 3697 3667 150 121 81 58 3517 3472 60 3412 135 114 80 3277 3256 267 106 161 135 90 55 45 71 49 2989 40 2949 2897 52
internal_count=3720 3697 3667 150 121 81 58 3517 3472 60 3412 135 114 80 3277 3256 267 106 161 135 90 55 45 71 49 2989 40 2949 2897 52
is_linear=0
shrinkage=0.05


Tree=95
num_leaves=31
num_cat=0
split_feature=5 1 0 5 7 7 5 5 2 4 4 4 8 7 7 4 6 5 1 5 5 1 5 7 5 2 4 4 3 7
split_gain=25.5908 58.5318 86.9698 38.3976 165.465 138.182 135.123 51.3506 100.61 108.669 193.012 66.5463 81.5954 75.3841 111.383 63.4416 59.5519 110.847 170.571 90.3576 182.903 130.477 130.096 151.654 57.6957 206.139 195.55 158.97 156.474 123.368
threshold=17.294418306914732 15.500000000000002 19.500000000000004 16.737414395340434 0.49919894374383444 0.12017825400367711 16.912558006388416 16.291758455811983 15.785714285714286 19.205305226628635 18.390028135169299 17.053665462376184 4.5000000000000009 0.60907250044297279 0.24190402353663734 19.320316152441826 1.0000000180025095e-35 15.418808269111151 12.500000000000002 15.051173405337753 14.626956456219714 8.5000000000000018 13.550681937761434 0.53158523097013355 14.692097314451379 11.785714285714286 12.556942897831636 13.145131676426344 3.3058370287123595 0.50708339050671414
decision_type=2 2 2 2 2 2 2 2 2 2 2 2 2 2 2 2 2 2 2 2 2 2 2 2 2 2 2 2 2 2
left_child=3 2 -2 7 5 -5 -6 15 -9 10 11 12 -10 14 -13 16 24 19 -19 20 21 -18 -23 -24 28 -26 -27 -28 29 -1
right_child=1 -3 -4 4 6 -7 -8 8 9 -11 -12 13 -14 -15 -16 -17 17 18 -20 -21 -22 22 23 -25 25 26 27 -29 -30 -31
leaf_value=0.14064664548319397 -0.048019883941326828 -0.075478603152765167 0.088495242148637784 0.083809597861199153 0.18836434977975758 -0.069488544990213549 0.029334529593367787 -0.1059405678883195 -0.021056158569242273 -0.082207348328083754 0.15096470525576955 -0.095417267009615905 0.10361131074882689 -0.12937507469207049 0.06945467782872064 0.069129185271723306 0.093845879070220461 -0.19402909346602182 -0.0079846269850220013 0.073496679117282235 -0.1344836630184075 -0.10081490474087851 -0.050292888961055063 0.11117234356128253 -0.14868673991411926 0.12049879514407823 -0.091182578394287506 0.012750277650506235 -0.0060777193693061227 -0.01437809911689588
leaf_weight=33 28 36 20 21 22 49 34 32 35 40 21 20 21 20 21 34 31 22 28 30 29 35 33 26 20 41 38 1157 1722 21
leaf_count=33 28 36 20 21 22 49 34 32 35 40 21 20 21 20 21 34 31 22 28 30 29 35 33 26 20 41 38 1157 1722 21
internal_value=-1.18726e-10 -0.0272843 0.00886142 0.00063033 0.0277496 -0.0234991 0.0918105 -0.000343183 -0.024317 -0.00964304 0.0113901 -0.0136618 0.0256941 -0.0497918 -0.0109707 0.00118242 0.000475075 -0.0238283 -0.0898442 -0.00588918 -0.021354 0.00489213 -0.0244437 0.0208613 0.00235073 0.0105524 0.0131291 0.0094453 -0.00344957 0.0803592
internal_weight=3720 84 48 3636 126 70 56 3510 210 178 138 117 56 61 41 3300 3266 234 50 184 154 125 94 59 3032 1256 1236 1195 1776 54
internal_count=3720 84 48 3636 126 70 56 3510 210 178 138 117 56 61 41 3300 3266 234 50 184 154 125 94 59 3032 1256 1236 1195 1776 54
is_linear=0
shrinkage=0.05


Tree=96
num_leaves=31
num_cat=0
split_feature=0 0 2 1 3 7 4 9 5 5 7 3 4 3 5 5 5 3 5 7 7 9 5 3 7 2 4 2 3 8
split_gain=24.4805 78.4445 148.74 140.334 141.377 138.864 128.373 109.142 73.2249 207.16 177.362 169.402 166.685 144.505 123.204 137.303 137.13 104.91 97.9964 186.06 128.06 118.054 134.454 133.724 105.419 147.883 111.805 95.1487 70.7916 143.784
threshold=22.500000000000004 20.500000000000004 13.928571428571431 15.500000000000002 6.414269805898182 0.52492508816270844 12.235269883392474 3.5000000000000004 13.822195660068459 14.138895050992376 0.59571365110824004 7.6966288229389912 12.761707183731898 10.266681538047841 16.459074711671622 17.071658533067275 16.164625897012588 6.8764608837478525 14.654020148029447 0.18817418234286687 0.52492508816270844 4.5000000000000009 15.42565256174097 6.3658303099171851 0.62883106707098324 17.642857142857149 14.966326695630132 16.357142857142858 6.049399492719167 1.5000000000000002
decision_type=2 2 2 2 2 2 2 2 2 2 2 2 2 2 2 2 2 2 2 2 2 2 2 2 2 2 2 2 2 2
left_child=1 28 6 5 -5 7 -3 -4 10 -10 12 -12 -2 14 16 -16 18 -17 20 27 -11 23 -23 -21 25 26 -25 -20 29 -1
right_child=8 2 3 4 -6 -7 -8 -9 9 13 11 -13 -14 -15 15 17 -18 -19 19 21 -22 22 -24 24 -26 -27 -28 -29 -30 -31
leaf_value=-0.017199578008215342 0.086214500818497103 -0.020970883406698705 0.055748367001270428 -0.12939309049901124 0.0039191505980006487 0.10637001524630346 -0.17990011986758975 -0.077207276405710179 0.14767936175239499 -0.086724879658884479 -0.21324828624725345 -0.0074561893939971927 -0.091325791180133828 -0.11834545185168584 0.12948753038214314 -0.07880343854427338 -0.087350800104047124 0.083145891875028619 0.20456440854817629 -0.12951640825379979 0.060471025515686387 0.1689343951287724 -0.0079418072307651695 0.023035149990270537 -0.071182838082313543 -0.058501458788911498 0.18310360126197339 0.052180654342685429 -0.0059431518717289883 0.020820003016109173
leaf_weight=350 39 24 29 37 43 38 27 33 29 45 20 20 20 21 45 20 38 20 20 22 22 21 22 24 30 24 20 21 1737 859
leaf_count=350 39 24 29 37 43 38 27 33 29 45 20 20 20 21 45 20 38 20 20 22 22 21 22 24 30 24 20 21 1737 859
internal_value=-2.10674e-11 -0.00167687 -0.0297346 -0.00837832 -0.0577378 0.0311092 -0.10511 -0.0150183 0.0098111 0.0184812 -0.0290731 -0.110352 0.0260314 0.00945293 0.0162645 0.069574 0.0016001 0.00217123 0.0140729 0.031304 -0.0383919 0.00735544 0.0784396 -0.0181164 0.00689179 0.0413365 0.0957935 0.126514 0.000523176 0.00981351
internal_weight=3720 3177 231 180 80 100 51 62 543 444 99 40 59 415 394 85 309 40 271 204 67 163 43 120 98 68 44 41 2946 1209
internal_count=3720 3177 231 180 80 100 51 62 543 444 99 40 59 415 394 85 309 40 271 204 67 163 43 120 98 68 44 41 2946 1209
is_linear=0
shrinkage=0.05


Tree=97
num_leaves=31
num_cat=0
split_feature=5 5 5 7 4 2 7 1 9 2 7 4 4 2 4 2 4 2 5 9 8 3 4 7 5 3 5 8 5 3
split_gain=23.5777 147.821 137.722 177.836 70.871 67.7945 88.8803 62.3727 104.568 107.538 173.803 94.3187 122.138 60.5907 60.4688 44.8383 95.0348 61.0672 135.847 63.867 116.051 183.227 173.503 185.571 163.157 139.351 194.959 259.81 251.291 180.708
threshold=12.65415813906198 12.78901861878987 12.493241519892832 0.57631018234129416 9.8990604432868619 10.357142857142859 0.41856757364393143 12.500000000000002 4.5000000000000009 11.500000000000002 0.35892245348370139 9.2623245283222833 11.10378243491982 10.500000000000002 11.609680379999725 10.928571428571431 10.855392144112175 11.214285714285717 13.452649411919372 4.5000000000000009 2.5000000000000004 4.7759317216145121 15.458577190588926 0.6063936813291716 14.061619812856529 7.1280799525204452 15.007739222948139 4.5000000000000009 14.743600531677483 6.6044717895564977
decision_type=2 2 2 2 2 2 2 2 2 2 2 2 2 2 2 2 2 2 2 2 2 2 2 2 2 2 2 2 2 2
left_child=2 14 7 -4 -3 6 -6 11 9 10 -9 -1 13 -13 -2 16 -7 18 -17 -19 21 -21 23 -23 -25 29 28 -28 -27 -22
right_child=1 4 3 -5 5 15 -8 8 -10 -11 -12 12 -14 -15 -16 17 -18 19 -20 20 25 22 -24 24 -26 26 27 -29 -30 -31
leaf_value=0.11769177346002489 -0.12913370209435623 -0.069542552034060165 0.14899542907605301 -0.028052528931394868 0.00098760537803173061 0.03325002717971802 0.12827522856338572 0.075354721237506195 0.073046958856284622 -0.13922557362283652 -0.088817618708861512 0.014296233789487321 0.067414462843384496 -0.094201014935970315 -0.028743764410416286 -0.036871238350868224 -0.092943285254610555 0.0042401516478384541 0.13957025998582442 0.11206843451811717 -0.030437128479531575 -0.06453850611613425 0.044398746241917135 -0.07065949350595474 0.10745548711468776 0.010837375730663151 -0.11740327179764531 0.042967361483075055 0.20244798592545768 -0.13062119928368351
leaf_weight=21 30 36 37 23 32 25 24 28 20 26 38 22 39 31 30 20 37 2357 24 39 214 134 119 20 36 77 56 46 22 57
leaf_count=21 30 36 37 23 32 25 24 28 20 26 38 22 39 31 30 20 37 2357 24 39 214 134 119 20 36 77 56 46 22 57
internal_value=1.13626e-10 -0.00114659 0.0138194 0.081127 0.000236382 0.000988715 0.0555394 -0.00412927 -0.030572 -0.0530979 -0.0191687 0.0220794 0.000254888 -0.0491644 -0.0789387 5.82122e-05 -0.0420589 0.000868911 0.0593696 5.87032e-05 -0.0119604 0.00994588 -0.00294337 -0.0325945 0.043843 -0.0281117 0.00343407 -0.0450793 0.0534175 -0.0515091
internal_weight=3720 3435 285 60 3375 3339 56 225 112 92 66 113 92 53 60 3283 62 3221 44 3177 820 348 309 190 56 472 201 102 99 271
internal_count=3720 3435 285 60 3375 3339 56 225 112 92 66 113 92 53 60 3283 62 3221 44 3177 820 348 309 190 56 472 201 102 99 271
is_linear=0
shrinkage=0.05


Tree=98
num_leaves=31
num_cat=0
split_feature=5 8 1 2 4 6 1 4 0 1 2 1 3 3 2 8 3 3 7 4 4 4 8 8 4 4 0 4 3 4
split_gain=23.5393 52.1627 55.5 34.572 64.5708 30.7706 77.0494 261.031 120.239 85.485 135.369 157.664 73.4013 64.2264 41.4068 166.934 199.131 233.575 228.812 154.297 128.224 111.521 92.4882 81.7974 169.026 227.33 174.255 154.423 146.394 151.99
threshold=17.294418306914732 1.5000000000000002 12.500000000000002 20.642857142857149 20.308126986563448 1.0000000180025095e-35 12.500000000000002 12.82836191910218 12.500000000000002 14.500000000000002 12.785714285714286 21.500000000000004 7.0050983275386596 6.0808047693839553 18.214285714285719 2.5000000000000004 8.8868548250594888 6.6939916200667469 0.30242799912791579 18.810705281048129 18.323573397838395 18.577152796697771 3.5000000000000004 2.5000000000000004 9.8990604432868619 11.533208611452681 15.500000000000002 11.005468809243625 4.4614753058558785 13.332321426005327
decision_type=2 2 2 2 2 2 2 2 2 2 2 2 2 2 2 2 2 2 2 2 2 2 2 2 2 2 2 2 2 2
left_child=3 -2 -3 4 5 14 7 -7 -9 -8 -11 12 -12 -10 19 20 17 -17 -19 21 -16 23 -21 24 -1 26 27 -26 29 -27
right_child=1 2 -4 -5 -6 6 9 8 13 10 11 -13 -14 -15 15 16 -18 18 -20 22 -22 -23 -24 -25 25 28 -28 -29 -30 -31
leaf_value=-0.082772668038911021 0.031080928831188764 0.0089446525682102557 -0.092401823231152133 -0.063363757157432185 0.076610750066382557 0.091775125723618733 0.079942048410885036 -0.0097764029618232495 -0.06837426268536112 -0.10812173291508641 0.019120631957876274 0.10244473966167254 -0.097788838684558871 -0.17721711699145312 -0.08836748932742261 0.10630368969589472 0.20672922804951668 -0.17067918841327942 0.060060690648176457 -0.16439708410338924 0.035323659786954523 0.1113419711265875 -0.02383092075586319 -0.0062134467699651976 0.072415923712582417 -0.027853858499138646 -0.0060911691614559723 0.21717301827889904 0.00078469891799613832 0.10065339442440553
leaf_weight=47 27 22 35 21 28 26 32 31 23 28 29 34 25 33 44 50 20 21 22 22 40 23 25 1756 58 33 42 27 1020 76
leaf_count=47 27 22 35 21 28 26 32 31 23 28 29 34 25 33 44 50 20 21 22 22 40 23 25 1756 58 33 42 27 1020 76
internal_value=-1.8142e-10 -0.0261678 -0.0532856 0.000604537 0.000976137 0.000385736 -0.0161458 -0.0472362 -0.0887798 0.00759213 -0.0123665 0.0181011 -0.0350041 -0.132514 0.00168301 0.0239168 0.0636004 0.03282 -0.0526262 0.000283179 -0.0294669 0.00165431 -0.0896278 0.000829589 0.0103212 0.0138048 0.0772281 0.118398 0.00667039 0.0617475
internal_weight=3720 84 57 3636 3615 3587 261 113 87 148 116 88 54 56 3326 197 113 93 43 3129 84 3082 47 3059 1303 1256 127 85 1129 109
internal_count=3720 84 57 3636 3615 3587 261 113 87 148 116 88 54 56 3326 197 113 93 43 3129 84 3082 47 3059 1303 1256 127 85 1129 109
is_linear=0
shrinkage=0.05


Tree=99
num_leaves=31
num_cat=0
split_feature=7 0 1 4 5 5 7 0 2 3 9 1 0 4 7 5 0 1 5 5 1 3 3 3 3 3 8 4 1 4
split_gain=23.613 187.073 208.864 101.216 158.801 172.633 76.0045 301.056 223.467 165.906 151.755 193.433 113.292 83.1913 74.2844 203.388 129.28 67.2429 63.4824 54.124 157.892 132.76 117.345 186.44 92.3773 111.874 96.659 90.626 90.4615 80.2419
threshold=0.81560440812257118 8.5000000000000018 16.500000000000004 11.272171093664431 15.571509696083039 15.096075002343236 0.77279574640276405 14.500000000000002 13.214285714285717 8.1196409575129174 2.5000000000000004 17.500000000000004 7.5000000000000009 15.927495168057996 0.75270044168274863 14.711238397240932 16.500000000000004 17.500000000000004 16.332466246636233 12.65415813906198 10.500000000000002 6.2163376255910707 6.6939916200667469 7.5023805745719327 4.2426406871192945 4.7258156262526185 2.5000000000000004 11.10378243491982 7.5000000000000009 9.8990604432868619
decision_type=2 2 2 2 2 2 2 2 2 2 2 2 2 2 2 2 2 2 2 2 2 2 2 2 2 2 2 2 2 2
left_child=6 2 -2 -3 5 17 14 8 12 10 -9 -12 -8 -10 19 -16 -17 -5 -6 20 21 28 24 -24 -22 -26 -27 -23 -1 -21
right_child=1 3 -4 4 18 -7 7 9 13 -11 11 -13 -14 -15 15 16 -18 -19 -20 29 22 27 23 -25 25 26 -28 -29 -30 -31
leaf_value=0.066712653711438183 -0.018680334043118262 -0.14877805475145578 0.18276036192070355 0.00334347009738075 -0.17145513441591037 0.12294673022721934 -0.042244068533182147 0.010994357367356619 -0.1762673504340152 -0.017907324626489921 0.24677703475410287 0.060220463946461682 0.11888526866290097 -0.043194802522497334 -0.13283616324004374 0.10373243611926836 -0.064069545529359437 -0.098150538504123697 -0.046985317319631577 -0.072723387143550783 0.051834322139620782 -0.050804128854171099 0.166565809331157 -0.025066673159599307 -0.15354847424137205 -0.092483224976679379 0.03095457980675357 0.092860287614166745 0.21529565716073629 -0.00053008717564360258
leaf_weight=20 31 20 22 47 21 24 20 21 24 27 33 24 24 23 38 24 22 25 20 39 24 23 22 30 23 29 35 21 21 2943
leaf_count=20 31 20 22 47 21 24 20 21 24 27 33 24 24 23 38 24 22 25 20 39 24 23 22 30 23 29 35 21 21 2943
internal_value=1.31732e-10 -0.0162861 0.0649366 -0.0437052 -0.0283662 0.00681355 0.000974384 0.0312285 -0.0353355 0.0889173 0.125895 0.168227 0.0456447 -0.111147 -0.000814936 -0.0472348 0.0234793 -0.0318975 -0.110738 0.000392269 0.0228358 0.0780827 -0.00597391 0.0560086 -0.0350108 -0.058968 -0.0249782 0.017763 0.142816 -0.00147427
internal_weight=3720 210 53 157 137 96 3510 196 91 105 78 57 44 47 3314 84 46 72 41 3230 248 85 163 52 111 87 64 44 41 2982
internal_count=3720 210 53 157 137 96 3510 196 91 105 78 57 44 47 3314 84 46 72 41 3230 248 85 163 52 111 87 64 44 41 2982
is_linear=0
shrinkage=0.05


Tree=100
num_leaves=31
num_cat=0
split_feature=0 0 7 7 9 4 4 5 3 4 5 3 2 7 3 1 3 3 3 8 8 8 8 3 4 4 7 2 7 7
split_gain=23.7956 71.2948 170.993 132.229 142.672 141.753 106.516 160.587 150.21 92.4959 68.2046 144.116 101.57 89.0793 86.8153 87.9348 83.4408 137.369 165.641 116.965 167.521 88.8441 77.7168 148.793 332.103 180.704 77.4381 67.4887 67.1479 62.2302
threshold=22.500000000000004 19.500000000000004 0.53615226711019826 0.63209106626866596 2.5000000000000004 14.912685315578861 15.134308845767416 15.571509696083039 5.9401779675119455 14.937182215204741 16.812504006790494 7.1580790187099312 18.928571428571434 0.79956766740021901 7.1846397000161089 7.5000000000000009 8.7150663194482352 8.1196409575129174 7.6547524895684349 1.5000000000000002 3.5000000000000004 2.5000000000000004 4.5000000000000009 6.9006555934235445 13.603894334081794 14.937182215204741 0.53158523097013355 16.785714285714288 0.49919894374383444 0.44576807838270699
decision_type=2 2 2 2 2 2 2 2 2 2 2 2 2 2 2 2 2 2 2 2 2 2 2 2 2 2 2 2 2 2
left_child=1 -1 6 9 -5 -6 29 -8 -9 -4 12 -12 13 14 15 -2 17 18 -16 -18 -21 -20 23 24 -17 -26 -19 -7 -22 -3
right_child=10 2 3 4 5 27 7 8 -10 -11 11 -13 -14 -15 16 22 19 26 21 20 28 -23 -24 -25 25 -27 -28 -29 -30 -31
leaf_value=0.001020168849908052 -0.049882826842367653 -0.066165867417174229 0.020750557333230973 -0.12661449008931716 0.09579081007412503 -0.095815337200959527 0.067018360370083865 -0.1619961039473613 -0.0071028751134872437 0.17281621851027013 -0.0075343296630308032 0.15454968117798371 -0.073728049565584236 -0.068664330605304608 -0.058434911951422697 -0.15873256969180974 0.1138987853191793 -0.14244838347037633 0.12558628787597023 -0.084792394529689452 0.13198000550270081 0.0028562951961468006 0.12166639845340679 0.15300522907858805 0.19033151656389236 -0.011307583451271058 -0.017260560732600943 0.0227601388314118 0.0067116121882977694 -0.15887213167936909
leaf_weight=2818 20 85 20 21 35 24 38 24 45 20 32 24 39 33 50 22 32 30 30 33 20 29 39 21 20 25 21 24 23 23
leaf_count=2818 20 85 20 21 35 24 38 24 45 20 32 24 39 33 50 22 32 30 30 33 20 29 39 21 20 25 21 24 23 23
internal_value=8.01607e-11 -0.00165325 -0.0226385 0.0195263 -0.010188 0.0192693 -0.0508791 -0.0155219 -0.0609788 0.0967834 0.00967288 0.0619302 0.00366382 0.0104011 0.0166882 0.0475664 -0.000248763 -0.0231703 0.00851996 0.0337091 -5.50241e-05 0.0652614 0.0629128 0.0368743 0.000474988 0.0783098 -0.0909005 -0.0365276 0.064976 -0.0859089
internal_weight=3720 3177 359 144 104 83 215 107 69 40 543 56 487 448 415 147 268 160 109 108 76 59 127 88 67 45 51 48 43 108
internal_count=3720 3177 359 144 104 83 215 107 69 40 543 56 487 448 415 147 268 160 109 108 76 59 127 88 67 45 51 48 43 108
is_linear=0
shrinkage=0.05


Tree=101
num_leaves=31
num_cat=0
split_feature=2 0 2 1 2 7 5 5 7 5 0 5 2 2 7 7 4 1 2 0 9 3 3 1 1 4 3 3 2 4
split_gain=24.244 99.6756 94.6524 79.156 54.029 171.4 73.9202 115.249 86.0821 71.5083 111.19 60.7161 73.8175 114.417 162.222 102.017 131.122 73.5715 76.5514 120.142 142.476 62.3722 60.6361 58.3352 58.7382 102.888 57.7464 53.851 136.718 193.823
threshold=20.357142857142858 17.500000000000004 19.500000000000004 14.500000000000002 18.071428571428573 0.75516464203108058 16.043660705057096 16.561232523093434 0.48611518252852687 17.209439227361155 19.500000000000004 16.057855167196909 17.928571428571434 17.214285714285719 0.78411548783517437 0.7251025635082774 17.289398909768494 6.5000000000000009 16.642857142857149 11.500000000000002 3.5000000000000004 7.5277265270908105 7.5498344352707463 31.500000000000004 28.500000000000004 14.138390172764355 6.6939916200667469 4.3861253103502671 14.214285714285717 16.069169918940464
decision_type=2 2 2 2 2 2 2 2 2 2 2 2 2 2 2 2 2 2 2 2 2 2 2 2 2 2 2 2 2 2
left_child=2 -2 4 -4 11 6 8 26 -6 10 -9 23 13 14 17 16 -15 -13 19 22 -21 -20 -19 24 27 -26 -8 28 -1 -30
right_child=1 -3 3 -5 5 -7 7 9 -10 -11 -12 12 -14 15 -16 -17 -18 18 21 20 -22 -23 -24 -25 25 -27 -28 -29 29 -31
leaf_value=0.045344755557089597 0.11661019122058697 -0.015316145303772717 -0.0061697989702224733 -0.10963268718785711 -0.058762128499604896 0.16403594873845578 0.1625432638078928 0.031892162852961085 0.043084389227442448 0.061956005658094705 -0.12930507607758046 0.059941735692943136 0.071769506186246876 -0.13919497615812967 0.12365565924417406 -0.17551079246681184 0.0079573481548123239 0.057188529836443763 0.06631881183591383 -0.032808745045331308 -0.17315974828194491 -0.040331268735015052 -0.050796594298802893 0.077314782142639163 0.0052617312719424568 -0.13433207693425092 0.049535167790376228 -0.00066607427225569217 -0.074258707717738376 0.08476428566155611
leaf_weight=199 22 41 38 36 59 20 20 23 32 26 20 24 20 24 21 20 41 26 29 40 33 26 26 25 33 22 26 2655 66 27
leaf_count=199 22 41 38 36 59 20 20 23 32 26 20 24 20 24 21 20 41 26 29 40 33 26 26 25 33 22 26 2655 66 27
internal_value=4.68853e-11 0.0307534 -0.000529795 -0.0565031 0.000626226 0.0242899 0.0107223 0.0373657 -0.022948 -0.00350327 -0.0430833 -0.000966858 -0.0213324 -0.0273389 -0.00866857 -0.0767605 -0.0463758 -0.0222902 -0.0332544 -0.0548834 -0.0962551 0.0159024 0.00319597 0.00125337 0.000619944 -0.0505758 0.0986691 0.00157541 0.0219561 -0.0280907
internal_weight=3720 63 3657 74 3583 226 206 115 91 69 43 3357 330 310 225 85 65 204 180 125 73 55 52 3027 3002 55 46 2947 292 93
internal_count=3720 63 3657 74 3583 226 206 115 91 69 43 3357 330 310 225 85 65 204 180 125 73 55 52 3027 3002 55 46 2947 292 93
is_linear=0
shrinkage=0.05


Tree=102
num_leaves=31
num_cat=0
split_feature=5 8 4 5 7 7 5 5 2 4 4 5 4 5 7 2 4 2 3 7 7 2 3 5 4 4 4 3 4 2
split_gain=23.875 47.8119 49.4139 34.9887 140.852 124.922 120.277 46.1041 91.3577 98.871 170.712 60.0187 59.134 139.981 104.863 180.271 156.376 155.368 97.2162 85.5814 109.239 85.7767 110.491 168.008 109.507 116.228 75.1991 374.417 112.079 153.744
threshold=17.294418306914732 1.5000000000000002 18.810705281048129 16.737414395340434 0.49919894374383444 0.26406676534111551 16.912558006388416 16.291758455811983 15.785714285714286 19.205305226628635 18.390028135169299 16.359734658383491 17.289398909768494 16.003217087141039 0.53615226711019826 17.357142857142858 17.558489049135996 16.214285714285719 7.0457685377819557 0.85543657113539207 0.846258922572793 17.357142857142858 6.2373681873657283 15.965178317552272 16.602551520606543 15.995030624743313 17.009895004831453 7.9162280580252782 15.658689860371426 14.642857142857144
decision_type=2 2 2 2 2 2 2 2 2 2 2 2 2 2 2 2 2 2 2 2 2 2 2 2 2 2 2 2 2 2
left_child=3 -2 -3 7 5 -5 -6 12 -9 10 11 -10 19 14 16 17 -14 -16 -15 20 21 26 -23 24 25 -24 28 -28 -1 -30
right_child=1 2 -4 4 6 -7 -8 8 9 -11 -12 -13 13 18 15 -17 -18 -19 -20 -21 -22 22 23 -25 -26 -27 27 -29 29 -31
leaf_value=-0.0021819302907318508 0.028455504002394501 -0.11326954180286045 -0.016759808402922419 0.030557806383479727 0.1766963763670488 -0.1076793129914082 0.026656985995085803 -0.10081653471570462 -0.074933838462135915 -0.07826924729859458 0.14227290795672506 0.0080065161751752545 0.084211426667336914 0.16093950303128135 0.073757528870002087 0.14330389646272507 -0.047440700088467069 -0.11679110687226057 0.03899130796674978 -0.081022067729270827 0.11357781078134264 -0.11960617628964512 0.044447583957545223 -0.12845368734560908 0.11728063002228738 -0.11015449017286301 -0.156547726222447 0.11050571283059461 -0.033305645552040505 0.040821770421308509
leaf_weight=2343 27 21 36 44 22 26 34 32 29 40 21 88 28 26 23 31 116 20 44 33 21 33 31 24 22 20 35 21 88 341
leaf_count=2343 27 21 36 44 22 26 34 32 29 40 21 88 28 26 23 31 116 20 44 33 21 33 31 24 22 20 35 21 88 341
internal_value=1.40888e-11 -0.0263537 -0.052316 0.000608832 0.0264963 -0.0207874 0.085601 -0.000320463 -0.0230366 -0.00905363 0.0110089 -0.0125513 0.00112511 0.0227704 0.00301753 0.0513922 -0.0218417 -0.0148697 0.0842864 -0.00094456 -5.74976e-05 -0.000864239 -0.0405764 -0.01369 0.0240405 -0.0161807 0.000961285 -0.0564027 0.00212015 0.0256161
internal_weight=3720 84 57 3636 126 70 56 3510 210 178 138 117 3300 288 218 74 144 43 70 3012 2979 2958 130 97 73 51 2828 56 2772 429
internal_count=3720 84 57 3636 126 70 56 3510 210 178 138 117 3300 288 218 74 144 43 70 3012 2979 2958 130 97 73 51 2828 56 2772 429
is_linear=0
shrinkage=0.05


Tree=103
num_leaves=31
num_cat=0
split_feature=7 7 7 2 5 9 8 7 7 4 7 5 1 5 2 2 7 5 7 3 3 2 8 8 5 4 7 2 7 2
split_gain=24.0088 42.6712 41.1584 103.462 104.982 102.279 172.986 40.1881 45.3213 294.788 74.9046 154.181 196.281 64.7802 57.6045 51.6889 194.767 155.685 102.567 95.3746 157.58 106.297 86.1335 170.609 73.5964 71.407 47.4505 92.9687 65.5162 59.4055
threshold=1.0000000180025095e-35 0.0078373048667990525 0.040506361211769308 12.214285714285717 14.637273632418633 4.5000000000000009 3.5000000000000004 0.050315332460686611 0.065758681759227611 14.240840132370948 0.099120481556777815 13.417928062306226 10.500000000000002 15.339917042936726 8.5000000000000018 11.071428571428573 0.54832137687450644 13.726329287863278 0.46235292041081527 4.7258156262526185 5.8145957563294024 10.071428571428573 2.5000000000000004 4.5000000000000009 12.65415813906198 10.000331866990015 0.10997748931255542 14.928571428571431 0.11758336274351622 20.357142857142858
decision_type=2 2 2 2 2 2 2 2 2 2 2 2 2 2 2 2 2 2 2 2 2 2 2 2 2 2 2 2 2 2
left_child=-1 -2 3 -3 -5 6 -6 -4 9 -9 11 -10 -13 -14 -12 16 18 22 19 21 -21 -16 -18 -24 -22 -17 27 -27 -28 -30
right_child=1 2 7 4 5 -7 -8 8 10 -11 14 12 13 -15 15 25 17 -19 -20 20 24 -23 23 -25 -26 26 28 -29 29 -31
leaf_value=0.050926606162734658 -0.059706011228263384 0.12096564304083586 -0.047872807913356359 -0.0568485618702003 0.00062029736445230602 -0.047267704294063156 0.17194716746990499 -0.083974678019204968 0.086923760885284071 0.13967831332017394 0.082974997588566371 -0.16114560939809855 -0.050752361147449569 0.043578874170114953 -0.008951379880309104 0.093761805125645234 -0.055845104062404387 0.15205059534027465 -0.14374842508523553 0.079388232032457984 -4.0334183722734455e-06 -0.16103520277473662 0.14014621798694135 -0.02803565471580154 -0.10565071706386174 0.10679269909858705 -0.078663961818585038 -0.022384265294441812 9.4595845592976903e-05 0.054546075259499699
leaf_weight=23 30 24 45 42 34 24 26 26 21 34 21 34 52 28 20 21 39 21 27 33 32 27 25 38 34 30 26 26 2806 51
leaf_count=23 30 24 45 42 34 24 26 26 21 34 21 34 52 28 20 21 39 21 27 33 32 27 25 38 34 30 26 26 2806 51
internal_value=8.52774e-13 -0.000316828 0.00016904 0.0258188 0.00769565 0.0399678 0.0748619 -0.000924924 -0.000316441 0.042762 -0.00107398 -0.0375738 -0.0605076 -0.0177364 0.00042968 -0.000102707 -0.0200244 0.0280765 -0.0542233 -0.0376673 -0.00982264 -0.0963187 0.00255237 0.0387032 -0.0544281 0.00188946 0.00123301 0.0468177 0.000347563 0.0010666
internal_weight=3720 3697 3667 150 126 84 60 3517 3472 60 3412 135 114 80 3277 3256 296 123 173 146 99 47 102 63 66 2960 2939 56 2883 2857
internal_count=3720 3697 3667 150 126 84 60 3517 3472 60 3412 135 114 80 3277 3256 296 123 173 146 99 47 102 63 66 2960 2939 56 2883 2857
is_linear=0
shrinkage=0.05


Tree=104
num_leaves=31
num_cat=0
split_feature=9 1 7 3 3 7 3 5 3 3 7 4 1 5 7 7 5 4 3 5 1 7 4 4 0 1 0 1 4 5
split_gain=23.5645 91.0394 95.7545 137.412 125.515 97.2139 154.67 127.15 95.1496 107.479 91.0417 106.515 91.5617 216.228 213.266 174.737 157.171 172.368 170.55 142.146 123.256 120.46 180.331 239.519 148.055 146.64 195.602 131.015 86.9689 109.008
threshold=2.5000000000000004 26.500000000000004 0.13711425348255882 3.0078843751231035 8.004461797259939 0.10523678859827851 5.3117078709447698 14.931187728976022 8.8209706840870865 9.8838433152543868 0.19167603529873947 14.771306808755488 8.5000000000000018 14.520704957788334 0.66758951237130348 0.41856757364393143 15.152395609213285 16.047465702977714 5.5248340202785045 13.69509551906698 15.500000000000002 0.67122532536049118 12.857556959421261 13.909566044065995 17.500000000000004 17.500000000000004 12.500000000000002 16.500000000000004 9.5334377140290378 11.96440974647628
decision_type=2 2 2 2 2 2 2 2 2 2 2 2 2 2 2 2 2 2 2 2 2 2 2 2 2 2 2 2 2 2
left_child=1 2 4 -4 5 6 -1 -8 10 -10 11 -5 14 21 15 19 18 20 -15 -12 -18 22 25 -24 27 26 -14 -23 29 -2
right_child=28 -3 3 8 -6 -7 7 -9 9 -11 12 -13 13 16 -16 -17 17 -19 -20 -21 -22 24 23 -25 -26 -27 -28 -29 -30 -31
leaf_value=-0.054858303201549198 -0.025173573493957518 -0.076178543435202709 0.10756556863586109 -0.13894948533199955 -0.077974877471015572 0.13608213495463134 0.018467411398887634 0.17068383905874648 0.067289754215341349 -0.062821374441097894 -0.1207511456310749 0.0012184448216272436 0.1294478659682414 0.029520830735564232 0.048453807651710055 -0.15274388641119005 0.12968110431850488 -0.065809662543958244 -0.13873036862885366 0.055117697165244152 -0.013965397619176657 -0.042063519230910715 0.20074221745665588 0.031556560636426395 -0.13720192435112866 -0.083124422424418087 -0.03778225113120344 0.11835819840431215 0.0011170608297622682 0.12362882923334838
leaf_weight=34 20 45 24 33 21 28 34 23 65 21 20 23 34 20 39 52 28 62 61 27 32 35 35 52 22 34 36 20 2708 32
leaf_count=34 20 45 24 33 21 28 34 23 65 21 20 23 34 20 39 52 28 62 61 27 32 35 35 52 22 34 36 20 2708 32
internal_value=1.38861e-10 -0.00674755 -0.00333291 -0.0102076 0.0347233 0.0546112 0.0295433 0.0798881 -0.0139713 0.0355184 -0.0203715 -0.0813805 -0.0147615 -0.00426731 -0.0505785 -0.0895912 -0.0431929 -0.00734443 -0.0971869 -0.0197201 0.0530696 0.0252174 0.0465013 0.0996198 -0.0275779 0.00206573 0.0434438 0.0162717 0.00234698 0.0663971
internal_weight=3720 960 915 775 140 119 91 57 751 86 665 56 609 471 138 99 203 122 81 47 60 268 191 87 77 104 70 55 2760 52
internal_count=3720 960 915 775 140 119 91 57 751 86 665 56 609 471 138 99 203 122 81 47 60 268 191 87 77 104 70 55 2760 52
is_linear=0
shrinkage=0.05


Tree=105
num_leaves=31
num_cat=0
split_feature=0 0 7 7 9 4 4 7 7 8 4 4 9 5 3 2 7 3 1 0 7 2 2 3 4 9 5 0 5 2
split_gain=23.1142 62.9487 151.332 118.882 124.759 130.668 96.0006 112.673 241.532 96.3023 81.6919 70.484 88.3849 60.7327 127.607 92.3284 84.3842 213.621 161.737 127.956 216.361 123.901 123.132 256.538 96.1927 106.79 122.784 201.473 76.3055 59.5985
threshold=22.500000000000004 19.500000000000004 0.53615226711019826 0.63209106626866596 2.5000000000000004 14.912685315578861 14.463583661624122 0.23494646496342292 0.14898274817078697 3.5000000000000004 14.937182215204741 12.235269883392474 3.5000000000000004 16.812504006790494 7.1580790187099312 18.928571428571434 0.42915757408335492 5.7981934789249303 6.5000000000000009 25.500000000000004 0.30610121584649913 16.214285714285719 14.928571428571431 8.7450666364637009 16.508165416920836 3.5000000000000004 14.355719418458262 25.500000000000004 13.912681274774092 16.785714285714288
decision_type=2 2 2 2 2 2 2 2 2 2 2 2 2 2 2 2 2 2 2 2 2 2 2 2 2 2 2 2 2 2
left_child=1 -1 6 10 -5 -6 11 8 -8 -9 -4 -3 -13 15 -15 16 17 -2 -18 20 21 28 -21 -24 25 -20 -27 -28 -19 -7
right_child=13 2 3 4 5 29 7 9 -10 -11 -12 12 -14 14 -16 -17 18 19 24 22 -22 -23 23 -25 -26 26 27 -29 -30 -31
leaf_value=0.00088266223114798691 0.1614519778106894 -0.021352816235136102 0.020118317380547524 -0.11872859122231604 0.091158521175384533 -0.091595168411731723 0.015096967584557003 -0.026747918511299713 -0.18489635586738587 0.09545720682612488 0.16302733112126588 -0.046827583551406864 -0.16991984530751195 -0.0065194209106266502 0.14599825087934734 -0.069923985520234475 0.11482085196058388 -0.013680988042192026 -0.082336606211369734 -0.11090508818626404 0.16870864403658903 -0.09545060772271384 -0.066933559908009158 0.13383903400256084 0.044628337002359332 0.08816358011502487 -0.14598183242174298 0.041401426098309463 0.11800864216956226 0.019833484773213665
leaf_weight=2818 28 27 20 21 35 24 36 38 26 28 20 25 35 32 24 39 23 22 82 30 29 21 41 26 40 26 26 32 22 24
leaf_count=2818 28 27 20 21 35 24 36 38 26 28 20 25 35 32 24 39 23 22 82 30 29 21 41 26 40 26 26 32 22 24
internal_value=9.01053e-11 -0.00162941 -0.0213481 0.0183186 -0.00985608 0.01769 -0.0479156 -0.0203706 -0.0687712 0.0250967 0.0915728 -0.0884415 -0.118631 0.00953337 0.0588453 0.00386301 0.0102864 0.0324764 -0.0109346 0.013569 0.0551415 0.00447301 -0.0267177 0.0109782 -0.0249752 -0.0417472 -0.00212415 -0.042598 0.0521638 -0.0358808
internal_weight=3720 3177 359 144 104 83 215 128 62 66 40 87 60 543 56 487 448 219 229 191 94 65 97 67 206 166 84 58 44 48
internal_count=3720 3177 359 144 104 83 215 128 62 66 40 87 60 543 56 487 448 219 229 191 94 65 97 67 206 166 84 58 44 48
is_linear=0
shrinkage=0.05


Tree=106
num_leaves=31
num_cat=0
split_feature=5 1 0 3 2 5 8 3 3 5 2 5 4 0 9 3 1 1 5 8 5 3 7 1 5 7 3 2 8 3
split_gain=22.7555 46.0644 70.6587 30.9881 98.1554 132.825 107.993 89.066 130.064 92.2763 214.196 214.03 151.79 127.819 84.3526 83.8301 214.76 178.55 176.113 138.716 128.181 117.013 217.757 220.734 208.737 205.193 163.021 276.892 213.439 124.901
threshold=17.294418306914732 15.500000000000002 19.500000000000004 9.6164541529708618 13.357142857142859 14.233363705059547 1.5000000000000002 8.8209706840870865 8.9176119222137604 14.614777761740365 14.500000000000002 15.018826939267624 16.508165416920836 17.500000000000004 3.5000000000000004 8.1998838551588875 8.5000000000000018 6.5000000000000009 16.203624186844724 1.0000000180025095e-35 15.755348725419303 7.7120808136449526 0.48611518252852687 8.5000000000000018 15.695498562224804 0.39470850881489089 7.3872476993416631 12.642857142857144 2.5000000000000004 7.0845229123514875
decision_type=2 2 2 2 2 2 2 2 2 2 2 2 2 2 2 2 2 2 2 2 2 2 2 2 2 2 2 2 2 2
left_child=3 2 -2 7 -5 -6 -7 15 -9 10 -10 -11 14 -14 -13 21 17 -17 19 -18 -21 26 25 -24 -25 -23 29 28 -28 -1
right_child=1 -3 -4 4 5 6 -8 8 9 11 -12 12 13 -15 -16 16 18 -19 -20 20 -22 22 23 24 -26 -27 27 -29 -30 -31
leaf_value=-0.0013154408987902163 -0.044933102599212099 -0.068483024587233862 0.078116268664598476 -0.092225192084505747 0.10135174886538433 -0.10357033780986263 0.0054495795838096564 0.11085587963461876 0.044789674023495006 0.1757428394711536 -0.14585518607726464 0.012219004674504201 0.010202123653467021 0.15725989967838608 -0.1166109121956483 -0.024486449391891561 0.13399534122574897 -0.21541584953665735 -0.10927441827952862 -0.018509129825092497 0.11640791237354278 0.017360496458464436 0.19114091086667032 0.0040859761508716935 0.15898185593300854 -0.12673520197470983 0.17162400136391323 -0.067485521655833852 -0.02995282820714959 0.037306081016291064
leaf_weight=2143 28 36 20 37 26 31 85 42 34 23 26 24 45 22 27 24 21 25 35 147 20 140 32 87 29 30 24 196 29 232
leaf_count=2143 28 36 20 37 26 31 85 42 34 23 26 24 45 22 27 24 21 25 35 147 20 140 32 87 29 30 24 196 29 232
internal_value=-8.92971e-11 -0.0257285 0.00633747 0.000594387 -0.0196908 -0.000790991 -0.0236851 0.00164473 0.0308322 0.0141108 -0.0378231 0.0362104 0.00901335 0.0584898 -0.0559851 -0.000562034 -0.0271193 -0.121899 -0.00629321 0.0128788 -0.0023514 0.0018933 0.0305373 0.0748815 0.0428099 -0.00806816 -0.00157805 -0.0400675 0.0613272 0.00245727
internal_weight=3720 84 48 3636 179 142 116 3457 243 201 60 141 118 67 51 3214 272 49 223 188 167 2942 318 148 116 170 2624 249 53 2375
internal_count=3720 84 48 3636 179 142 116 3457 243 201 60 141 118 67 51 3214 272 49 223 188 167 2942 318 148 116 170 2624 249 53 2375
is_linear=0
shrinkage=0.05


Tree=107
num_leaves=31
num_cat=0
split_feature=7 7 7 2 5 4 2 7 5 7 5 5 8 3 3 3 2 4 4 5 3 3 7 7 4 4 5 1 1 7
split_gain=21.6657 37.4778 36.4872 93.8455 91.3596 101.251 147.623 36.5907 41.528 188.92 116.955 100.913 215.162 187.305 166.781 124.524 113.158 143.21 263.08 207.94 111.875 119.566 107.88 126.77 133.071 107.993 111.893 208.138 189.625 105.555
threshold=1.0000000180025095e-35 0.0078373048667990525 0.040506361211769308 12.214285714285717 14.637273632418633 14.912685315578861 16.642857142857149 0.050315332460686611 14.894500689213002 0.061435934677514313 15.314633149065839 14.483575977798775 2.5000000000000004 3.3058370287123595 5.0473944244719382 7.7797043746761423 13.071428571428573 15.151068968585912 14.353892941482075 14.654020148029447 7.7613204571190906 6.6726154385997924 0.19167603529873947 0.16126320448096124 12.611393190199843 10.436263422837783 13.05677546761016 8.5000000000000018 13.500000000000002 0.20276527499251709
decision_type=2 2 2 2 2 2 2 2 2 2 2 2 2 2 2 2 2 2 2 2 2 2 2 2 2 2 2 2 2 2
left_child=-1 -2 3 -3 -5 -6 -7 -4 11 -10 -11 13 15 -9 -14 -13 -16 18 19 -18 21 -19 23 25 -25 -15 28 -28 -27 -24
right_child=1 2 7 4 5 6 -8 8 9 10 -12 12 14 22 16 -17 17 20 -20 -21 -22 -23 29 24 -26 26 27 -29 -30 -31
leaf_value=0.048377798692039821 -0.055958897496263184 0.1149220413217942 -0.045673052387105097 -0.053166745283773964 0.12930416108786383 -0.075232955118020375 0.079152964265085765 0.095831754148006446 0.15861561685800551 0.028841401890627207 -0.0040088831244580935 -0.0096157633502718439 -0.15094418754535063 -0.11483773245759632 -0.11727285202139535 0.090259500397369269 -0.13467617191374301 -0.037380878999829295 0.16986293922299925 0.078745364575158988 0.017778907327548318 -0.20417761192435313 0.11738797649741173 -0.013178273261739657 -0.16546591627411544 0.024175769487267424 -0.084891826346997296 0.065331065290504031 -0.16806989626392077 0.0016068479053670173
leaf_weight=23 30 24 45 42 22 30 32 50 20 357 1124 142 42 23 37 40 25 22 23 21 23 21 20 26 32 29 31 90 23 1251
leaf_count=23 30 24 45 42 22 30 32 50 20 357 1124 142 42 23 37 40 25 22 23 21 23 21 20 26 32 29 31 90 23 1251
internal_value=-2.10008e-10 -0.000300971 0.000154371 0.0243048 0.0070444 0.03715 0.0044501 -0.000875646 -0.000295034 0.00597116 0.00390979 -0.00506701 -0.0276298 0.000605931 -0.0616185 0.0123348 -0.0398064 -0.0185748 0.0317912 -0.0372446 -0.0712302 -0.11884 -0.00251623 -0.0322645 -0.097199 -0.0130491 0.000483462 0.0268442 -0.060856 0.00342874
internal_weight=3720 3697 3667 150 126 84 62 3517 3472 1501 1481 1971 396 1575 214 182 172 135 69 46 66 43 1525 254 58 196 173 121 52 1271
internal_count=3720 3697 3667 150 126 84 62 3517 3472 1501 1481 1971 396 1575 214 182 172 135 69 46 66 43 1525 254 58 196 173 121 52 1271
is_linear=0
shrinkage=0.05


Tree=108
num_leaves=31
num_cat=0
split_feature=7 0 1 5 5 9 7 0 2 3 9 1 0 4 7 5 0 1 5 5 1 3 7 3 7 4 1 4 3 3
split_gain=21.7438 167.422 188.151 91.2631 150.367 265.219 64.2353 270.622 201.919 141.704 130.643 170.668 101.044 69.9878 67.123 180.517 100.232 57.9146 56.2104 48.5109 140.578 118.05 105.062 119.08 117.33 83.1797 79.0218 76.9654 69.3452 67.6214
threshold=0.81560440812257118 8.5000000000000018 16.500000000000004 13.08245578241417 15.571509696083039 3.5000000000000004 0.77279574640276405 14.500000000000002 13.214285714285717 8.1196409575129174 2.5000000000000004 17.500000000000004 7.5000000000000009 15.927495168057996 0.75270044168274863 14.590649883729599 16.500000000000004 12.500000000000002 16.332466246636233 12.65415813906198 10.500000000000002 6.2163376255910707 0.21570941858817763 6.6939916200667469 0.46235292041081527 11.10378243491982 7.5000000000000009 9.8990604432868619 7.7428922859859668 4.7759317216145121
decision_type=2 2 2 2 2 2 2 2 2 2 2 2 2 2 2 2 2 2 2 2 2 2 2 2 2 2 2 2 2 2
left_child=6 2 -2 -3 5 17 14 8 12 10 -9 -12 -8 -10 19 -16 -17 -5 -6 20 21 26 -22 24 -24 -23 -1 -21 -25 -26
right_child=1 3 -4 4 18 -7 7 9 13 -11 11 -13 -14 -15 15 16 -18 -19 -20 27 22 25 23 28 29 -27 -28 -29 -30 -31
leaf_value=0.063728379756212247 -0.018152423010718437 -0.1335818582173923 0.17303939786824316 -0.0066036172211170197 -0.16267806972776142 0.11097672101306288 -0.040387020483613013 0.011008992649260023 -0.16615488162885111 -0.015282634176589824 0.23067800976110228 0.055443026001254718 0.11178393128017586 -0.044098452284284266 -0.12947220570511289 0.085104461128895109 -0.059904821555722847 -0.10937202953059098 -0.045554128438234337 -0.071108820499517986 -0.06856252598635694 -0.048754348443902057 0.05421688005779729 0.15571584269404412 -0.13530036090385347 0.088881503364869538 0.2025991369571005 -0.00040479238148059696 0.024048427939414981 -0.00986346643079411
leaf_weight=20 31 23 22 26 21 38 20 21 24 27 33 24 24 23 36 26 22 29 20 39 47 23 33 20 21 21 21 2943 20 22
leaf_count=20 31 23 22 26 21 38 20 21 24 27 33 24 24 23 36 26 22 29 20 39 47 23 33 20 21 21 21 2943 20 22
internal_value=-3.69587e-11 -0.0156282 0.0612102 -0.0415673 -0.0257738 0.0093939 0.000935023 0.0287483 -0.0343616 0.0834435 0.117618 0.156895 0.0426153 -0.106425 -0.000709936 -0.0448356 0.0186419 -0.0607906 -0.105544 0.000437605 0.0216855 0.0738154 -0.00549877 0.0200529 -0.0166993 0.0169355 0.134857 -0.00132949 0.0898821 -0.0711233
internal_weight=3720 210 53 157 134 93 3510 196 91 105 78 57 44 47 3314 84 48 55 41 3230 248 85 163 116 76 44 41 2982 40 43
internal_count=3720 210 53 157 134 93 3510 196 91 105 78 57 44 47 3314 84 48 55 41 3230 248 85 163 116 76 44 41 2982 40 43
is_linear=0
shrinkage=0.05


Tree=109
num_leaves=31
num_cat=0
split_feature=5 8 1 2 4 6 1 4 0 1 2 1 3 3 7 4 8 7 9 4 7 0 3 3 2 7 3 8 5 4
split_gain=20.6546 43.4539 45.2757 29.8283 54.4693 27.7447 71.7631 210.554 107.547 70.2801 116.351 136.905 68.4855 53.6666 35.9257 125.264 182.192 145.544 161.935 100.41 70.4085 178.299 164.567 92.517 191.083 83.8021 193.583 66.79 66.2015 72.8108
threshold=17.294418306914732 1.5000000000000002 12.500000000000002 20.642857142857149 20.308126986563448 1.0000000180025095e-35 12.500000000000002 12.82836191910218 12.500000000000002 14.500000000000002 12.785714285714286 21.500000000000004 7.0050983275386596 6.0808047693839553 0.81274868348893181 16.888714245503976 3.5000000000000004 0.83955413393916645 3.5000000000000004 14.324538393890881 0.77279574640276405 15.500000000000002 8.1196409575129174 7.2440451735332534 13.214285714285717 0.75270044168274863 6.3919581492782198 3.5000000000000004 16.981978212425521 14.324538393890881
decision_type=2 2 2 2 2 2 2 2 2 2 2 2 2 2 2 2 2 2 2 2 2 2 2 2 2 2 2 2 2 2
left_child=3 -2 -3 4 5 14 7 -7 -9 -8 -11 12 -12 -10 20 16 17 18 -16 -18 25 23 27 24 -22 28 -27 -23 29 -1
right_child=1 2 -4 -5 -6 6 9 8 13 10 11 -13 -14 -15 15 -17 19 -19 -20 -21 21 22 -24 -25 -26 26 -28 -29 -30 -31
leaf_value=-0.0046477189004419921 0.027739662649454894 0.0069438445297154514 -0.084592708306653164 -0.058851589519707925 0.070378449027027404 0.079515796326673951 0.073181490181013942 -0.0079271547255977508 -0.065375869883143381 -0.09929047874507628 0.020525387083661969 0.096325401211267009 -0.092401426434516917 -0.16486945031210781 -0.0831193879885333 -0.10334975241372985 -0.0160998125108225 0.10798814555799419 0.073807606922702926 -0.14729886287450791 0.027294893606620674 0.081083617080003029 -0.026874312564082771 0.055642952601755828 -0.15277037460070392 -0.13451133966445925 0.027288048204622772 0.18682558164000512 -0.059848720953977176 0.011392329507346472
leaf_weight=1412 27 22 35 21 28 26 32 31 23 28 29 34 25 33 35 36 35 44 31 25 34 32 23 31 26 36 38 28 42 1418
leaf_count=1412 27 22 35 21 28 26 32 31 23 28 29 34 25 33 35 36 35 44 31 25 34 32 23 31 26 36 38 28 42 1418
internal_value=1.17805e-10 -0.024512 -0.0492628 0.000566284 0.00091145 0.000369193 -0.0153285 -0.0453333 -0.0826446 0.00758067 -0.0105161 0.0177303 -0.0317555 -0.124006 0.00160103 -0.0186224 -0.000680173 0.0375485 -0.00941125 -0.0707661 0.0029363 0.0338426 0.0868396 -0.0144953 -0.0507334 0.00111087 -0.0514252 0.13043 0.00246452 0.00338931
internal_weight=3720 84 57 3636 3615 3587 261 113 87 148 116 88 54 56 3326 206 170 110 66 60 3120 174 83 91 60 2946 74 60 2872 2830
internal_count=3720 84 57 3636 3615 3587 261 113 87 148 116 88 54 56 3326 206 170 110 66 60 3120 174 83 91 60 2946 74 60 2872 2830
is_linear=0
shrinkage=0.05


Tree=110
num_leaves=31
num_cat=0
split_feature=2 0 2 1 7 2 5 3 4 3 9 1 1 4 3 1 7 8 4 9 4 7 4 0 0 3 8 5 3 0
split_gain=22.1707 88.259 85.8452 69.2942 48.019 46.3205 121.122 80.1312 79.0571 100.062 71.8042 169.508 113.923 56.0653 49.5947 49.1712 45.7409 51.0641 160.555 155.493 237.097 198.36 214.968 204.576 177.563 214.851 459.81 205.686 172.669 229.841
threshold=20.357142857142858 17.500000000000004 19.500000000000004 14.500000000000002 0.43179026241201307 18.214285714285719 15.659357055125772 8.7545905269017208 18.810705281048129 8.004461797259939 3.5000000000000004 18.500000000000004 10.500000000000002 18.390028135169299 6.5027466724234548 2.5000000000000004 0.85828653656682741 2.5000000000000004 9.2623245283222833 3.5000000000000004 9.8990604432868619 0.80978894929472933 12.059038495772608 7.5000000000000009 11.500000000000002 7.1280799525204452 1.5000000000000002 14.289641590903711 5.4598098693566106 23.500000000000004
decision_type=2 2 2 2 2 2 2 2 2 2 2 2 2 2 2 2 2 2 2 2 2 2 2 2 2 2 2 2 2 2
left_child=2 -2 5 -4 -3 8 -7 10 13 -10 12 14 -8 15 -12 -1 17 19 -19 20 -17 22 23 -21 25 26 27 -24 -26 -30
right_child=1 4 3 -5 -6 6 7 -9 9 -11 11 -13 -14 -15 -16 16 -18 18 -20 21 -22 -23 24 -25 28 -27 -28 -29 29 -31
leaf_value=-0.059367182206894679 0.11019943600351162 -0.069389069825410848 -0.0067186262458562851 -0.10352220167923305 0.038864901448999137 -0.057470884712205995 0.16120899133273359 0.11930437743149956 0.031237050181343443 -0.10354407029226423 -0.11783872220827185 0.092078867209730325 0.0093671908974647528 0.059134755018167201 -0.010181527473032475 -0.12828092704980801 -0.071638262678276415 0.10990733767549198 -0.006723110163913408 -0.046120024634444201 -0.0015225932606676173 0.13745628263096552 -0.18362956226899707 0.12332168225246141 0.045199046035607655 0.1000196904429923 0.14025484789828105 -0.0047012300127082405 -0.062376919684160238 0.043030139092089879
leaf_weight=35 22 20 38 36 21 36 21 29 21 40 23 27 30 40 20 39 22 30 1799 23 682 37 29 79 90 92 35 36 198 70
leaf_count=35 22 20 38 36 21 36 21 29 21 40 23 27 30 40 20 39 22 30 1799 23 682 37 29 79 90 92 35 36 198 70
internal_value=1.66282e-10 0.029409 -0.000506636 -0.0538123 -0.0139419 0.000594289 0.0248897 0.0446563 -0.000735987 -0.057144 0.0267654 -0.00611131 0.0718903 0.000295454 -0.0677656 -0.000418615 0.000214074 0.000702111 -0.00481009 0.00785234 -0.00837915 0.0248377 0.0184467 0.0851142 0.00608295 0.0448762 -0.00585582 -0.0845308 -0.0147224 -0.0348452
internal_weight=3720 63 3657 74 41 3583 186 150 3397 61 121 70 51 3336 43 3296 3261 3239 1829 1410 721 689 652 102 550 192 100 65 358 268
internal_count=3720 63 3657 74 41 3583 186 150 3397 61 121 70 51 3336 43 3296 3261 3239 1829 1410 721 689 652 102 550 192 100 65 358 268
is_linear=0
shrinkage=0.05


Tree=111
num_leaves=31
num_cat=0
split_feature=9 4 2 2 4 4 5 1 1 1 8 5 7 4 8 3 0 4 4 4 4 3 4 4 3 7 7 7 1 1
split_gain=21.9255 141.874 109.852 262.157 112.184 197.412 104.447 83.9138 82.8017 143.618 134.191 170.435 147.884 118.286 104.348 157.021 100.284 121.237 105.796 93.1166 170.826 210.546 134.243 243.961 123.932 123.259 166.086 118.123 105.016 181.226
threshold=4.5000000000000009 10.000331866990015 10.928571428571431 11.357142857142859 11.581462411786573 11.948291405317837 13.126793414830354 4.5000000000000009 11.500000000000002 7.5000000000000009 3.5000000000000004 14.492146989661423 0.64272149733980921 14.988104098923261 3.5000000000000004 6.9710282727036583 22.500000000000004 15.30977326226084 12.761707183731898 16.6754410112679 17.095583060955651 6.8260702496863734 15.458577190588926 14.743647385282829 7.5671594595926281 0.25385127026782267 0.51975123447133098 0.31681617810221518 15.500000000000002 19.500000000000004
decision_type=2 2 2 2 2 2 2 2 2 2 2 2 2 2 2 2 2 2 2 2 2 2 2 2 2 2 2 2 2 2
left_child=-1 -2 6 -4 -5 -6 -3 -7 9 14 12 -12 13 -11 -9 -16 18 -18 -10 22 -21 -22 23 24 28 -24 -27 -25 -20 -30
right_child=1 2 3 4 5 7 -8 8 16 10 11 -13 -14 -15 15 -17 17 -19 19 20 21 -23 25 27 -26 26 -28 -29 29 -31
leaf_value=0.0022162203030163378 0.095168194084456481 -0.15179286699455519 0.14702603441697579 -0.097621586090988588 0.14771742749959232 0.060048343974929787 -0.0018687926587604342 -0.041588892230727509 -0.091493227609839189 -0.15412989211082462 -0.013467171322554351 -0.19463094104383444 0.083258965540499927 -0.012556834694825943 -0.020666064746677877 0.1672957400418818 0.11406835477446785 -0.01392909833104224 0.12946830908767878 -0.1560629698376243 -0.1085131616331637 0.056384019736124551 0.15942052838206291 -0.014087003110735505 -0.052473207663845368 -0.086023750901222232 0.10906972840117912 -0.15327994549580451 -0.081992179541676147 0.081193051406222849
leaf_weight=2790 33 26 27 36 20 39 21 51 39 25 20 37 21 36 25 20 37 37 32 26 32 49 25 27 37 20 24 35 27 46
leaf_count=2790 33 26 27 36 20 39 21 51 39 25 20 37 21 36 25 20 37 37 32 26 32 49 25 27 37 20 24 35 27 46
internal_value=1.14832e-10 -0.00664866 -0.0103944 -0.00627994 -0.0113094 -0.00736121 -0.0848055 -0.011405 -0.0152328 -0.0396567 -0.0721406 -0.131065 -0.0311812 -0.0705786 0.00737739 0.0628725 -0.00359065 0.0500696 -0.0130676 -0.00501871 -0.0445537 -0.00876055 0.0104767 -0.0099146 0.0262153 0.0707639 0.0203909 -0.0926637 0.0539436 0.0208369
internal_weight=3720 930 897 850 823 787 47 767 728 235 139 57 82 61 96 45 493 74 419 380 107 81 273 204 142 69 44 62 105 73
internal_count=3720 930 897 850 823 787 47 767 728 235 139 57 82 61 96 45 493 74 419 380 107 81 273 204 142 69 44 62 105 73
is_linear=0
shrinkage=0.05


Tree=112
num_leaves=31
num_cat=0
split_feature=3 3 3 0 5 5 3 8 2 3 4 4 7 3 5 3 1 3 3 0 7 4 4 7 1 1 0 4 4 8
split_gain=21.164 140.361 116.315 197.122 98.2623 95.3835 162.106 138.345 331.075 205.381 193.9 124.054 123.329 117.207 104.62 99.9325 204.39 114.368 99.0055 160.136 114.593 243.505 117.434 170.473 125.968 291.77 95.8475 111.961 128.559 93.9869
threshold=6.2029179001652457 6.1605503773917016 6.414269805898182 18.500000000000004 15.339917042936726 13.71096735550047 6.4697085957258951 1.5000000000000002 14.642857142857144 7.0050983275386596 11.581462411786573 12.957133205317712 0.065758681759227611 9.0079330116768244 13.613576089783146 6.6278630192806824 13.500000000000002 6.7188434378884914 6.8660656232559525 16.500000000000004 0.55148601329062019 11.948291405317837 13.111006111798998 0.60007563442834455 17.500000000000004 9.5000000000000018 3.5000000000000004 10.581361185473959 10.000331866990015 1.5000000000000002
decision_type=2 2 2 2 2 2 2 2 2 2 2 2 2 2 2 2 2 2 2 2 2 2 2 2 2 2 2 2 2 2
left_child=1 29 3 -2 -5 7 -7 8 9 -4 -11 -12 13 -8 26 16 -14 -17 19 -19 -20 -22 -23 24 25 -24 -9 28 -28 -1
right_child=2 -3 5 4 -6 6 12 14 -10 10 11 -13 15 -15 -16 17 -18 18 20 -21 21 22 23 -25 -26 -27 27 -29 -30 -31
leaf_value=-0.017752958305297051 -0.078496719209541543 0.11546914808984315 -0.040019299795753083 0.12033543993126264 -0.027471412333619334 0.1230159861260447 0.071292408483218314 -0.13385315358638764 -0.1520133655032386 0.20155322615057233 -0.047985229844396765 0.1119631779966531 -0.15034886500374839 -0.039884790629148487 -0.12112976003657371 0.079947613471228141 0.012722401636774126 -0.1257928284767427 -0.010175520660230468 0.039180098598202068 0.18747948791299548 -0.067396130249267674 -0.0027871680191972042 0.0069777599043119214 0.0025275598147085736 0.23868391945444306 -0.015972525511796658 -0.0051715012047491319 -0.18230349208627428 0.010314228246290573
leaf_weight=414 116 28 38 22 23 29 113 20 23 30 22 27 33 30 34 46 46 38 714 24 21 41 22 378 28 29 26 217 21 1067
leaf_count=414 116 28 38 22 23 29 113 20 23 30 22 27 33 30 34 46 46 38 714 24 21 41 22 378 28 29 26 217 21 1067
internal_value=-2.97432e-11 0.00456507 -0.00311565 -0.0440378 0.0447897 9.82386e-05 0.00588307 -0.0200097 0.0214063 0.0554974 0.101442 0.0401496 0.00370978 0.0479685 -0.0382432 -0.000747261 -0.055396 0.00247216 -0.00027986 -0.0619323 0.00282027 0.0206989 0.0136659 0.0209385 0.0877378 0.13452 -0.0283202 -0.0203253 -0.0902906 0.0024683
internal_weight=3720 1509 2211 161 45 2050 1592 458 140 117 79 49 1563 143 318 1420 79 1341 1295 62 1233 519 498 457 79 51 284 264 47 1481
internal_count=3720 1509 2211 161 45 2050 1592 458 140 117 79 49 1563 143 318 1420 79 1341 1295 62 1233 519 498 457 79 51 284 264 47 1481
is_linear=0
shrinkage=0.05


Tree=113
num_leaves=31
num_cat=0
split_feature=3 3 3 8 7 3 2 2 2 3 8 5 3 8 5 2 1 2 7 3 1 8 3 0 5 4 0 7 7 7
split_gain=19.993 111.175 94.4758 139.094 153.564 131.644 106.846 133.22 95.8837 93.7441 125.017 144.798 96.4068 93.5866 136.454 125.93 154.706 201.669 109.137 92.2685 134.682 111.471 104.975 177.903 92.1824 114.434 91.7932 91.374 110.342 183.993
threshold=5.7569833370313974 5.9120538692049323 5.4160256030906444 1.5000000000000002 0.70353679262213464 5.6103645582252941 15.214285714285717 14.500000000000002 16.642857142857149 6.049399492719167 3.5000000000000004 15.051173405337753 6.1023024538361961 5.5000000000000009 13.34391309119248 12.500000000000002 19.500000000000004 15.071428571428573 0.013162775036022301 6.2029179001652457 17.500000000000004 3.5000000000000004 6.414269805898182 18.500000000000004 16.631158824022542 17.289398909768494 21.500000000000004 0.072912235634577174 0.20641003797401616 0.16390499329608632
decision_type=2 2 2 2 2 2 2 2 2 2 2 2 2 2 2 2 2 2 2 2 2 2 2 2 2 2 2 2 2 2
left_child=2 -2 13 5 6 -4 7 -5 -8 10 11 -3 -11 18 -15 -16 17 -17 -1 20 21 -14 23 -21 25 27 -25 -20 29 -29
right_child=1 9 3 4 -6 -7 8 -9 -10 12 -12 -13 19 14 15 16 -18 -19 24 22 -22 -23 -24 26 -26 -27 -28 28 -30 -31
leaf_value=-0.12326612055301667 -0.052594293580162078 0.028816293831914665 0.03122676800231676 0.082309164479374891 -0.036384866031056104 -0.1172966900318861 -0.048605459669361945 0.23071505188941957 0.099167538460876267 -0.072673822042027811 -0.01416470502587882 0.17722829238132196 0.16152097761631012 0.12555703843633334 -0.10052627287805081 0.19176533302913112 -0.071476179912038473 -0.0012913298703009083 0.06628579504089431 -0.074571883720185222 -0.04054418501551621 0.013343777036061511 9.3326801601683774e-05 0.12239086267538368 -0.094058198602579079 0.068462407335432046 -0.021322279691696169 -0.011447138685200897 -0.0016320142983223048 -0.14065639959966267
leaf_weight=20 106 42 37 62 33 25 23 20 21 48 55 27 30 33 21 24 23 31 40 116 26 22 2050 20 28 54 25 84 533 41
leaf_count=20 106 42 37 62 33 25 23 20 21 48 55 27 30 33 21 24 23 31 40 116 26 22 2050 20 28 54 25 84 533 41
internal_value=2.2194e-11 -0.00245663 0.00546935 0.0348612 0.0596312 -0.0286617 0.0847783 0.118506 0.0219226 -0.000297102 0.0420677 0.0868906 -0.00254495 -0.00150018 0.0375054 0.00815488 0.0374152 0.0829516 -0.00793611 -0.00107436 0.0523724 0.0988306 -0.00295986 -0.0418359 -0.00497893 -0.00166215 0.0425502 -0.00708725 -0.0115476 -0.0538278
internal_weight=3720 2567 1153 221 159 62 126 82 44 2461 124 69 2337 932 132 99 78 55 800 2289 78 52 2211 161 780 752 45 698 658 125
internal_count=3720 2567 1153 221 159 62 126 82 44 2461 124 69 2337 932 132 99 78 55 800 2289 78 52 2211 161 780 752 45 698 658 125
is_linear=0
shrinkage=0.05


Tree=114
num_leaves=31
num_cat=0
split_feature=2 0 2 5 0 7 0 0 0 2 3 4 3 1 9 3 1 5 4 7 1 0 3 3 5 3 3 4 7 3
split_gain=19.9769 79.1535 78.3869 61.4957 135.867 43.259 39.7289 97.1097 58.2965 50.3343 88.5665 70.9898 94.161 64.5135 77.7101 186.618 86.0068 48.1079 109.366 36.3051 36.9898 39.4441 267.972 256.135 145.649 128.56 128.218 92.1757 88.3877 82.6817
threshold=20.357142857142858 17.500000000000004 19.500000000000004 16.459074711671622 19.500000000000004 0.43179026241201307 30.500000000000004 29.500000000000004 28.500000000000004 18.214285714285719 8.7545905269017208 18.810705281048129 8.004461797259939 19.500000000000004 3.5000000000000004 6.6726154385997924 9.5000000000000018 16.981978212425521 18.577152796697771 0.85828653656682741 2.5000000000000004 23.500000000000004 8.520283806481908 7.1846397000161089 15.518804696490298 6.8521807442872449 6.2029179001652457 14.858027099328728 0.53615226711019826 8.1196409575129174
decision_type=2 2 2 2 2 2 2 2 2 2 2 2 2 2 2 2 2 2 2 2 2 2 2 2 2 2 2 2 2 2
left_child=2 -2 6 -4 -5 -3 7 8 9 11 13 17 -13 14 15 -11 -16 18 19 20 -1 -22 23 25 29 26 27 -23 -24 -25
right_child=1 5 3 4 -6 -7 -8 -9 -10 10 -12 12 -14 -15 16 -17 -18 -19 -20 -21 21 22 28 24 -26 -27 -28 -29 -30 -31
leaf_value=-0.052515025471802805 0.10442560450597244 -0.065765052884817127 -0.11334964555616563 -0.10199357488503058 0.066249178846677151 0.036983431751529378 -0.054036977706533484 0.10348487548206164 -0.075670120924711232 0.13372981375455859 0.10876511666657669 0.031892592566353933 -0.09885412581264974 0.069296601911385855 -0.12284883338472118 -0.059463375955820089 0.003104459381464756 -0.053900762820849192 0.11237192221663216 -0.060756130019823711 -0.00017983832300951517 0.1459621399489191 0.16763925087802553 -0.05942149670528514 0.044884673915803433 0.15428189725979516 -0.051624756114823478 0.0028062319213693794 0.039019053226167506 -0.16878014767169955
leaf_weight=32 22 20 26 24 24 21 33 23 25 25 28 21 40 36 23 25 33 40 22 24 2888 23 34 56 25 23 35 22 22 25
leaf_count=32 22 20 26 24 24 21 33 23 25 25 28 21 40 36 23 25 33 40 22 24 2888 23 34 56 25 23 35 22 22 25
internal_value=-1.47835e-10 0.0279161 -0.000480917 -0.0514183 -0.0178722 -0.0131378 0.000571097 0.00107872 0.000410919 0.000954044 0.0274923 -0.000399947 -0.053843 0.0114666 -0.00817373 0.0371332 -0.0486264 0.000596697 0.00127138 0.000509706 0.000971363 0.0015142 0.019976 -0.00605027 -0.0606131 0.0501018 0.02015 0.0759748 0.11711 -0.0931742
internal_weight=3720 63 3657 74 48 41 3583 3550 3527 3502 170 3332 61 142 106 50 56 3271 3231 3209 3185 3153 265 209 106 103 80 45 56 81
internal_count=3720 63 3657 74 48 41 3583 3550 3527 3502 170 3332 61 142 106 50 56 3271 3231 3209 3185 3153 265 209 106 103 80 45 56 81
is_linear=0
shrinkage=0.05


Tree=115
num_leaves=31
num_cat=0
split_feature=7 7 3 3 0 2 4 3 5 5 0 0 2 7 7 2 7 4 4 4 7 3 4 4 2 1 4 5 3 5
split_gain=20.2691 32.0817 29.5938 86.1909 98.2845 167.045 135.764 85.7232 90.0067 168.001 140.48 206.547 217.791 138.204 350.855 270.506 179.019 133.749 89.9957 103.872 80.5377 77.3995 76.377 178.576 139.556 163.752 91.8993 79.3141 75.9782 73.2626
threshold=1.0000000180025095e-35 0.0078373048667990525 5.7569833370313974 5.9120538692049323 18.500000000000004 15.214285714285717 13.56841421506452 5.698788509515901 13.69509551906698 13.79422887277455 9.5000000000000018 10.500000000000002 11.071428571428573 0.52176338884580831 0.2794752572107948 12.357142857142859 0.70692751227672546 10.177354237885803 10.921365415512151 10.049380507584218 0.38532528887812006 5.9401779675119455 11.99404619804521 12.502081449950319 12.071428571428573 27.500000000000004 13.018793629486407 13.992156794662213 4.898979485566362 15.790873342820621
decision_type=2 2 2 2 2 2 2 2 2 2 2 2 2 2 2 2 2 2 2 2 2 2 2 2 2 2 2 2 2 2
left_child=-1 -2 7 4 5 6 -4 8 10 -10 18 -12 17 14 -14 -16 -15 20 19 -3 -13 -5 -11 -24 -25 26 -26 -28 -20 -29
right_child=1 2 3 21 -6 -7 -8 -9 9 22 11 12 13 16 15 -17 -18 -19 28 -21 -22 -23 23 24 25 -27 27 29 -30 -31
leaf_value=0.046792575587397037 -0.051786557299395401 -0.030715250395811522 -0.031117686722427609 0.078855350116888684 -0.11868282272057101 -0.13728142961859705 0.13494558293372391 0.087513142079114925 -0.12124884765517588 0.062584515999123042 0.17811129685077404 -0.04306632254434669 0.0048472434091262331 -0.075616997454700796 0.34563108384609226 0.085580315887928013 0.11352799812501127 -0.11425739182159306 -0.10315643838933997 0.11879527625583469 0.094124453663825991 -0.0019572768588933098 -0.11997182355844416 0.12782060333660669 -0.078150628633139763 -0.1372092453762889 -0.091302821040153512 0.021478988080103019 -0.002497463124363046 -0.019399185587750063
leaf_weight=23 30 26 32 30 33 20 20 32 30 45 27 23 39 29 20 20 22 32 37 21 20 2397 32 21 34 22 20 393 38 152
leaf_count=23 30 26 32 30 33 20 20 32 30 45 27 23 39 29 20 20 22 32 37 21 20 2397 32 21 34 22 20 393 38 152
internal_value=6.40597e-12 -0.000291109 0.000130179 -0.00287715 -0.0472287 -0.0144789 0.0327528 0.00683904 0.00449855 -0.00532075 0.0252744 0.0481152 0.0309938 0.0701384 0.11156 0.215606 0.00597496 -0.036857 -0.0181606 0.0360873 0.0207433 -0.000958357 -0.000483696 -0.00469448 0.00105143 -0.00323545 0.00168512 0.0064894 -0.0521559 0.0100781
internal_weight=3720 3697 3667 2532 105 72 52 1135 1103 749 354 232 205 130 79 40 51 75 122 47 43 2427 719 674 642 621 599 565 75 545
internal_count=3720 3697 3667 2532 105 72 52 1135 1103 749 354 232 205 130 79 40 51 75 122 47 43 2427 719 674 642 621 599 565 75 545
is_linear=0
shrinkage=0.05


Tree=116
num_leaves=31
num_cat=0
split_feature=9 4 2 2 0 5 5 4 4 5 5 0 3 4 8 8 3 5 3 3 5 5 0 4 5 3 1 1 0 8
split_gain=19.633 126.818 93.573 223.123 103.724 247.824 145.729 129.641 251.893 121.123 187.115 323.809 235.51 117.707 99.5217 170.347 142.44 322.586 200.657 174.185 145.249 143.995 131.707 98.0871 91.6217 83.0259 71.7206 66.6352 98.0606 93.7014
threshold=4.5000000000000009 10.000331866990015 10.928571428571431 11.357142857142859 14.500000000000002 13.822195660068459 13.152449709923284 16.022556090256071 15.405569170058934 15.418808269111151 14.654020148029447 22.500000000000004 5.9841059323447565 17.128770209001882 2.5000000000000004 1.5000000000000002 7.322502824789324 15.659357055125772 8.1064327054328533 9.3401335771013105 14.907456202380375 15.254076892893094 9.5000000000000018 12.664107451848221 13.126793414830354 7.7428922859859668 2.5000000000000004 15.500000000000002 11.500000000000002 1.0000000180025095e-35
decision_type=2 2 2 2 2 2 2 2 2 2 2 2 2 2 2 2 2 2 2 2 2 2 2 2 2 2 2 2 2 2
left_child=26 -2 24 -4 6 23 -5 8 9 10 12 -12 -7 -9 15 27 17 21 20 -20 -18 22 -16 -6 -3 -17 -1 28 -8 -29
right_child=1 2 3 4 5 7 14 13 -10 -11 11 -13 -14 -15 16 25 18 -19 19 -21 -22 -23 -24 -25 -26 -27 -28 29 -30 -31
leaf_value=-0.080558431377777684 0.089971277637012084 -0.14124947406638128 0.13539757309136566 0.13912810427602382 -0.073953307792544373 0.073310850172614059 0.090183604899793879 -0.10385237932815904 0.12881365813113549 -0.092283494753810841 -0.0077139408311417308 0.20301424210461289 -0.11919753611721891 -0.010323556102812291 -0.13429003963737113 0.15085071585250689 0.20087606502430783 0.080485083388559753 -0.10761488880962133 0.072943766956979586 0.014910811079399927 -0.21638357767036986 -0.0026468463242053986 -0.21302192651090168 -0.00083177763791311352 0.022464226484298706 0.0028746691549385701 0.013634702718506257 -0.045412709439794224 -0.13290276698768141
leaf_weight=26 33 26 27 20 32 24 30 61 37 39 61 26 47 75 38 34 21 33 34 22 21 21 38 21 21 20 2764 24 24 20
leaf_count=26 33 26 27 20 32 24 30 61 37 39 61 26 47 75 38 34 21 33 34 22 21 21 38 21 21 20 2764 24 24 20
internal_value=-1.95934e-11 -0.00629147 -0.00983291 -0.00603549 -0.0106755 -0.0279366 0.00757821 -0.0134519 0.0091113 -0.0133709 0.00610757 0.0552623 -0.0541243 -0.052274 0.00065453 0.0319934 -0.020238 -0.0545511 0.0252794 -0.0366811 0.107893 -0.100491 -0.0684684 -0.129056 -0.0785097 0.1033 0.00209716 -0.00729816 0.0299186 -0.0529732
internal_weight=3720 930 897 850 823 423 400 370 234 197 158 87 71 136 380 152 228 130 98 56 42 97 76 53 47 54 2790 98 54 44
internal_count=3720 930 897 850 823 423 400 370 234 197 158 87 71 136 380 152 228 130 98 56 42 97 76 53 47 54 2790 98 54 44
is_linear=0
shrinkage=0.05


Tree=117
num_leaves=31
num_cat=0
split_feature=2 0 2 1 7 0 0 0 2 3 4 3 1 4 1 0 3 3 0 7 7 1 7 7 5 2 2 3 3 4
split_gain=18.7326 71.4303 69.5111 60.2845 38.8221 37.3064 87.2745 53.9874 46.5133 78.9962 65.299 83.7187 57.6074 74.767 116.895 45.3911 205.102 213.02 155.969 128.344 188.541 103.425 102.029 88.3012 84.7036 129.368 121.878 80.2232 77.4506 91.2676
threshold=20.357142857142858 17.500000000000004 19.500000000000004 14.500000000000002 0.43179026241201307 30.500000000000004 29.500000000000004 28.500000000000004 18.214285714285719 8.7545905269017208 18.810705281048129 8.004461797259939 19.500000000000004 19.320316152441826 7.5000000000000009 23.500000000000004 8.520283806481908 8.1196409575129174 26.500000000000004 0.49919894374383444 0.65765687032078546 16.500000000000004 0.40691040802460149 0.63659725847675264 16.498026898258573 17.214285714285719 16.642857142857149 8.9774849672266175 10.179344164485626 18.390028135169299
decision_type=2 2 2 2 2 2 2 2 2 2 2 2 2 2 2 2 2 2 2 2 2 2 2 2 2 2 2 2 2 2
left_child=2 -2 5 -4 -3 6 7 8 10 12 15 -12 13 14 -10 24 17 18 19 21 -21 -17 -20 27 28 26 -26 -18 29 -1
right_child=1 4 3 -5 -6 -7 -8 -9 9 -11 11 -13 -14 -15 -16 16 23 -19 22 20 -22 -23 -24 -25 25 -27 -28 -29 -30 -31
leaf_value=0.00048847158912332833 0.099713875759731646 -0.061822265833616254 -0.0045071976945588463 -0.094798446363872968 0.035514448583126072 -0.052392051978544754 0.098098788216062216 -0.072831463813781736 0.065220533806661318 0.10317377304142741 0.02919064632483891 -0.094093317314982425 0.065929513507419157 0.062810595147311687 -0.0708017323166132 0.12576901409029961 0.21442349135875702 -0.12919941297892867 -0.1510654750466347 -0.12487515608469646 0.056046834156182335 0.016336033488378712 0.0086446356028318412 0.016675496881916409 -0.058940468267315915 -0.14057878024048276 0.088585554985773002 0.074501059736524308 -0.060228370044093871 0.094597594096110418
leaf_weight=2824 22 20 38 36 21 33 23 25 22 28 21 40 36 28 56 50 20 29 20 24 36 38 20 21 42 27 21 21 52 26
leaf_count=2824 22 20 38 36 21 33 23 25 22 28 21 40 36 28 56 50 20 29 20 24 36 38 20 21 42 27 21 21 52 26
internal_value=-2.11425e-11 0.0270328 -0.0004657 -0.0484327 -0.0119669 0.000524966 0.00101687 0.000383788 0.000906455 0.0264175 -0.00039513 -0.0516513 0.0112825 -0.00727687 -0.0324365 0.000560732 0.019849 -0.00306589 0.0163909 0.0400669 -0.016322 0.0785139 -0.0712104 0.100051 -0.00123788 -0.0490092 -0.00976513 0.142756 0.000243662 0.00134701
internal_weight=3720 63 3657 74 41 3583 3550 3527 3502 170 3332 61 142 106 78 3271 279 217 188 148 60 88 40 62 2992 90 63 41 2902 2850
internal_count=3720 63 3657 74 41 3583 3550 3527 3502 170 3332 61 142 106 78 3271 279 217 188 148 60 88 40 62 2992 90 63 41 2902 2850
is_linear=0
shrinkage=0.05


Tree=118
num_leaves=31
num_cat=0
split_feature=5 5 3 3 4 4 4 1 9 0 4 7 2 7 0 7 7 5 8 3 2 3 0 3 4 4 2 2 2 3
split_gain=18.7163 80.7445 242.753 122.973 118.257 179.842 142.55 108.771 141.75 81.5194 119.916 88.6462 121.539 100.598 184.656 132.205 73.2456 69.8998 146.561 131.99 128.321 124.075 103.87 98.4024 93.4387 195.742 175.42 86.0606 110.412 162.079
threshold=14.894500689213002 15.007739222948139 7.1080094473407138 8.3380933893703837 13.145131676426344 12.556942897831636 13.643606093397915 18.500000000000004 3.5000000000000004 4.5000000000000009 16.888714245503976 0.027250961960885303 17.785714285714288 0.072912235634577174 12.500000000000002 0.10179469516679256 0.053857989274094055 14.483575977798775 2.5000000000000004 3.3058370287123595 12.214285714285717 7.7797043746761423 15.500000000000002 5.1269595556932535 15.516833353730119 13.986592323369248 14.928571428571431 16.785714285714288 16.071428571428573 4.898979485566362
decision_type=2 2 2 2 2 2 2 2 2 2 2 2 2 2 2 2 2 2 2 2 2 2 2 2 2 2 2 2 2 2
left_child=17 2 7 -4 5 -3 -6 8 -2 10 -8 12 -11 14 -13 -15 -16 19 21 -1 -20 23 -23 -19 25 -25 -27 28 29 -22
right_child=1 4 3 -5 6 -7 9 -9 -10 11 -12 13 -14 15 16 -17 -18 18 20 -21 27 22 -24 24 -26 26 -28 -29 -30 -31
leaf_value=0.080652659663967063 0.031259609538723122 0.023430399760603904 0.19542795289307835 0.042859833388589327 0.086495230212807653 -0.16267748906932497 -0.13615353252165593 0.077915214861277504 -0.14276040416955948 -0.12023371923150439 0.022456616772846744 -0.069087111428380019 0.029493606155333314 -0.08111472508829573 0.065281303361472157 0.0052973691568949897 0.1846220123767853 0.052125056460499766 -0.16964033801108599 -0.0010336645945500794 -0.14865165220939422 0.16137568408792669 0.0059120565253709054 0.01818718531647244 0.039926835277984886 -0.24641318257898093 -0.039505117918763849 -0.12598091466352343 0.082581745114709657 -0.016296190935138025
leaf_weight=51 22 25 28 25 50 27 26 20 25 33 22 20 23 46 36 1172 20 44 20 1629 28 22 21 37 29 20 21 24 21 133
leaf_count=51 22 25 28 25 50 27 26 20 25 33 22 20 23 46 36 1172 20 44 20 1629 28 22 21 37 29 20 21 24 21 133
internal_value=-1.19084e-10 0.00403795 0.043504 0.123462 0.000880658 -0.0732025 0.0035411 -0.0197462 -0.0613042 0.000574219 -0.0634572 0.00285089 -0.0587386 0.00551628 0.0613266 0.00203386 0.107903 -0.00311499 -0.0213593 0.0014461 -0.0487247 0.0105199 0.0854516 -0.0108183 -0.0367016 -0.0651916 -0.140436 -0.0369853 -0.0252496 -0.0393145
internal_weight=3720 1620 120 53 1500 52 1448 67 47 1398 48 1350 56 1294 76 1218 56 2100 420 1680 226 194 43 151 107 78 41 206 182 161
internal_count=3720 1620 120 53 1500 52 1448 67 47 1398 48 1350 56 1294 76 1218 56 2100 420 1680 226 194 43 151 107 78 41 206 182 161
is_linear=0
shrinkage=0.05


Tree=119
num_leaves=31
num_cat=0
split_feature=7 7 7 2 5 5 2 2 7 5 7 5 5 2 4 3 3 4 7 7 5 4 4 7 5 8 3 3 3 7
split_gain=19.052 29.1534 29.7021 84.816 81.7101 97.4283 68.5904 122.459 36.6798 36.6144 157.472 94.0329 93.731 88.0255 107.414 173.78 138.905 214.418 171.491 216.078 128.481 106.831 105.92 91.4073 84.9714 167.841 149.629 137.697 101.104 93.6686
threshold=1.0000000180025095e-35 0.0078373048667990525 0.040506361211769308 12.214285714285717 14.637273632418633 15.117461298191802 18.357142857142858 15.928571428571431 0.050315332460686611 14.894500689213002 0.061435934677514313 15.314633149065839 15.389047006981789 13.071428571428573 16.188403794015269 5.652643713553938 8.1737093054208803 13.909566044065995 0.39470850881489089 0.59276329513865866 15.080359808382605 16.602551520606543 17.820580980611748 0.44269717689600546 14.483575977798775 2.5000000000000004 3.3058370287123595 5.0473944244719382 7.7797043746761423 0.19167603529873947
decision_type=2 2 2 2 2 2 2 2 2 2 2 2 2 2 2 2 2 2 2 2 2 2 2 2 2 2 2 2 2 2
left_child=-1 -2 3 -3 -5 -6 7 -7 -4 24 -11 13 -13 -12 15 20 17 -17 -19 -20 -15 -16 23 -23 26 28 -10 -27 -26 -28
right_child=1 2 8 4 5 6 -8 -9 9 10 11 12 -14 14 21 16 -18 18 19 -21 -22 22 -24 -25 25 27 29 -29 -30 -31
leaf_value=0.045365958628447167 -0.049371266462161056 0.10805649372438592 -0.045661837243371542 -0.051442755847459748 0.13029818020761014 0.04511711690574885 0.080644601583480843 -0.12240424901247025 0.08560756960511208 0.14501690007746221 -0.048009589200632447 -0.054461820710854363 0.00074978824228803017 -0.10751257715374232 -0.10451155823210012 0.23156300271447333 0.0090175301767885692 0.16094937131685372 -0.099745428545967407 0.096448915162020254 0.042759130500031245 0.13056247810212274 -0.07062836479056965 -0.0089264498456664704 -0.0098950364771233489 -0.13659696227737836 -0.03001402825594689 -0.035613641646409108 0.080099314067047095 0.0032452159457716195
leaf_weight=23 30 24 45 42 20 24 20 20 50 20 36 83 1041 25 23 27 51 34 23 36 33 24 22 23 142 42 254 172 40 1271
leaf_count=23 30 24 45 42 20 24 20 20 50 20 36 83 1041 25 23 27 51 34 23 36 33 24 22 23 142 42 254 172 40 1271
internal_value=1.38976e-10 -0.000282233 0.000119368 0.0219089 0.00549989 0.0339712 0.00386903 -0.031029 -0.000809957 -0.00022864 0.00565518 0.00377318 -0.00332723 0.0261285 0.0344431 0.0527757 0.0781426 0.107521 0.0715085 0.0199664 -0.0220132 -0.0111891 0.0199184 0.0623019 -0.00470941 -0.0254135 0.000496181 -0.0554328 0.00988394 -0.00229436
internal_weight=3720 3697 3667 150 126 84 64 44 3517 3472 1501 1481 1124 357 321 229 171 120 93 59 58 92 69 47 1971 396 1575 214 182 1525
internal_count=3720 3697 3667 150 126 84 64 44 3517 3472 1501 1481 1124 357 321 229 171 120 93 59 58 92 69 47 1971 396 1575 214 182 1525
is_linear=0
shrinkage=0.05


Tree=120
num_leaves=31
num_cat=0
split_feature=7 0 1 4 5 5 0 7 0 2 3 9 1 0 4 7 5 0 5 0 3 3 4 3 4 3 5 4 3 3
split_gain=19.2793 152.72 162.24 83.1032 120.121 148.11 56.5251 53.1864 218.287 164.329 109.029 113.326 148.35 88.8272 55.2648 51.9555 160.328 93.0809 51.7562 41.252 109.654 76.6963 188.717 110.876 157.116 125.848 99.4678 84.5397 64.8476 59.8261
threshold=0.81560440812257118 8.5000000000000018 16.500000000000004 11.272171093664431 15.571509696083039 15.096075002343236 15.500000000000002 0.77279574640276405 14.500000000000002 13.214285714285717 8.1196409575129174 2.5000000000000004 17.500000000000004 7.5000000000000009 15.927495168057996 0.75270044168274863 14.590649883729599 16.500000000000004 16.332466246636233 30.500000000000004 10.889049979098727 9.5518634432290366 15.5939316892352 9.2027405893447192 15.184763233891898 9.0672085119855605 16.071398020343995 14.324538393890881 10.179344164485626 8.7858106539118186
decision_type=2 2 2 2 2 2 2 2 2 2 2 2 2 2 2 2 2 2 2 2 2 2 2 2 2 2 2 2 2 2
left_child=7 2 -2 -3 5 6 -5 15 9 13 11 -10 -13 -9 -11 19 -17 -18 -6 20 21 23 27 25 -25 29 -24 28 -23 -1
right_child=1 3 -4 4 18 -7 -8 8 10 14 -12 12 -14 -15 -16 16 17 -19 -20 -21 -22 22 26 24 -26 -27 -28 -29 -30 -31
leaf_value=-6.1703042809228142e-05 -0.015024192823517708 -0.13469821266829968 0.16251502795652911 0.013451544029845131 -0.1520554220869339 0.11257473146542907 -0.075152683651281735 -0.038870993331074716 0.005995950386637733 -0.14857837688177825 -0.01128706650601493 0.21065925490675552 0.047283171117305761 0.10380429706225794 -0.040117402536713559 -0.11920134801831511 0.084432736422436747 -0.055307959739796145 -0.039667818471789365 -0.051394977734277127 0.1148875770114717 -0.12022566071578436 0.065107056193731055 0.14358867704868317 0.0012513459917712719 -0.10714168940429335 -0.056800955092465438 -0.1822250498192651 0.0055753890424966816 0.038732339817017902
leaf_weight=2828 31 20 22 36 21 24 36 20 21 24 27 33 24 24 23 36 26 22 20 38 21 21 44 33 47 27 27 21 20 103
leaf_count=2828 31 20 22 36 21 24 36 20 21 24 27 33 24 24 23 36 26 22 20 38 21 21 44 33 47 27 27 21 20 103
internal_value=3.18998e-11 -0.014716 0.0586713 -0.03949 -0.025591 0.00500576 -0.0308506 0.000880442 0.0261889 -0.0304912 0.0753116 0.105288 0.141869 0.0389519 -0.0955017 -0.000616375 -0.0394378 0.0203849 -0.0972322 0.000393222 0.00100975 0.00025559 -0.0369088 0.0018826 0.0599655 0.000311734 0.0187477 -0.100644 -0.0588593 0.00130158
internal_weight=3720 210 53 157 137 96 72 3510 196 91 105 78 57 44 47 3314 84 48 41 3230 3192 3171 133 3038 80 2958 71 62 41 2931
internal_count=3720 210 53 157 137 96 72 3510 196 91 105 78 57 44 47 3314 84 48 41 3230 3192 3171 133 3038 80 2958 71 62 41 2931
is_linear=0
shrinkage=0.05


Tree=121
num_leaves=31
num_cat=0
split_feature=5 7 0 7 5 7 7 5 5 2 4 4 0 4 7 8 4 4 4 5 0 5 4 0 1 2 4 3 4 2
split_gain=18.0596 42.2342 75.0298 54.283 33.1559 115.77 100.826 97.4052 39.3563 79.1669 88.6454 134.304 58.4048 60.9514 90.4526 82.0337 48.7798 49.7703 63.1463 141.911 100.646 152.727 87.0322 128.943 161.151 75.5629 97.6627 242.753 99.8418 110.505
threshold=17.294418306914732 0.60007563442834455 14.500000000000002 0.30924324901746708 16.737414395340434 0.49919894374383444 0.26406676534111551 16.912558006388416 16.291758455811983 15.785714285714286 19.205305226628635 18.390028135169299 10.500000000000002 17.444833100412477 0.49035762730741034 4.5000000000000009 19.320316152441826 18.740961113212084 17.289398909768494 16.094188440819046 8.5000000000000018 15.051173405337753 18.242098451106127 14.500000000000002 10.500000000000002 17.357142857142858 17.009895004831453 7.9162280580252782 15.658689860371426 14.642857142857144
decision_type=2 2 2 2 2 2 2 2 2 2 2 2 2 2 2 2 2 2 2 2 2 2 2 2 2 2 2 2 2 2
left_child=4 2 -2 -4 8 6 -6 -7 16 -10 11 12 -11 15 -15 -14 17 18 25 20 -20 -22 23 -23 -25 26 28 -28 -1 -30
right_child=1 -3 3 -5 5 7 -8 -9 9 10 -12 -13 13 14 -16 -17 -18 -19 19 -21 21 22 -24 24 -26 -27 27 -29 29 -31
leaf_value=-0.001818581940204277 -0.080569115955205203 -0.08634214080870152 0.089618450809608813 -0.022768338947069078 0.028990746408023616 0.16129187623208219 -0.095201014612729729 0.026269959461163075 -0.093767841823864731 -0.088045784924179318 -0.073885193187743434 0.12707831334500086 -0.0051042915397399181 0.033668827265501022 -0.11670783154666425 0.12058197259902954 0.060540665116380246 -0.055805188952348178 -0.081707293253678537 0.11931935401367291 0.11015112834612434 0.088585507438371069 -0.086879295323044059 0.078753133658319707 -0.10217156035359949 -0.037989131049257496 -0.14157813934458269 0.065275325820497845 -0.025342822372076218 0.037183215585333614
leaf_weight=2389 21 20 22 21 44 22 26 34 32 20 40 21 37 20 20 20 34 39 26 35 39 38 25 20 32 131 37 23 89 343
leaf_count=2389 21 20 22 21 44 22 26 34 32 20 40 21 37 20 20 20 34 39 26 35 39 38 25 20 32 131 37 23 89 343
internal_value=8.75755e-12 -0.0229205 -0.00310126 0.0347319 0.000529517 0.0257299 -0.0171376 0.0793143 -0.000375112 -0.0213631 -0.00834651 0.0106502 -0.0102471 0.00579382 -0.0415195 0.0389962 0.000960487 0.00034024 0.00101879 0.0271978 0.00928524 0.0246476 -0.00434922 0.0185758 -0.0325851 -0.000849899 0.000838834 -0.0622843 0.0021814 0.0243017
internal_weight=3720 84 64 43 3636 126 70 56 3510 210 178 138 117 97 40 57 3300 3266 3227 215 180 154 115 90 52 3012 2881 60 2821 432
internal_count=3720 84 64 43 3636 126 70 56 3510 210 178 138 117 97 40 57 3300 3266 3227 215 180 154 115 90 52 3012 2881 60 2821 432
is_linear=0
shrinkage=0.05


Tree=122
num_leaves=31
num_cat=0
split_feature=1 1 4 7 1 0 5 5 9 9 5 1 9 2 4 4 4 5 4 7 0 5 0 2 5 3 0 7 8 7
split_gain=17.8622 52.4942 62.1143 47.9342 29.1966 128.417 201.727 274.948 177.48 128.243 193.943 154.928 203.073 135.611 127.251 122.517 159.187 118.916 99.5541 93.575 135.935 111.939 233.981 99.0787 91.1677 90.6758 118.766 87.9064 76.2365 245.127
threshold=31.500000000000004 28.500000000000004 15.753780806648265 0.49582585643233962 19.500000000000004 8.5000000000000018 14.60269841420442 13.629626797488271 2.5000000000000004 3.5000000000000004 15.339917042936726 21.500000000000004 4.5000000000000009 11.928571428571431 12.438438629453705 15.516833353730119 14.214972572343266 14.778150898082524 13.510494028489939 0.49919894374383444 13.500000000000002 13.613576089783146 15.500000000000002 14.785714285714286 16.020390956454992 5.9641787843280305 16.500000000000004 0.41147502190175195 5.5000000000000009 0.33664445031849827
decision_type=2 2 2 2 2 2 2 2 2 2 2 2 2 2 2 2 2 2 2 2 2 2 2 2 2 2 2 2 2 2
left_child=1 4 3 -3 28 6 7 -6 -8 10 19 12 17 -13 -15 16 18 -11 -16 21 -21 22 -7 -23 -17 -12 -27 -9 -1 -30
right_child=-2 2 -4 -5 5 9 8 27 -10 11 25 13 -14 14 15 24 -18 -19 -20 20 -22 23 -24 -25 -26 26 -28 -29 29 -31
leaf_value=-0.0051444687962703293 0.036622265365087628 0.034204733142485989 -0.11748567923903466 -0.061806271690875297 0.015948477946221829 -0.14548552039833296 -0.1324778337193572 0.11196382627994926 0.030149616853844735 0.06853872037803134 -0.042442797217518091 0.11982820086181163 0.0048603173650123861 -0.12737279987853509 0.044682864448986948 -0.1035269457099371 0.11948738044334783 0.22763865596574284 -0.087037162719151157 0.055847823738844865 -0.074505229857232833 -0.18845046708250748 0.087846307405693977 -0.061440564000180789 0.00062303145247650279 -0.017066793995244162 0.11719765058718622 0.24347961874057852 0.068392017133385927 -0.013671727445155513
leaf_weight=2431 33 26 20 26 60 21 23 27 62 24 30 20 55 23 32 38 36 23 26 36 45 34 22 28 47 28 40 24 151 229
leaf_count=2431 33 26 20 26 60 21 23 27 62 24 30 20 55 23 32 38 36 23 26 36 45 34 22 28 47 28 40 24 151 229
internal_value=-2.6303e-11 -0.000327783 -0.0426021 -0.0138008 0.000514196 0.00891624 0.0441109 0.0884995 -0.0138555 -0.0024294 -0.0269567 0.0190698 0.0700778 -0.00436631 -0.0166628 -0.00243749 0.0368982 0.146396 -0.014364 -0.0569486 -0.0165705 -0.0880974 -0.0261064 -0.131091 -0.0459381 0.0299669 0.0619123 0.173854 -0.00188895 0.0189378
internal_weight=3720 3687 72 52 3615 804 196 111 85 608 284 324 102 222 202 179 94 47 58 186 81 105 43 62 85 98 68 51 2811 380
internal_count=3720 3687 72 52 3615 804 196 111 85 608 284 324 102 222 202 179 94 47 58 186 81 105 43 62 85 98 68 51 2811 380
is_linear=0
shrinkage=0.05


Tree=123
num_leaves=31
num_cat=0
split_feature=3 9 3 4 9 3 3 4 5 0 7 1 3 2 4 1 5 5 7 7 0 0 4 2 4 8 0 0 1 2
split_gain=17.4133 121.947 110.13 198.801 119.728 102.964 147.9 222.946 131.018 255.119 127.221 132.836 117.731 158.66 262.387 168.739 274.014 258.697 140.451 136.889 223.523 116.9 165.198 187.194 152.173 115.258 147.252 136.483 187.792 130.089
threshold=8.1196409575129174 1.5000000000000002 8.4571745635211268 15.207003296631548 3.5000000000000004 7.7120808136449526 7.3872476993416631 13.909566044065995 13.775092319049152 13.500000000000002 0.71424424827371569 6.5000000000000009 7.0845229123514875 13.214285714285717 11.609680379999725 6.5000000000000009 15.339917042936726 14.449851969875201 0.46568874096961865 0.70692751227672546 18.500000000000004 8.5000000000000018 15.806088748560191 17.357142857142858 15.959855025125981 1.5000000000000002 9.5000000000000018 11.500000000000002 10.500000000000002 13.642857142857144
decision_type=2 2 2 2 2 2 2 2 2 2 2 2 2 2 2 2 2 2 2 2 2 2 2 2 2 2 2 2 2 2
left_child=5 -2 3 -3 -5 6 12 8 9 -8 11 -7 25 14 -14 -15 17 -17 -19 20 -18 24 -23 -24 -9 26 -1 28 -28 -29
right_child=1 2 -4 4 -6 10 7 21 -10 -11 -12 -13 13 15 -16 16 19 18 -20 -21 -22 22 23 -25 -26 -27 27 29 -30 -31
leaf_value=-0.059216510125342209 0.11216143057459878 -0.09538808233708472 -1.1175295141842312e-05 -0.056654413957749644 0.074990317158592057 0.11090411289084344 0.10267037756386257 0.098939776085317135 0.092887651287019257 -0.12787202059158259 0.10102878412088523 -0.00025611526176038356 0.091197860653379148 -0.074079544525593524 -0.10640190750183094 0.05206443830393255 0.15966443289071322 0.14047789619126846 0.32561764836311347 -0.099925899363699416 -0.060980281166054986 -0.14892921791521505 0.072291107271909516 -0.11505573585629464 -0.096106859631836419 0.0060913275127211751 0.18255545547740026 -0.055369556361084218 -0.0072110083419829607 0.0056156235293772054
leaf_weight=169 21 91 591 31 39 31 21 20 40 28 52 202 28 20 42 40 24 21 20 21 22 68 24 30 20 1556 22 131 32 263
leaf_count=169 21 91 591 31 39 31 21 20 40 28 52 202 28 20 42 40 24 21 20 21 22 68 24 30 20 1556 22 131 32 263
internal_value=-3.30008e-11 -0.00667942 -0.00999812 -0.0466583 0.0166905 0.00175202 -0.00130601 -0.0378329 0.0257435 -0.0290681 0.030315 0.0145334 0.00249666 0.0358822 -0.027362 0.062234 0.0806547 0.14253 0.23079 0.0058498 0.0541387 -0.0727606 -0.0970809 -0.0317905 0.00141646 -0.00115993 -0.0194467 -0.00444427 0.0701013 -0.0146612
internal_weight=3720 773 752 161 70 2947 2662 251 89 49 285 233 2411 238 70 168 148 81 41 67 46 162 122 54 40 2173 617 448 54 394
internal_count=3720 773 752 161 70 2947 2662 251 89 49 285 233 2411 238 70 168 148 81 41 67 46 162 122 54 40 2173 617 448 54 394
is_linear=0
shrinkage=0.05


Tree=124
num_leaves=31
num_cat=0
split_feature=7 0 1 5 5 9 1 7 0 2 9 1 0 3 3 7 4 5 5 4 0 7 5 7 5 1 2 2 1 0
split_gain=17.8214 137.214 142.906 73.5068 111.426 205.173 48.0879 47.0946 197.657 149.151 97.09 148.6 79.9911 50.8468 50.0466 48.0186 141.392 192.844 162.504 149.861 138.252 110.996 256.75 223.671 276.518 84.448 51.5527 92.4598 54.1552 53.0596
threshold=0.81560440812257118 8.5000000000000018 16.500000000000004 13.08245578241417 15.571509696083039 3.5000000000000004 12.500000000000002 0.77279574640276405 14.500000000000002 13.214285714285717 2.5000000000000004 17.500000000000004 7.5000000000000009 7.3694993859810323 7.5182311413338576 0.72791224774868568 17.202787520125771 13.293683305632028 14.247423105305467 14.839296152359312 13.500000000000002 0.70353679262213464 15.944473916882545 0.71027590819666775 14.894500689213002 14.500000000000002 19.928571428571434 19.500000000000004 31.500000000000004 30.500000000000004
decision_type=2 2 2 2 2 2 2 2 2 2 2 2 2 2 2 2 2 2 2 2 2 2 2 2 2 2 2 2 2 2
left_child=7 2 -2 -3 5 6 -5 15 9 12 -10 13 -9 -12 -11 21 17 -17 -19 -20 -21 26 23 -23 25 -25 27 28 29 -1
right_child=1 3 -4 4 -6 -7 -8 8 10 14 11 -13 -14 -15 -16 16 -18 18 19 20 -22 22 -24 24 -26 -27 -28 -29 -30 -31
leaf_value=-0.0010362719680527444 -0.013751926441346447 -0.12021075577839563 0.15287310345606372 -0.0055377791420771526 -0.092126232044907608 0.096163024959203453 -0.0991825536214586 -0.036966006681323049 -0.0064289020567104742 -0.13561530333978158 0.21902494771139966 0.023398676076356106 0.098427070366839564 0.10899598846832913 -0.031261239945888523 0.089474279704419055 0.064787973690378878 -0.15897899590231279 0.054384263004026101 0.019743869332818405 -0.14168552383263078 0.21629224610514941 -0.11259986832737923 0.03388091623783112 0.18454281078143553 -0.10173999342051419 0.03867852403549478 -0.087895608915676993 0.075333086239254998 -0.071458710288559948
leaf_weight=2859 31 23 22 26 41 38 29 20 29 27 21 34 24 21 20 22 35 37 31 21 36 24 20 24 22 22 80 31 23 27
leaf_count=2859 31 23 22 26 41 38 29 20 29 27 21 34 24 21 20 22 35 37 31 21 36 24 20 24 22 22 80 31 23 27
internal_value=2.43799e-11 -0.0141486 0.0554132 -0.0376312 -0.0234571 0.00681633 -0.0549141 0.000846497 0.0246615 -0.0292737 0.0714053 0.101105 0.0368848 0.16401 -0.0912093 -0.000561992 -0.0255294 -0.0470336 -0.0710589 -0.0340926 -0.0822115 0.000888861 0.0497663 0.0850632 0.0387471 -0.0309813 -0.00092381 -0.00200143 -0.00108609 -0.00169511
internal_weight=3720 210 53 157 134 93 55 3510 196 91 105 76 44 42 47 3314 182 147 125 88 57 3132 112 92 68 46 3020 2940 2909 2886
internal_count=3720 210 53 157 134 93 55 3510 196 91 105 76 44 42 47 3314 182 147 125 88 57 3132 112 92 68 46 3020 2940 2909 2886
is_linear=0
shrinkage=0.05


Tree=125
num_leaves=31
num_cat=0
split_feature=3 3 0 2 0 3 7 0 7 5 5 0 0 2 7 7 7 2 4 4 2 5 8 7 3 8 3 4 7 7
split_gain=17.753 85.0768 83.5309 136.745 108.297 81.8363 81.0291 137.239 74.372 74.9294 149.272 123.98 209.314 192.957 131.153 266.445 200.287 188.437 117.105 80.6033 78.7065 93.2787 83.3006 73.2956 70.046 107.885 155.697 140.365 104.66 118.609
threshold=5.7569833370313974 5.9120538692049323 18.500000000000004 15.214285714285717 12.500000000000002 5.698788509515901 0.011325859094010101 17.500000000000004 0.016561504864339455 13.69509551906698 13.79422887277455 9.5000000000000018 10.500000000000002 11.071428571428573 0.54832137687450644 0.2794752572107948 0.70692751227672546 12.357142857142859 10.177354237885803 11.533208611452681 9.7857142857142865 13.315096015820664 3.5000000000000004 0.38532528887812006 4.1604706010168817 1.0000000180025095e-35 4.8599431703516487 12.502081449950319 0.12017825400367711 0.37116367046161153
decision_type=2 2 2 2 2 2 2 2 2 2 2 2 2 2 2 2 2 2 2 2 2 2 2 2 2 2 2 2 2 2
left_child=5 2 3 4 -2 8 7 -3 -1 11 -11 20 -13 18 15 -15 -16 -17 23 -12 -10 22 -22 -14 28 26 -26 -27 -21 -30
right_child=1 6 -4 -5 -6 -7 -8 -9 9 10 19 12 13 14 16 17 -18 -19 -20 24 21 -23 -24 -25 25 27 -28 -29 29 -31
leaf_value=-0.077561017658029294 -0.032193443854339421 0.15090478017278341 -0.11218996490492966 -0.12773272678256037 0.11393365336670763 0.083995591383427382 -0.0016356729360186976 -0.028181968182325365 0.056869504068578991 -0.11329324108858903 0.092641088981991235 0.1792596493776028 -0.0420785001438597 0.0032743565436150579 -0.10600742643253636 0.28920508325099947 0.10501442775130272 0.086616461351513865 -0.10752723061013968 0.072204138906229107 -0.114647734455946 0.039828403901170803 -0.00024068567615288954 0.088798823729157456 0.04708181012135286 -0.084231387214227169 -0.10599567007840327 0.022808275806953687 -0.10447430645877664 -0.0095667522059889841
leaf_weight=28 32 23 33 20 21 32 2418 20 28 30 23 26 23 37 23 22 22 24 32 21 41 27 26 20 26 33 46 426 55 82
leaf_count=28 32 23 33 20 21 32 2418 20 28 30 23 26 23 37 23 22 22 24 32 21 41 27 26 20 26 33 46 426 55 82
internal_value=1.05914e-10 -0.00231492 -0.0461746 -0.016332 0.025706 0.00515385 -0.000425797 0.0676086 0.00290324 0.00496454 -0.0040395 0.0239987 0.0456885 0.0285808 0.0658953 0.103162 -0.00284119 0.183507 -0.0351027 0.000563887 -0.016714 -0.0386324 -0.070251 0.0187947 -0.00250981 0.00618647 -0.0507177 0.0151126 -0.0317359 -0.0476683
internal_weight=3720 2567 106 73 53 1153 2461 43 1121 1093 742 351 229 203 128 83 45 46 75 712 122 94 67 43 689 531 72 459 158 137
internal_count=3720 2567 106 73 53 1153 2461 43 1121 1093 742 351 229 203 128 83 45 46 75 712 122 94 67 43 689 531 72 459 158 137
is_linear=0
shrinkage=0.05


Tree=126
num_leaves=31
num_cat=0
split_feature=9 4 2 2 8 3 4 4 4 0 2 5 4 3 5 5 4 7 4 3 3 0 3 3 1 3 3 5 1 1
split_gain=17.3888 108.184 83.3749 191.521 96.7838 202.817 147.343 180.908 166.735 149.022 161.318 127.258 114.27 131.221 154.328 132.77 109.11 137.96 122.863 106.758 146.735 243.388 182.322 166.907 120.758 83.8477 77.2637 64.6908 62.3479 60.6532
threshold=4.5000000000000009 10.000331866990015 10.928571428571431 11.357142857142859 2.5000000000000004 4.7759317216145121 14.267647798219096 14.743647385282829 14.966326695630132 15.500000000000002 12.642857142857144 15.034129845682815 11.382655915535119 4.9809159608975344 15.659357055125772 15.324396605496306 17.700556143879449 0.38907274732114289 15.405569170058934 5.6103645582252941 7.3029674334022161 9.5000000000000018 6.7188434378884914 8.1737093054208803 15.500000000000002 6.3658303099171851 7.0845229123514875 13.844881847578566 2.5000000000000004 13.500000000000002
decision_type=2 2 2 2 2 2 2 2 2 2 2 2 2 2 2 2 2 2 2 2 2 2 2 2 2 2 2 2 2 2
left_child=28 -2 25 -4 5 11 9 -8 -9 10 -7 -5 -6 14 -14 19 17 26 -19 -15 21 -21 -23 -22 -25 -3 -17 -11 -1 -10
right_child=1 2 3 4 12 6 7 8 29 27 -12 -13 13 15 -16 16 -18 18 -20 20 23 22 -24 24 -26 -27 -28 -29 -30 -31
leaf_value=-0.075092049401540018 0.082988855157269767 -0.013999214569608179 0.12542748671990853 0.20484031695872545 -0.14155391141772272 0.11602527329867536 0.16560168217867613 -0.12180938378653744 0.05904916067948749 -0.17371713263647898 -0.056758903456585755 0.028610450916347053 -0.13603815139959688 0.10703302467691488 0.020369163403908413 -0.05800666780241074 0.01941316524228337 -0.22024207565933468 -0.070780733815098015 -0.17218298601488083 0.10840262122013991 0.076775998533948481 -0.10679928816500164 -0.077059932086955427 0.078641695529222497 -0.14832773854335149 0.066206911064329604 -0.064868051845293789 0.0026985925739542102 -0.005020628134151558
leaf_weight=26 33 26 27 20 20 22 20 22 71 21 35 21 46 29 24 31 51 20 44 26 51 38 21 33 20 21 21 39 2764 77
leaf_count=26 33 26 27 20 20 22 20 22 71 21 35 21 46 29 24 31 51 20 44 26 51 38 21 33 20 21 21 39 2764 77
internal_value=2.41898e-11 -0.00592099 -0.00919192 -0.0056074 -0.00990623 0.010126 -0.00382342 0.0233586 0.00662409 -0.0479651 0.00992973 0.114576 -0.0245825 -0.0194408 -0.0824128 -0.00799141 -0.0415388 -0.0683367 -0.117487 0.0177078 0.00400177 -0.0447301 0.0114356 0.0438307 -0.0183046 -0.0740183 -0.00784349 -0.102965 0.00197366 0.0257156
internal_weight=3720 930 897 850 823 348 307 190 170 117 57 41 475 455 70 385 167 116 64 218 189 85 59 104 53 47 52 60 2790 148
internal_count=3720 930 897 850 823 348 307 190 170 117 57 41 475 455 70 385 167 116 64 218 189 85 59 104 53 47 52 60 2790 148
is_linear=0
shrinkage=0.05


Tree=127
num_leaves=31
num_cat=0
split_feature=5 7 0 3 5 7 7 5 2 3 4 0 2 1 1 8 9 3 2 0 2 0 4 0 0 0 7 7 3 8
split_gain=17.5665 39.1685 67.0561 54.3225 30.6741 105.549 89.1815 87.7094 34.5385 34.5562 106.28 112.477 43.2593 35.4214 149.164 128.784 101.463 106.814 95.1923 109.316 106.917 216.489 90.531 100.44 167.716 132.212 123.338 138.27 69.0204 68.3035
threshold=17.294418306914732 0.60007563442834455 14.500000000000002 7.2899147555274757 16.737414395340434 0.49919894374383444 0.26406676534111551 16.912558006388416 19.785714285714288 10.179344164485626 15.134308845767416 14.500000000000002 19.357142857142858 19.500000000000004 21.500000000000004 5.5000000000000009 2.5000000000000004 4.5355736761107126 17.071428571428573 20.500000000000004 15.928571428571431 18.500000000000004 16.830384385516528 8.5000000000000018 6.5000000000000009 13.500000000000002 0.21570941858817763 0.37116367046161153 8.2649574551113449 5.5000000000000009
decision_type=2 2 2 2 2 2 2 2 2 2 2 2 2 2 2 2 2 2 2 2 2 2 2 2 2 2 2 2 2 2
left_child=4 2 -2 -4 8 6 -6 -7 9 12 11 -11 13 29 15 22 17 -16 20 -20 -18 -22 23 24 -15 -25 -27 -28 -19 -1
right_child=1 -3 3 -5 5 7 -8 -9 -10 10 -12 -13 -14 14 16 -17 18 28 19 -21 21 -23 -24 25 -26 26 27 -29 -30 -31
leaf_value=-0.0056274609889099513 -0.07675491503129403 -0.083681908417493109 -0.025273826434498742 0.087153846567327331 0.027212580395015801 0.1537159868262031 -0.089587562244672042 0.025590269804439125 -0.045970277490503177 -0.059078682065010074 -0.091231423950730237 0.10860953509807587 0.072493476598035719 0.025467890948057178 -0.14829111348837615 -0.050431330816354605 0.0053931579056370541 -0.041035279608806791 -0.11604785891550203 0.021566085507058436 0.1666209405695554 -0.025625026639964844 0.13927256398159882 -0.064452026707722862 0.20722291610119017 0.14836513204500079 -0.093844159506261349 0.063122684175663801 0.05885185932829267 0.01823540340829909
leaf_weight=2208 21 20 21 22 44 22 26 34 41 20 39 20 21 30 20 32 320 98 31 27 32 27 29 34 22 24 20 47 21 347
leaf_count=2208 21 20 21 22 44 22 26 34 41 20 39 20 21 30 20 32 320 98 31 27 32 27 29 34 22 24 20 47 21 347
internal_value=-5.11351e-11 -0.0226054 -0.00351905 0.0322473 0.000522238 0.0247611 -0.0161703 0.0759254 -0.000347875 0.000191335 -0.0324988 0.0247654 0.000953141 0.000507209 0.00959034 0.0428879 -0.00416803 -0.0413769 0.00766729 -0.0519862 0.0167963 0.078644 0.0573841 0.0439673 0.102364 0.0196742 0.051106 0.0162669 -0.0234081 -0.00238659
internal_weight=3720 84 64 43 3636 126 70 56 3510 3469 79 40 3390 3369 814 238 576 139 437 58 379 59 206 177 52 125 91 67 119 2555
internal_count=3720 84 64 43 3636 126 70 56 3510 3469 79 40 3390 3369 814 238 576 139 437 58 379 59 206 177 52 125 91 67 119 2555
is_linear=0
shrinkage=0.05


Tree=128
num_leaves=31
num_cat=0
split_feature=7 0 1 1 3 3 3 7 0 2 3 3 0 8 3 7 4 5 5 4 0 7 5 7 5 1 2 2 1 8
split_gain=16.7935 117.517 121.962 66.4612 98.1617 100.408 67.3284 42.2388 177.483 130.716 94.9277 104.892 70.4899 64.3246 45.1161 44.0047 127.592 173.304 146.189 134.491 122.161 99.7664 233.966 200.999 248.98 76.4601 49.5562 85.028 50.3979 49.1054
threshold=0.81560440812257118 8.5000000000000018 16.500000000000004 8.5000000000000018 7.7613204571190906 6.9710282727036583 5.5891050480461777 0.77279574640276405 14.500000000000002 13.214285714285717 8.1196409575129174 7.1080094473407138 7.5000000000000009 3.5000000000000004 7.5182311413338576 0.72791224774868568 17.202787520125771 13.293683305632028 14.247423105305467 14.839296152359312 13.500000000000002 0.70353679262213464 15.944473916882545 0.71027590819666775 14.894500689213002 14.500000000000002 19.928571428571434 19.500000000000004 31.500000000000004 4.5000000000000009
decision_type=2 2 2 2 2 2 2 2 2 2 2 2 2 2 2 2 2 2 2 2 2 2 2 2 2 2 2 2 2 2
left_child=7 2 -2 -3 5 6 -5 15 9 12 11 13 -9 -10 -11 21 17 -17 -19 -20 -21 26 23 -23 25 -25 27 28 -1 -28
right_child=1 3 -4 4 -6 -7 -8 8 10 14 -12 -13 -14 -15 -16 16 -18 18 19 20 -22 22 -24 24 -26 -27 29 -29 -30 -31
leaf_value=-0.0016080948731312446 -0.013254866725014103 0.021120076631315245 0.14067658416249537 -0.10103043504059316 0.019021340651494086 -0.18055214732885361 0.00085342648559279992 -0.035124363303184511 0.0024149056937959462 -0.12787663484061207 -0.013135071871457278 0.18261383138597012 0.091973770968616017 0.11155682664226603 -0.028796178530901675 0.084566496380350811 0.0613835237148617 -0.15100665967408067 0.051261739913494357 0.017698788252614794 -0.1340458131550501 0.20531060332432391 -0.10777877591550351 0.032556974391142531 0.17534966915845873 -0.096490466459230942 0.014615316297543252 -0.084268214517543405 0.072699953745240756 0.1036468545595805
leaf_weight=2886 31 39 22 34 33 20 31 20 27 27 27 24 24 27 20 22 35 37 31 21 36 24 20 24 22 22 59 31 23 21
leaf_count=2886 31 39 22 34 33 20 31 20 27 27 27 24 24 27 20 22 35 37 31 21 36 24 20 24 22 22 59 31 23 21
internal_value=-9.8734e-12 -0.0137345 0.0506412 -0.0354665 -0.0541688 -0.0825838 -0.0524397 0.000821724 0.0233756 -0.0277331 0.0676697 0.0956406 0.0342019 0.0569859 -0.0857147 -0.000512179 -0.0244133 -0.0448411 -0.0676169 -0.0325552 -0.0781399 0.000876711 0.0472156 0.08091 0.037004 -0.0291614 -0.000841818 -0.00189836 -0.00102058 0.0379861
internal_weight=3720 210 53 157 118 85 65 3510 196 91 105 78 44 54 47 3314 182 147 125 88 57 3132 112 92 68 46 3020 2940 2909 80
internal_count=3720 210 53 157 118 85 65 3510 196 91 105 78 44 54 47 3314 182 147 125 88 57 3132 112 92 68 46 3020 2940 2909 80
is_linear=0
shrinkage=0.05


Tree=129
num_leaves=31
num_cat=0
split_feature=3 7 3 2 8 3 7 1 1 7 3 7 2 5 1 5 0 3 2 4 7 5 5 8 8 0 0 1 2 7
split_gain=17.0641 150.355 163.133 264.154 136.948 105.643 143.077 141.563 126.507 130.36 281.533 167.074 266.195 128.595 123.485 119.012 116.853 104.948 143.286 238.636 155.765 181.114 272.452 174.327 97.1963 132.022 117.057 164.163 121.944 203.353
threshold=7.3872476993416631 0.011325859094010101 7.6749437720912281 12.500000000000002 2.5000000000000004 7.9041881604748268 0.47620427309182084 11.500000000000002 9.5000000000000018 0.39194000381101007 9.2027405893447192 0.73797502888850108 14.357142857142859 15.555068591720476 13.500000000000002 14.590649883729599 15.500000000000002 7.0845229123514875 13.214285714285717 11.609680379999725 0.16775933788214709 15.339917042936726 14.449851969875201 3.5000000000000004 1.5000000000000002 9.5000000000000018 11.500000000000002 10.500000000000002 14.785714285714286 0.63659725847675264
decision_type=2 2 2 2 2 2 2 2 2 2 2 2 2 2 2 2 2 2 2 2 2 2 2 2 2 2 2 2 2 2
left_child=17 -2 3 4 -3 6 7 -4 9 10 16 12 -11 -14 -10 -8 -7 24 19 -19 -20 22 -22 -23 25 -1 27 -27 -28 -30
right_child=1 2 5 -5 -6 8 15 -9 14 11 -12 -13 13 -15 -16 -17 -18 18 20 -21 21 23 -24 -25 -26 26 28 -29 29 -31
leaf_value=-0.05540716533918353 0.11684694874286652 0.16241845458745957 0.093923333066481138 -0.072220668685752595 -0.022613930106163027 -0.22771666212273495 0.01150953221166956 -0.041399277297451215 0.040427832877603029 0.13479929073817201 0.025213150594915662 -0.099298573474192797 -0.11548738096441542 0.029209361882770762 -0.0078607301293866626 0.14197691897861661 -0.080511906313208439 0.086980796299342605 -0.050963054411113262 -0.10146368485653685 0.040323649757565597 -0.045883284542942424 0.22972732514671579 0.12242649847362191 0.0057017784560087596 0.17063365680250256 -0.039851487981721612 -0.006792717752978206 0.047989832280869907 -0.067348425708851731
leaf_weight=169 25 20 27 179 20 28 29 68 181 36 35 36 28 34 493 44 26 28 27 42 39 40 37 25 1556 22 204 32 137 53
leaf_count=169 25 20 27 179 20 28 29 68 181 36 35 36 28 34 493 44 26 28 27 42 39 40 37 25 1556 22 204 32 137 53
internal_value=4.96929e-11 -0.00459589 -0.00696043 -0.0462621 0.0699023 0.00112133 0.0375092 -0.00293917 -0.00569378 -0.0383382 -0.0852462 -0.00718285 0.0266556 -0.0361376 0.00510697 0.0901474 -0.15684 0.00249524 0.0340162 -0.0260859 0.0590587 0.0801267 0.132533 0.0188512 -0.000957125 -0.0177501 -0.00354462 0.0654921 -0.0130065 0.0158165
internal_weight=3720 1309 1284 219 40 1065 168 95 897 223 89 134 98 62 674 73 54 2411 238 70 168 141 76 65 2173 617 448 54 394 190
internal_count=3720 1309 1284 219 40 1065 168 95 897 223 89 134 98 62 674 73 54 2411 238 70 168 141 76 65 2173 617 448 54 394 190
is_linear=0
shrinkage=0.05


Tree=130
num_leaves=31
num_cat=0
split_feature=3 3 7 9 0 1 7 0 3 0 2 0 5 7 1 6 5 4 4 7 7 7 4 2 1 1 4 3 7 4
split_gain=16.9201 77.8262 128.491 129.073 113.148 109.507 107.779 90.4054 74.8005 76.9347 124.016 93.7792 72.9864 75.9991 89.2523 81.2464 103.516 96.2191 124.594 122.3 86.456 103.774 78.6821 75.4707 196.943 175.272 222.704 181.279 158.223 133.439
threshold=5.7569833370313974 5.4160256030906444 0.38532528887812006 2.5000000000000004 14.500000000000002 15.500000000000002 0.30924324901746708 17.500000000000004 5.9120538692049323 18.500000000000004 15.214285714285717 12.500000000000002 16.681526771271628 0.016561504864339455 27.500000000000004 1.0000000180025095e-35 14.316178486548731 16.753913722354827 15.134308845767416 0.22630166601668841 0.39470850881489089 0.14589608125849465 17.444833100412477 12.214285714285717 17.500000000000004 10.500000000000002 12.059038495772608 4.2983939414844778 0.36098836124198014 12.295586401759406
decision_type=2 2 2 2 2 2 2 2 2 2 2 2 2 2 2 2 2 2 2 2 2 2 2 2 2 2 2 2 2 2
left_child=1 12 6 -4 5 -5 7 -3 9 10 11 -2 13 -1 15 17 -17 18 23 -19 21 -20 -21 24 25 -15 27 -27 -29 -25
right_child=8 2 3 4 -6 -7 -8 -9 -10 -11 -12 -13 -14 14 -16 16 -18 19 20 22 -22 -23 -24 29 -26 26 -28 28 -30 -31
leaf_value=-0.092702154176575804 -0.028590912860818208 0.077776464958817279 -0.095035385638475425 -0.11116260332720621 0.087545957930911439 0.052314839661121375 0.16104170608520507 -0.032684445440665719 -0.00048860642719348387 -0.10674084027608235 -0.12083467617630959 0.10738955431041264 -0.076727724339692827 0.025929042441795953 -0.074696232484919689 0.027432083994150164 -0.10659414531580885 -0.032634165262182553 0.0015846341401338578 0.17341115108650665 -0.00024098127086957298 -0.1276632844311435 0.054362617305346896 0.12399874363626753 0.063676419008422552 0.059159374795854092 -0.19870469630868348 0.0083105858042836194 -0.18036978244781496 0.02038544599464439
leaf_weight=21 32 59 30 21 39 20 25 27 2461 33 20 21 31 73 35 25 34 24 25 23 75 41 35 35 74 32 27 20 25 277
leaf_count=21 32 59 30 21 39 20 25 27 2461 33 20 21 31 73 35 25 34 24 25 23 75 41 35 35 74 32 27 20 25 277
internal_value=2.1285e-10 0.00503151 0.0317081 -0.00658988 0.0265772 -0.0314175 0.069661 0.0430969 -0.00225997 -0.0433856 -0.0147455 0.0252881 -0.00129416 0.00130122 0.00354449 0.00678523 -0.0498034 0.011033 0.00506248 0.0622918 -0.0369692 -0.0787057 0.101572 0.0155891 -0.00482105 -0.0334584 -0.0751438 -0.0318173 -0.0965118 0.0320087
internal_weight=3720 1153 221 110 80 41 111 86 2567 106 73 53 932 901 880 845 59 786 704 82 141 66 58 563 251 177 104 77 45 312
internal_count=3720 1153 221 110 80 41 111 86 2567 106 73 53 932 901 880 845 59 786 704 82 141 66 58 563 251 177 104 77 45 312
is_linear=0
shrinkage=0.05


Tree=131
num_leaves=31
num_cat=0
split_feature=4 3 1 9 2 5 7 7 1 4 3 3 2 7 0 1 5 3 3 3 0 3 7 7 8 7 5 5 9 1
split_gain=16.6992 122.034 141.149 206.995 128.823 101.792 77.9436 72.0019 56.4151 41.5458 117.752 149.873 195.575 185.258 98.9836 84.9129 71.6232 58.1425 81.8257 103.789 76.2435 116.902 59.0685 146.835 126.046 206.317 110.505 132.11 102.84 165.81
threshold=10.581361185473959 4.1604706010168817 11.500000000000002 3.5000000000000004 9.3571428571428594 12.08014476930733 0.27426826952026812 0.545317665506449 8.5000000000000018 11.326143496166738 5.0473944244719382 6.8521807442872449 11.785714285714286 0.45838697673384565 10.500000000000002 12.500000000000002 12.271820427177964 3.4364987719369018 3.6774675532904193 3.7859388972001922 13.500000000000002 2.8743499452978107 0.31339541316093561 0.32003592499342454 5.5000000000000009 0.25385127026782267 12.65415813906198 12.929229980032767 3.5000000000000004 16.500000000000004
decision_type=2 2 2 2 2 2 2 2 2 2 2 2 2 2 2 2 2 2 2 2 2 2 2 2 2 2 2 2 2 2
left_child=1 -1 3 8 -4 -6 -7 -8 -3 10 14 12 15 -13 -2 -12 -11 20 -19 -20 -18 -22 24 -24 26 28 -21 -28 29 -26
right_child=9 2 4 -5 5 6 7 -9 -10 16 11 13 -14 -15 -16 -17 17 18 19 22 21 -23 23 -25 25 -27 27 -29 -30 -31
leaf_value=0.070756189535195774 0.17629105910658838 -0.09994464747252918 0.035777611481691049 0.13136891106079365 9.9040173853819199e-05 -0.046300569725119409 -0.22208725618464606 -0.099611122214368408 0.013405054030211076 -0.076038792152558599 -0.18800185550004245 -0.031471073579403666 0.0680229803790217 0.14003260298632086 0.030651905813387465 -0.05096603659912944 -0.10472554246584574 0.077420409726245074 -0.097063870031248653 0.11460720219395377 -0.092174306782809176 0.059569660772879923 -0.11749009261173862 -0.0021763534278011541 0.12437918378247155 0.17785245560937457 -0.10776182352392763 0.0044359433808792877 -0.021336566937751461 -0.038358369842171669
leaf_weight=37 20 21 28 29 26 27 21 28 23 31 20 31 23 32 28 26 30 35 27 22 22 30 28 1963 45 27 27 928 61 24
leaf_count=37 20 21 28 29 26 27 21 28 23 31 20 31 23 32 28 26 30 35 27 22 22 30 28 1963 45 27 27 928 61 24
internal_value=-3.73309e-10 -0.0127565 -0.027978 0.02766 -0.0592209 -0.0852989 -0.114514 -0.152101 -0.0406937 0.000879757 0.0242716 -0.000115042 -0.0510236 0.0556419 0.0913349 -0.110547 -0.000396162 0.000321158 0.00139077 0.00054653 -0.0412501 -0.00462971 0.00138988 -0.00379804 0.0104985 0.0520825 0.00381612 0.00126386 0.025961 0.0677748
internal_weight=3720 240 203 73 130 102 76 49 44 3480 180 132 69 63 48 46 3300 3269 3187 3152 82 52 3125 1991 1134 157 977 955 130 69
internal_count=3720 240 203 73 130 102 76 49 44 3480 180 132 69 63 48 46 3300 3269 3187 3152 82 52 3125 1991 1134 157 977 955 130 69
is_linear=0
shrinkage=0.05


Tree=132
num_leaves=31
num_cat=0
split_feature=9 4 2 2 0 5 5 1 4 4 4 0 5 3 4 5 5 4 0 8 2 8 1 4 3 5 5 1 1 1
split_gain=16.5545 91.0954 74.0691 168.669 93.6443 195.906 124.992 134.001 117.789 109.91 222.423 110.833 199.102 115.701 100.904 93.2421 117.676 147.693 105.691 145.006 132.682 92.7966 89.5118 85.3813 77.8989 77.4968 60.7524 59.134 160.755 58.351
threshold=4.5000000000000009 10.000331866990015 10.928571428571431 11.357142857142859 14.500000000000002 13.822195660068459 13.69509551906698 4.5000000000000009 12.957133205317712 16.022556090256071 15.405569170058934 21.500000000000004 14.654020148029447 4.6521877213394225 17.128770209001882 13.912681274774092 14.342249449893037 13.603894334081794 13.500000000000002 2.5000000000000004 14.071428571428573 5.5000000000000009 17.500000000000004 12.664107451848221 6.3658303099171851 15.277022562709979 15.389047006981789 20.500000000000004 14.500000000000002 2.5000000000000004
decision_type=2 2 2 2 2 2 2 2 2 2 2 2 2 2 2 2 2 2 2 2 2 2 2 2 2 2 2 2 2 2
left_child=29 -2 24 -4 6 23 8 -8 -5 10 11 13 -13 -7 -11 -9 -17 -18 19 27 -21 22 26 -6 -3 -15 -22 28 -19 -1
right_child=1 2 3 4 5 9 7 15 -10 14 -12 12 -14 25 -16 16 17 18 -20 20 21 -23 -24 -25 -26 -27 -28 -29 -30 -31
leaf_value=-0.072628867970063141 0.07580888738686388 -0.012029482431423206 0.11756895239706394 0.15495662081700107 -0.064330856129527089 0.069623598079197116 0.12210818341933193 -0.10020932853221894 0.010647976170143774 -0.096458082328565786 0.12030067306918067 -0.071454845024989208 0.1038167406783201 -0.035032645295350218 -0.0098620449329415959 0.082942963540554054 -0.13025407564640046 0.082776822681937909 0.090644400870358507 0.050088730253852333 -0.20831734946086292 0.018310159202665093 -0.032133621852179724 -0.19408007001593 -0.14150515482539225 -0.12959445887555679 -0.093975769785734325 0.1032627509339996 -0.074953367114067082 0.0026270396772128672
leaf_weight=26 33 26 27 26 32 20 20 27 31 61 37 26 43 78 75 35 25 35 27 26 21 20 28 21 21 30 26 23 30 2764
leaf_count=26 33 26 27 26 32 20 20 27 31 61 37 26 43 78 75 35 25 35 27 26 21 20 28 21 21 30 26 23 30 2764
internal_value=1.2909e-12 -0.00577719 -0.00877868 -0.00540012 -0.00943435 -0.0258354 0.00790972 -0.00348418 0.076473 -0.012957 0.00781842 -0.0133077 0.0377724 -0.040843 -0.0487029 -0.0112608 -0.00314724 -0.0146919 -0.00245015 -0.0144767 -0.0499939 -0.077385 -0.102904 -0.115741 -0.0698803 -0.0612998 -0.145065 0.0343594 0.00997827 0.00192573
internal_weight=3720 930 897 850 823 423 400 343 57 370 234 197 69 128 136 323 296 261 236 209 121 95 75 53 47 108 47 88 65 2790
internal_count=3720 930 897 850 823 423 400 343 57 370 234 197 69 128 136 323 296 261 236 209 121 95 75 53 47 108 47 88 65 2790
is_linear=0
shrinkage=0.05


Tree=133
num_leaves=31
num_cat=0
split_feature=5 8 7 2 2 3 4 3 2 5 3 3 3 3 1 1 5 8 5 3 4 5 8 3 7 3 2 4 0 2
split_gain=16.7171 38.3974 38.8293 30.0639 41.2327 32.1475 69.5538 169.726 149.676 124.122 117.245 59.6071 99.4725 58.5507 185.47 146.474 128.793 113.645 109.288 73.5257 157.004 128.784 66.6475 201.803 174.179 156.795 106.122 201.138 146.994 143.736
threshold=17.294418306914732 1.5000000000000002 0.32932882441735312 20.642857142857149 20.214285714285719 9.5518634432290366 15.5939316892352 9.8113150642325397 13.357142857142859 14.856784611361913 10.179344164485626 8.8209706840870865 8.9176119222137604 8.1998838551588875 8.5000000000000018 6.5000000000000009 16.203624186844724 1.0000000180025095e-35 15.755348725419303 8.520283806481908 15.405569170058934 14.233363705059547 1.0000000180025095e-35 4.4614753058558785 0.68554410338876903 6.0670852812140286 11.785714285714286 14.44037533637051 15.500000000000002 12.785714285714286
decision_type=2 2 2 2 2 2 2 2 2 2 2 2 2 2 2 2 2 2 2 2 2 2 2 2 2 2 2 2 2 2
left_child=3 -2 -3 4 5 11 7 -7 -9 -10 -8 13 -13 22 15 -15 17 -16 19 21 -21 -19 23 -1 26 -26 -25 28 29 -28
right_child=1 2 -4 -5 -6 6 10 8 9 -11 -12 12 -14 14 16 -17 -18 18 -20 20 -22 -23 -24 24 25 -27 27 -29 -30 -31
leaf_value=0.074132423323613625 0.027065409202542568 -0.00025674669215312374 -0.083111950370573229 -0.059142617029803141 0.063594905380159619 -0.17160648236220533 0.062655036509037018 -0.11176913434267044 0.12627133727073669 -0.036568939357995989 -0.051412011528523961 0.096706355744745676 0.010751900797154993 -0.022322397422976793 0.12258714217515219 -0.19525315076857808 -0.094135844346248748 -0.12226256132125855 0.10883401766419412 0.08262480224172275 -0.068637758005281976 0.0086385332824041438 0.0049673762549378416 0.019275201052427294 -0.056513741115729016 0.086532373283550429 0.03504537606442517 -0.02414960993591371 -0.19013841640204193 -0.12805094301700592
leaf_weight=54 27 26 31 21 26 22 50 25 22 25 41 41 188 24 21 25 33 34 20 42 29 42 2472 50 30 53 22 149 40 35
leaf_count=54 27 26 31 21 26 22 50 25 22 25 41 41 188 24 21 25 33 34 20 42 29 42 2472 50 30 53 22 149 40 35
internal_value=-1.34905e-10 -0.0220521 -0.0453183 0.000509455 0.000855982 0.000401479 -0.0198971 -0.050062 -0.0129234 0.0396542 0.0112622 0.00150466 0.0261411 -0.000272266 -0.0225441 -0.110552 -0.00303093 0.0129609 -0.000824441 -0.015744 0.0208415 -0.0499225 0.00179775 -0.0162977 -0.0291822 0.034829 -0.0471313 -0.0606285 -0.116663 -0.0651015
internal_weight=3720 84 57 3636 3615 3589 185 94 72 47 91 3404 229 3175 270 49 221 188 167 147 71 76 2905 433 379 83 296 246 97 57
internal_count=3720 84 57 3636 3615 3589 185 94 72 47 91 3404 229 3175 270 49 221 188 167 147 71 76 2905 433 379 83 296 246 97 57
is_linear=0
shrinkage=0.05


Tree=134
num_leaves=31
num_cat=0
split_feature=4 3 1 9 7 1 7 7 1 4 7 5 0 3 7 3 3 7 3 8 7 3 8 7 4 4 4 4 5 8
split_gain=16.7104 108.219 126.024 185.27 119.715 164.237 147.653 74.2816 51.2543 39.6205 38.5234 117.899 93.5926 139.756 76.534 123.868 39.6901 96.4648 178.156 147.322 138.392 79.7638 182.798 87.7283 73.5214 64.3398 54.6432 164.215 114.537 109.916
threshold=10.581361185473959 4.1604706010168817 11.500000000000002 3.5000000000000004 0.32932882441735312 16.500000000000004 0.15565847947566844 0.61694552206254116 8.5000000000000018 10.728784271740423 0.83589943869142747 15.542089947645099 10.500000000000002 6.6278630192806824 0.82006998554388677 6.9710282727036583 4.0708019567928604 0.087752228315040606 3.50509832753866 3.5000000000000004 0.33664445031849827 4.4614753058558785 2.5000000000000004 0.35404186965611922 15.5939316892352 14.966326695630132 14.324538393890881 14.214972572343266 15.861016332347925 3.5000000000000004
decision_type=2 2 2 2 2 2 2 2 2 2 2 2 2 2 2 2 2 2 2 2 2 2 2 2 2 2 2 2 2 2
left_child=1 -1 3 8 6 -6 -4 -7 -3 -2 14 12 -12 -14 16 -16 17 -11 20 -20 -19 22 23 -18 -24 -22 27 28 -23 -29
right_child=9 2 4 -5 5 7 -8 -9 -10 10 11 -13 13 -15 15 -17 21 18 19 -21 25 26 24 -25 -26 -27 -28 29 -30 -31
leaf_value=0.06588268881109921 0.058092363203565284 -0.095665301311583753 -0.080322477364769357 0.12359343859656105 -0.19809825626703412 -0.094539694968731172 0.089861681569367649 0.025591661814938896 0.012375488796311876 0.079892119907197509 0.13681550186925703 -0.051342531485903654 -0.07813030225224793 0.099197224140167239 0.0087176429661544597 -0.1267769650826531 0.040907321810722354 -0.060697224395615715 -0.14295910252646235 -0.011181871377323804 0.024528701016397189 -0.0064104246088304024 0.024120677277647162 0.16871818324615218 -0.093012583929867984 0.13818040043115618 0.0061214394814599954 -0.029493445694446563 0.097750974032613971 -0.18466084592399146
leaf_weight=37 30 21 26 29 26 31 25 22 23 21 28 31 20 25 37 31 25 35 48 38 33 1172 37 29 21 20 1726 25 27 21
leaf_count=37 30 21 26 29 26 31 25 22 23 21 28 31 20 25 37 31 25 35 48 38 33 1172 37 29 21 20 1726 25 27 21
internal_value=6.13696e-11 -0.0127607 -0.0270948 0.0254777 -0.0566162 -0.095168 0.00310113 -0.0446738 -0.0391894 0.000880051 0.000382553 0.0303513 0.0650433 0.020385 -0.000548934 -0.053052 0.000540207 -0.0213362 -0.0335534 -0.084732 0.016462 0.00192389 0.0433456 0.109546 -0.0182896 0.0674161 0.000362386 -0.00762165 -0.00406484 -0.100331
internal_weight=3720 240 203 73 130 79 51 53 44 3480 3450 104 73 45 3346 68 3278 195 174 86 88 3083 112 54 58 53 2971 1245 1199 46
internal_count=3720 240 203 73 130 79 51 53 44 3480 3450 104 73 45 3346 68 3278 195 174 86 88 3083 112 54 58 53 2971 1245 1199 46
is_linear=0
shrinkage=0.05


Tree=135
num_leaves=31
num_cat=0
split_feature=9 4 0 0 3 5 0 3 3 5 2 2 7 7 7 1 5 7 5 7 1 1 5 8 0 4 4 5 7 1
split_gain=15.6263 79.347 71.6234 85.0029 165.107 183.876 135.378 163.206 89.1499 88.9379 282.256 201.432 119.371 227.356 224.478 262.545 181.132 115.181 132.01 124.289 99.0702 84.7568 84.1584 70.9659 65.8452 65.4474 68.7753 61.2703 79.8829 73.1606
threshold=4.5000000000000009 10.000331866990015 3.5000000000000004 14.500000000000002 4.0708019567928604 13.822195660068459 21.500000000000004 6.2602285681426624 4.0708019567928604 13.69509551906698 10.928571428571431 12.071428571428573 0.36098836124198014 0.50399924115190464 0.62603151184095951 14.500000000000002 14.915921125073064 0.30610121584649913 14.999472908476461 0.11758336274351622 17.500000000000004 24.500000000000004 15.20290594617944 5.5000000000000009 23.500000000000004 12.664107451848221 11.382655915535119 15.712570405023692 0.62288580046435371 17.500000000000004
decision_type=2 2 2 2 2 2 2 2 2 2 2 2 2 2 2 2 2 2 2 2 2 2 2 2 2 2 2 2 2 2
left_child=-1 -2 -3 8 -5 25 21 -8 -4 10 -10 -12 17 16 15 -15 -14 18 -11 -20 22 23 -16 27 -9 26 -6 28 29 -7
right_child=1 2 3 4 5 6 7 24 9 12 11 -13 13 14 20 -17 -18 -19 19 -21 -22 -23 -24 -25 -26 -27 -28 -29 -30 -31
leaf_value=0.0018709676425593593 0.070530629270907613 -0.091857080399990076 -0.090835684254055929 0.091648650417725241 -0.13696858031409129 -0.051749590751951784 0.12070950106576538 0.065585512570712878 -0.086228558141738187 0.09012732822797262 0.24171005675480484 0.05205249102520091 -0.19963091548818809 0.23069144954735582 -0.11254673299153109 -0.0039982834114478186 -0.029256319541197558 0.15265043184161187 -0.1180257474274739 0.033386137810620393 0.048743902712032716 -0.13061447315241978 -0.00086257214988431626 -0.11161446616498996 -0.031430248505346585 -0.18409618109464645 -0.0074137374758720398 -0.059398282401389994 0.07339011611416936 0.051792322471737866
leaf_weight=2790 33 25 21 30 21 59 33 23 24 40 21 42 26 22 37 26 39 20 23 33 29 23 31 23 73 20 20 59 30 24
leaf_count=2790 33 25 21 30 21 59 33 23 24 40 21 42 26 22 37 26 39 20 23 33 29 23 31 23 73 20 20 59 30 24
internal_value=-1.42496e-10 -0.0056129 -0.00841417 -0.00602189 -0.0215614 -0.0298856 -0.0158121 0.0247866 0.00966082 0.0147708 0.0596854 0.115272 0.00278439 -0.0197026 0.0151301 0.103568 -0.0974062 0.0434936 0.0207525 -0.0288009 -0.0286329 -0.0398361 -0.0616319 -0.0291289 -0.00818689 -0.109943 -0.0737711 -0.0180989 0.00346454 -0.0218098
internal_weight=3720 930 897 872 438 408 347 129 434 413 87 63 326 210 145 48 65 116 96 56 97 218 68 195 96 61 41 172 113 83
internal_count=3720 930 897 872 438 408 347 129 434 413 87 63 326 210 145 48 65 116 96 56 97 218 68 195 96 61 41 172 113 83
is_linear=0
shrinkage=0.05


Tree=136
num_leaves=31
num_cat=0
split_feature=4 3 1 9 2 5 7 7 1 4 3 3 2 7 0 5 3 3 3 8 0 7 7 8 7 5 5 9 1 5
split_gain=15.7103 97.9299 113.177 165.587 110.664 87.2057 63.7102 63.6026 46.257 37.4357 105.764 132.858 183.227 162.231 87.7957 65.1758 57.8049 69.5423 88.3173 67.2278 133.788 52.5856 133.578 109.639 184.535 100.529 112.111 94.699 149.523 100.642
threshold=10.581361185473959 4.1604706010168817 11.500000000000002 3.5000000000000004 9.3571428571428594 12.08014476930733 0.27426826952026812 0.545317665506449 8.5000000000000018 11.326143496166738 5.0473944244719382 6.8521807442872449 11.214285714285717 0.45838697673384565 10.500000000000002 12.271820427177964 3.4364987719369018 3.6774675532904193 3.7859388972001922 2.5000000000000004 14.500000000000002 0.31339541316093561 0.32003592499342454 5.5000000000000009 0.25385127026782267 12.65415813906198 13.05677546761016 3.5000000000000004 16.500000000000004 14.637273632418633
decision_type=2 2 2 2 2 2 2 2 2 2 2 2 2 2 2 2 2 2 2 2 2 2 2 2 2 2 2 2 2 2
left_child=1 -1 3 8 -4 -6 -7 -8 -3 10 14 12 -12 -13 -2 -11 19 -18 -19 -17 -21 23 -23 25 27 -20 -27 28 29 -25
right_child=9 2 4 -5 5 6 7 -9 -10 15 11 13 -14 -15 -16 16 17 18 21 20 -22 22 -24 24 -26 26 -28 -29 -30 -31
leaf_value=0.062438678811933546 0.16662671983242036 -0.090975585171864159 0.034063562591161049 0.11656977503464139 0.00088778375647962098 -0.043524597247165668 -0.20495592419590269 -0.089844964870384764 0.011663166660329571 -0.072515592267436368 -0.1436766756120427 -0.029076620071165023 0.021390423513948917 0.13141445092624054 0.029464913425701008 0.01694465966955308 0.071483963419284133 -0.089426926385473338 0.10942632904784247 -0.15900717318058014 0.0029895321967510079 -0.11194085135523762 -0.0019556234299878471 0.034342535603791476 0.16771609562414666 -0.074834404286483067 0.0051739881176689007 -0.021320998686991756 -0.036595468968153001 0.18482357442378999
leaf_weight=37 20 21 28 29 26 27 21 28 23 31 29 31 40 32 28 31 35 27 22 25 26 28 1963 20 27 46 909 61 24 25
leaf_count=37 20 21 28 29 26 27 21 28 23 31 29 31 40 32 28 31 35 27 22 25 26 28 1963 20 27 46 909 61 24 25
internal_value=6.39877e-11 -0.012373 -0.0260086 0.0238122 -0.0539849 -0.0781551 -0.105196 -0.139178 -0.0373235 0.000853309 0.023058 -5.39352e-05 -0.0479856 0.0524427 0.0866157 -0.000357854 0.00032642 0.00139292 0.000614624 -0.041124 -0.0764206 0.00139258 -0.00350238 0.00998682 0.0487701 0.00375451 0.00132018 0.0240659 0.0641906 0.117943
internal_weight=3720 240 203 73 130 102 76 49 44 3480 180 132 69 63 48 3300 3269 3187 3152 82 51 3125 1991 1134 157 977 955 130 69 45
internal_count=3720 240 203 73 130 102 76 49 44 3480 180 132 69 63 48 3300 3269 3187 3152 82 51 3125 1991 1134 157 977 955 130 69 45
is_linear=0
shrinkage=0.05


Tree=137
num_leaves=31
num_cat=0
split_feature=5 8 1 5 7 0 5 7 2 3 4 0 2 1 1 8 9 3 2 0 2 4 4 3 4 7 4 4 5 0
split_gain=15.3516 35.4792 37.6757 29.1546 95.2674 83.9678 75.6308 51.4207 34.1909 30.3912 93.1148 99.0321 39.1688 31.8708 129.056 116.73 92.1945 95.4047 87.3709 98.7885 95.5229 192.578 79.4033 166.404 105.715 107.451 110.167 61.4444 65.8733 91.1404
threshold=17.294418306914732 1.5000000000000002 12.500000000000002 16.737414395340434 0.49919894374383444 20.500000000000004 16.912558006388416 0.17578870404090757 19.785714285714288 10.179344164485626 15.134308845767416 14.500000000000002 19.357142857142858 19.500000000000004 21.500000000000004 5.5000000000000009 2.5000000000000004 4.5355736761107126 17.071428571428573 20.500000000000004 15.928571428571431 16.508165416920836 15.287309407663331 8.081430667864316 14.44037533637051 0.59571365110824004 13.198339195014736 15.995030624743313 14.316178486548731 10.500000000000002
decision_type=2 2 2 2 2 2 2 2 2 2 2 2 2 2 2 2 2 2 2 2 2 2 2 2 2 2 2 2 2 2
left_child=3 -2 -3 8 5 7 -6 -5 9 12 11 -11 13 -1 15 22 17 -16 20 -20 -18 -22 24 -24 25 26 -15 28 29 -19
right_child=1 2 -4 4 6 -7 -8 -9 -10 10 -12 -13 -14 14 16 -17 18 27 19 -21 21 -23 23 -25 -26 -27 -28 -29 -30 -31
leaf_value=-0.0022784350176228833 0.026081903596167213 0.0077757211571389991 -0.07572547506008831 0.00034746508235516753 0.14496351155367765 0.063514391948347501 0.025986639015814841 -0.1042733879139026 -0.045752356237754588 -0.055553475767374044 -0.085455260674158734 0.10179333299398424 0.068964837101243792 -0.019957848762472474 -0.14022668208926917 -0.048790388321504001 0.0055342172586824749 0.0773122746319998 -0.11048258800179728 0.020337503762156876 0.14697566326811082 -0.038242715516168146 0.1536636981699202 -0.014128634130412883 -0.060809866612777125 0.12275053664941241 0.11071341902665471 0.047466001629829412 -0.087303785447563453 -0.057595367777732109
leaf_weight=2555 27 22 35 23 22 23 34 24 41 20 39 20 21 54 20 32 320 21 31 27 36 23 45 22 25 37 23 25 42 31
leaf_count=2555 27 22 35 23 22 23 34 24 41 20 39 20 21 54 20 32 320 21 31 27 36 23 45 22 25 37 23 25 42 31
internal_value=-9.98449e-11 -0.0211323 -0.0434969 0.000488205 0.0241191 -0.0147677 0.0727276 -0.0530759 -0.000360083 0.000176407 -0.0304805 0.0231199 0.00089083 0.000466504 0.00908238 0.0400544 -0.0037151 -0.0391837 0.00756669 -0.0495836 0.0163126 0.0747719 0.0538556 0.0985677 0.0323037 0.0527233 0.0190738 -0.0222017 -0.0407304 -0.00311344
internal_weight=3720 84 57 3636 126 70 56 47 3510 3469 79 40 3390 3369 814 238 576 139 437 58 379 59 206 67 139 114 77 119 94 52
internal_count=3720 84 57 3636 126 70 56 47 3510 3469 79 40 3390 3369 814 238 576 139 437 58 379 59 206 67 139 114 77 119 94 52
is_linear=0
shrinkage=0.05


Tree=138
num_leaves=31
num_cat=0
split_feature=7 1 1 0 3 4 0 1 7 3 3 1 5 1 9 0 3 8 4 4 8 7 4 5 0 5 5 2 0 0
split_gain=15.1847 108.675 162.069 219.192 240.287 171.905 70.6592 63.1645 55.4581 54.9758 47.5933 28.5167 165.587 93.9343 253.192 232.268 188.671 132.427 98.9075 133.382 218.163 100.008 90.2355 157.681 112.321 162.407 112.223 105.64 92.5891 139.419
threshold=0.81274868348893181 8.5000000000000018 10.500000000000002 10.500000000000002 7.8891124493250286 14.494493810713779 14.500000000000002 17.500000000000004 0.80441415073514488 6.0118929750002357 6.5683222471843683 8.5000000000000018 12.021048871938655 10.500000000000002 4.5000000000000009 10.500000000000002 6.414269805898182 2.5000000000000004 16.539768811771065 13.909566044065995 4.5000000000000009 0.3327253615499145 17.2583076554304 16.535016453803546 22.500000000000004 14.554050132928563 15.965178317552272 17.928571428571434 11.500000000000002 13.500000000000002
decision_type=2 2 2 2 2 2 2 2 2 2 2 2 2 2 2 2 2 2 2 2 2 2 2 2 2 2 2 2 2 2
left_child=8 9 -3 5 6 -4 -5 -8 11 -2 -10 12 -1 14 15 16 -13 -16 19 20 -17 -21 24 26 28 -26 27 -24 -14 -30
right_child=1 2 3 4 -6 -7 7 -9 10 -11 -12 13 22 -15 17 18 -18 -19 -20 21 -22 -23 23 -25 25 -27 -28 -29 29 -31
leaf_value=0.13356322258710862 0.1153484255168587 -0.16210298335977966 0.14721832205851873 -0.18007224812394096 0.076840870827436458 -0.03930323354988581 -0.027480437653139234 -0.1390793121286801 0.0071691141463816168 0.010292245357325584 0.11374064788222314 0.23157963244051769 -0.0051393927159634513 -0.00079972267933779272 0.025299613976052834 -0.078173358914883528 0.055498306360095742 -0.10437718496140508 -0.041274316058981991 0.18481514836135118 0.10576033424586058 0.048127491632476455 0.071925660485730444 -0.058781819045543672 -0.057010284477266776 0.092853996392113919 0.13425107180853099 -0.072893643812276421 -0.10966894396320533 -0.028216156021195961
leaf_weight=20 20 21 30 21 25 21 32 21 22 33 20 29 242 2386 35 38 32 45 42 23 28 32 34 38 29 48 34 20 68 231
leaf_count=20 20 21 30 21 25 21 32 21 22 33 20 29 242 2386 35 38 32 45 42 23 28 32 34 38 29 48 34 20 68 231
internal_value=1.15513e-10 -0.0126201 -0.0320089 -0.0137957 -0.0571771 0.0704153 -0.102453 -0.0716989 0.000808611 0.0499361 0.0579175 0.000114178 -0.00841069 0.00253537 0.0287114 0.0559811 0.139209 -0.0476436 0.0248344 0.0477812 -0.000140883 0.105288 -0.0122272 0.0263367 -0.0200897 0.0364116 0.0630925 0.0182889 -0.0281315 -0.0467405
internal_weight=3720 224 171 150 99 51 74 53 3496 53 42 3454 764 2690 304 224 61 80 163 121 66 55 744 126 618 77 88 54 541 299
internal_count=3720 224 171 150 99 51 74 53 3496 53 42 3454 764 2690 304 224 61 80 163 121 66 55 744 126 618 77 88 54 541 299
is_linear=0
shrinkage=0.05


Tree=139
num_leaves=31
num_cat=0
split_feature=2 0 2 5 0 7 2 7 5 5 7 3 0 5 2 2 7 7 4 7 5 7 0 0 7 2 1 3 9 1
split_gain=15.5067 61.0785 52.512 54.7688 105.248 38.9752 28.5704 135.124 61.5987 83.2324 69.1624 62.7356 49.9466 45.7857 65.5973 79.1877 138.392 78.1178 97.4989 55.6247 53.933 133.966 136.794 120.992 138.984 131.904 227.995 179.417 99.3429 113.023
threshold=20.357142857142858 17.500000000000004 19.500000000000004 16.459074711671622 19.500000000000004 0.43179026241201307 18.071428571428573 0.75516464203108058 16.043660705057096 16.561232523093434 0.48611518252852687 7.7120808136449526 19.500000000000004 16.057855167196909 17.928571428571434 17.214285714285719 0.78411548783517437 0.7251025635082774 17.289398909768494 0.85543657113539207 15.466273577182184 0.83285073720353064 14.500000000000002 24.500000000000004 0.050315332460686611 16.071428571428573 11.500000000000002 5.7383418445233572 3.5000000000000004 18.500000000000004
decision_type=2 2 2 2 2 2 2 2 2 2 2 2 2 2 2 2 2 2 2 2 2 2 2 2 2 2 2 2 2 2
left_child=2 -2 6 -4 -5 -3 13 8 10 -10 -8 12 -11 19 15 16 -15 18 -17 20 21 -1 -23 24 -22 26 -26 -27 29 -28
right_child=1 5 3 4 -6 -7 7 -9 9 11 -12 -13 -14 14 -16 17 -18 -19 -20 -21 23 22 -24 -25 25 27 28 -29 -30 -31
leaf_value=-0.0024454151922260001 0.091803745248100976 -0.061421597152948385 -0.10056086463423877 -0.084494965523481375 0.063581664177278674 0.036106928615343002 -0.057239700298188104 0.14172503136098386 0.082017332461217174 0.0104659041762352 0.034050638403277843 0.051181931305548246 -0.10127781271934509 -0.02111760799512815 0.069358847886323932 -0.1186335959782203 0.11368297366868883 -0.15159613421186804 0.0082568825381558117 -0.061460908423843136 -0.087862320718440148 0.14862484514713289 -0.0036646871731199067 0.10265260328276037 -0.033688373925785227 -0.11322128574053447 0.207221048242516 0.01612833623730001 0.043676958265049116 0.069280841178966296
leaf_weight=2530 22 20 26 24 24 21 59 20 46 20 32 29 20 204 20 24 21 20 41 35 33 30 29 39 60 36 27 105 70 33
leaf_count=2530 22 20 26 24 24 21 59 20 46 20 32 29 20 204 20 24 21 20 41 35 33 30 29 39 60 36 27 105 70 33
internal_value=1.45603e-10 0.0245952 -0.000423707 -0.0421149 -0.0104567 -0.011468 0.000437345 0.0176452 0.00559861 0.0299203 -0.0251376 -0.00481105 -0.045406 -0.000721122 -0.0184063 -0.0240685 -0.00853622 -0.0651835 -0.038595 0.00120689 0.00193997 -0.000708548 0.0737707 0.0189549 0.00998729 0.0197427 0.0469333 -0.0168971 0.0841433 0.131354
internal_weight=3720 63 3657 74 48 41 3583 226 206 115 91 69 40 3357 330 310 225 85 65 3027 2992 2589 59 403 364 331 190 141 130 60
internal_count=3720 63 3657 74 48 41 3583 226 206 115 91 69 40 3357 330 310 225 85 65 3027 2992 2589 59 403 364 331 190 141 130 60
is_linear=0
shrinkage=0.05


Tree=140
num_leaves=31
num_cat=0
split_feature=7 1 1 0 3 4 0 0 7 8 3 1 5 1 9 0 3 8 7 7 4 4 4 5 0 5 5 2 0 0
split_gain=15.4908 99.0433 146.136 193.948 217.429 152.569 64.8587 56.3731 49.8505 49.242 43.3296 24.4863 149.162 86.218 226.444 210.013 170.264 118.362 98.141 139.56 164.427 114.867 80.6599 143.603 99.7832 145.729 99.6493 92.9971 83.4702 126.767
threshold=0.81274868348893181 8.5000000000000018 10.500000000000002 10.500000000000002 7.8891124493250286 14.494493810713779 14.500000000000002 18.500000000000004 0.80441415073514488 2.5000000000000004 6.5683222471843683 8.5000000000000018 12.021048871938655 10.500000000000002 4.5000000000000009 10.500000000000002 6.414269805898182 2.5000000000000004 0.67501476378565517 0.41856757364393143 16.539768811771065 13.909566044065995 17.2583076554304 16.535016453803546 22.500000000000004 14.554050132928563 15.965178317552272 17.928571428571434 11.500000000000002 13.500000000000002
decision_type=2 2 2 2 2 2 2 2 2 2 2 2 2 2 2 2 2 2 2 2 2 2 2 2 2 2 2 2 2 2
left_child=8 9 -3 5 6 -4 -5 -8 11 -2 -10 12 -1 14 15 16 -13 -16 19 20 21 -17 24 26 28 -26 27 -24 -14 -30
right_child=1 2 3 4 -6 -7 7 -9 10 -11 -12 13 22 -15 17 18 -18 -19 -20 -21 -22 -23 23 -25 25 -27 -28 -29 29 -31
leaf_value=0.12700733184814453 0.0999509229635199 -0.1547904510937986 0.1376066634555658 -0.17220224170457751 0.072715932220220575 -0.038111891278198792 -0.0071602032943205406 -0.11181322764004431 0.0065395224077457736 0.0031295275636788072 0.10822545051574708 0.22015822889475989 -0.0045462369485873696 -0.00079326680325688325 0.024231603321220194 -0.0057689263463713402 0.052886712551116946 -0.098365697082546028 -0.065406559533081374 0.12054998026444362 -0.10195333588123322 0.12170902058482169 0.06827939073829091 -0.0561328735006483 -0.054037498297362499 0.087923346599563967 0.12722723764531754 -0.067598007675260308 -0.1040508243660203 -0.026381842078020176
leaf_weight=20 24 21 30 21 25 21 22 31 22 29 20 29 242 2386 35 43 32 45 26 39 25 30 34 38 29 48 34 20 68 231
leaf_count=20 24 21 30 21 25 21 22 31 22 29 20 29 242 2386 35 43 32 45 26 39 25 30 34 38 29 48 34 20 68 231
internal_value=-1.18872e-11 -0.0127467 -0.0312563 -0.0139616 -0.0547685 0.065252 -0.0978376 -0.0683723 0.00081672 0.0469732 0.0549614 0.000158331 -0.00774117 0.00240191 0.0274798 0.0532688 0.132409 -0.0447294 0.0236519 0.0405534 0.0087181 0.0466193 -0.0113634 0.025097 -0.0187971 0.0344576 0.0601735 0.0179544 -0.0263768 -0.0440457
internal_weight=3720 224 171 150 99 51 74 53 3496 53 42 3454 764 2690 304 224 61 80 163 137 98 73 744 126 618 77 88 54 541 299
internal_count=3720 224 171 150 99 51 74 53 3496 53 42 3454 764 2690 304 224 61 80 163 137 98 73 744 126 618 77 88 54 541 299
is_linear=0
shrinkage=0.05


Tree=141
num_leaves=31
num_cat=0
split_feature=3 7 3 2 2 3 2 4 7 5 5 8 3 1 5 3 1 7 3 7 2 5 1 0 2 3 2 4 0 0
split_gain=15.8272 122.738 147.267 225.237 126.261 94.9091 127.527 211.658 137.823 168.266 242.866 148.165 94.8894 118.963 115.533 122.952 107.521 119.252 247.197 149.865 229.695 113.001 107.671 103.599 91.4653 133.731 84.8881 86.0301 147.196 84.0701
threshold=7.3872476993416631 0.011325859094010101 7.6749437720912281 12.500000000000002 11.500000000000002 7.0845229123514875 13.214285714285717 11.609680379999725 0.16775933788214709 15.339917042936726 14.449851969875201 3.5000000000000004 7.9041881604748268 6.5000000000000009 16.112453377900579 7.8709834806319448 9.5000000000000018 0.38268451244590385 9.2027405893447192 0.73797502888850108 14.357142857142859 15.555068591720476 13.500000000000002 15.500000000000002 14.357142857142859 8.3978450500995709 16.785714285714288 15.806088748560191 8.5000000000000018 7.5000000000000009
decision_type=2 2 2 2 2 2 2 2 2 2 2 2 2 2 2 2 2 2 2 2 2 2 2 2 2 2 2 2 2 2
left_child=5 -2 3 4 -3 -1 7 -7 -8 10 -10 -11 13 -4 15 -15 17 18 23 20 -19 -22 24 -14 25 -18 27 28 -5 -24
right_child=1 2 12 26 -6 6 8 -9 9 11 -12 -13 16 14 -16 -17 22 19 -20 -21 21 -23 29 -25 -26 -27 -28 -29 -30 -31
leaf_value=-0.00087999908832787736 0.10529812574386598 -0.025470479577779773 0.13393087862775876 0.04778148588680086 0.1521955032646656 0.082161857773150715 -0.047487441270991609 -0.095311137342027258 0.039275681171924454 -0.042920537367463117 0.21810029565885261 0.11224674579501154 -0.21742381098921651 -0.029203318508081541 0.11760188074937712 0.095698232859373095 0.18260715427282065 0.1244382365141064 0.022397308754069464 -0.093278932819763821 -0.10736774564055461 0.028272565741858942 0.028316535543256662 -0.077588318016093519 0.012254690968741974 0.029852405308108582 -0.13420050596989888 0.022082295596919724 -0.099544726619602786 -0.019399123390683452
leaf_weight=2173 25 20 26 21 20 28 27 42 39 40 37 25 27 93 24 25 23 37 35 36 28 34 123 26 120 38 38 32 88 370
leaf_count=2173 25 20 26 21 20 28 27 42 39 40 37 25 27 93 24 25 23 37 35 36 28 34 123 26 120 38 38 32 88 370
internal_value=1.38728e-10 -0.00442618 -0.00656256 -0.0439042 0.0633625 0.0024031 0.0323786 -0.0243219 0.0560039 0.0758213 0.126335 0.0167592 0.00111613 0.0356024 0.0175985 -0.00274113 -0.00534282 -0.0354381 -0.0807254 -0.00591746 0.0258504 -0.0329843 0.00461451 -0.148825 0.0375962 0.0874485 -0.0678744 -0.0499992 -0.0711608 -0.00749441
internal_weight=3720 1309 1284 219 40 2411 238 70 168 141 76 65 1065 168 142 118 897 223 88 135 99 62 674 53 181 61 179 141 109 493
internal_count=3720 1309 1284 219 40 2411 238 70 168 141 76 65 1065 168 142 118 897 223 88 135 99 62 674 53 181 61 179 141 109 493
is_linear=0
shrinkage=0.05


Tree=142
num_leaves=31
num_cat=0
split_feature=4 9 1 5 5 7 8 2 3 4 2 8 2 4 7 7 1 5 5 4 7 5 3 0 5 0 2 5 3 4
split_gain=15.7557 86.7653 140.983 105.773 116.2 87.4396 79.3283 85.1826 72.0227 35.2975 32.1748 80.4824 56.4988 101.423 94.4018 92.2894 109.815 258.868 78.2979 63.2992 207.218 106.739 92.4093 54.6986 39.6232 260.058 225.599 182.096 184.525 95.1153
threshold=10.581361185473959 3.5000000000000004 11.500000000000002 12.754271047234429 12.433071358026245 0.27426826952026812 2.5000000000000004 9.6428571428571441 6.5027466724234548 10.728784271740423 10.357142857142859 3.5000000000000004 11.500000000000002 12.884661054350737 0.14589608125849465 0.21570941858817763 14.500000000000002 13.51046097871855 13.315096015820664 11.705850804872407 0.47923963526106056 13.673595051480543 7.5498344352707463 14.500000000000002 13.249344222509469 20.500000000000004 12.214285714285717 12.68823578906972 5.8858179594575697 11.866310293411541
decision_type=2 2 2 2 2 2 2 2 2 2 2 2 2 2 2 2 2 2 2 2 2 2 2 2 2 2 2 2 2 2
left_child=1 3 -3 4 6 -5 -1 -8 -4 -2 11 -11 13 14 -12 -16 18 -18 -17 20 22 -22 23 -14 25 26 -21 -28 -29 -26
right_child=9 2 8 5 -6 -7 7 -9 -10 10 12 -13 19 -15 15 16 17 -19 -20 24 21 -23 -24 -25 29 -27 27 28 -30 -31
leaf_value=-0.093118087995436888 0.054855504532655079 0.10858493140249542 0.029357435772544706 -0.0063507950492203234 0.10358212023973466 -0.13674308342548711 0.087012552917003633 -0.055562588978897445 -0.082678419953355425 0.078326894342899328 0.042000134974452007 -0.040735629615797242 0.079660634256222038 0.049440252942007941 -0.15800831526517869 -0.040515000965350711 -0.080380335077643403 0.13813515645046923 -0.15128006013455217 -0.044521821184083821 0.053728354558171265 0.1896805971522223 -0.089993669092655187 -0.03061739653348923 -0.093365145640979919 -0.1099556501954794 0.21547801564669325 0.16345916643206562 0.013038687375063699 -0.00075241235084147658
leaf_weight=31 30 33 32 20 20 36 20 22 26 40 28 22 22 37 20 39 33 23 27 50 42 22 30 23 28 32 21 28 75 2808
leaf_count=31 30 33 32 20 20 36 20 22 26 40 28 22 22 37 20 39 33 23 27 50 42 22 30 23 28 32 21 28 75 2808
internal_value=-2.34481e-11 -0.0123909 0.026078 -0.0358853 -0.0031951 -0.0901744 -0.0324491 0.0123303 -0.0208655 0.000854543 0.000384969 0.0360789 -0.000268225 -0.0255795 -0.0419074 -0.0584525 -0.0421319 0.0093671 -0.085828 0.00137888 0.0343747 0.100462 -0.0220197 0.0232963 -0.000128821 0.0210443 0.0451362 0.0812887 0.0539297 -0.00166678
internal_weight=3720 240 91 149 93 56 73 42 58 3480 3450 62 3388 207 170 142 122 56 66 3181 139 64 75 45 3042 206 174 124 103 2836
internal_count=3720 240 91 149 93 56 73 42 58 3480 3450 62 3388 207 170 142 122 56 66 3181 139 64 75 45 3042 206 174 124 103 2836
is_linear=0
shrinkage=0.05


Tree=143
num_leaves=31
num_cat=0
split_feature=2 0 2 7 3 7 2 7 5 5 9 5 0 3 5 2 4 0 3 7 7 2 2 7 5 2 3 5 7 0
split_gain=15.0649 54.4196 46.1066 53.0735 54.2925 33.8801 27.493 122.327 55.329 71.357 61.7597 59.6968 87.1598 43.1208 41.6899 60.5817 70.525 53.6369 64.156 132.767 80.9969 84.3747 89.7898 50.797 50.9154 254.041 99.5876 68.0141 61.8436 112.973
threshold=20.357142857142858 17.500000000000004 19.500000000000004 0.22630166601668841 7.2506157373997331 0.43179026241201307 18.071428571428573 0.75516464203108058 16.043660705057096 16.561232523093434 3.5000000000000004 17.209439227361155 19.500000000000004 6.6939916200667469 16.057855167196909 17.928571428571434 14.545648438279873 17.500000000000004 7.9162280580252782 0.26189852928807206 0.20276527499251709 16.071428571428573 16.928571428571434 0.85543657113539207 15.840854661262155 15.357142857142859 5.9281411203561278 15.769926462086337 0.83285073720353064 10.500000000000002
decision_type=2 2 2 2 2 2 2 2 2 2 2 2 2 2 2 2 2 2 2 2 2 2 2 2 2 2 2 2 2 2
left_child=2 -2 6 -4 -5 -3 14 8 10 13 -8 12 -11 -10 23 16 -16 18 20 -20 -18 -22 -23 24 27 -26 -27 28 -1 -30
right_child=1 5 3 4 -6 -7 7 -9 9 11 -12 -13 -14 -15 15 -17 17 -19 19 -21 21 22 -24 -25 25 26 -28 -29 29 -31
leaf_value=0.00016173789173619204 0.087681530686942011 -0.056372422575950626 0.030095057215075938 -0.01125588408112526 -0.1118026106522001 0.03455807360864821 0.015664091349268952 0.13532742068171502 0.13229153893887999 0.02691731394633003 -0.06684244982031888 0.056509143457962922 -0.11580219551920892 0.0346374489653569 0.067748039662837975 0.066720292419195179 -0.062622548586555901 -0.057869846792448137 0.057207371214670802 -0.09134637172210891 -0.027921125921420754 0.14602184106285374 0.013104696737395394 -0.058794027886220394 0.13911064772460707 -0.10900623401006063 0.015347725736058276 -0.067883543794353809 0.14843853101134302 0.0045986943986526764
leaf_weight=2764 22 20 20 25 29 21 48 20 20 23 43 26 20 26 20 20 28 105 21 53 32 24 27 35 39 21 69 36 20 43
leaf_count=2764 22 20 20 25 29 21 48 20 20 23 43 26 20 26 20 20 28 105 21 53 32 24 27 35 39 21 69 36 20 43
internal_value=-1.71087e-10 0.0242423 -0.000417628 -0.0394834 -0.0652532 -0.00979827 0.000389201 0.0172695 0.00580751 0.0288582 -0.0233225 -0.00330012 -0.0394639 0.0770957 -0.000747212 -0.0176228 -0.0230643 -0.0293272 -0.0131273 -0.0491892 0.0109139 0.0357214 0.0756539 0.00109255 0.00179309 0.0325208 -0.0136682 0.000408575 0.00127823 0.0502621
internal_weight=3720 63 3657 74 54 41 3583 226 206 115 91 69 43 46 3357 330 310 290 185 74 111 83 51 3027 2992 129 90 2863 2827 63
internal_count=3720 63 3657 74 54 41 3583 226 206 115 91 69 43 46 3357 330 310 290 185 74 111 83 51 3027 2992 129 90 2863 2827 63
is_linear=0
shrinkage=0.05


Tree=144
num_leaves=31
num_cat=0
split_feature=7 1 1 0 3 4 0 1 7 7 3 5 3 7 0 3 1 4 0 7 1 7 1 3 2 8 7 0 5 7
split_gain=14.6969 89.8439 127.779 167.035 198.225 132.915 57.1833 53.6862 50.174 45.069 38.6767 23.0652 61.9906 298.276 61.1807 75.7128 61.7949 132.602 79.0123 82.7408 158.371 124.044 140.061 137.025 82.2531 254.805 212.318 91.7033 80.6047 100.063
threshold=0.81274868348893181 8.5000000000000018 10.500000000000002 10.500000000000002 7.8891124493250286 14.545648438279873 14.500000000000002 17.500000000000004 0.83589943869142747 0.80441415073514488 6.5683222471843683 14.894500689213002 3.8606685826112943 0.37463955187973802 26.500000000000004 9.0343260744256764 27.500000000000004 12.336675256445186 22.500000000000004 0.49157961408195167 12.500000000000002 0.10523678859827851 12.500000000000002 7.1746909672954198 15.785714285714286 5.5000000000000009 0.65139058313193499 20.500000000000004 14.654020148029447 0.41147502190175195
decision_type=2 2 2 2 2 2 2 2 2 2 2 2 2 2 2 2 2 2 2 2 2 2 2 2 2 2 2 2 2 2
left_child=9 8 -3 5 6 -4 -5 -8 -2 11 -11 14 13 -13 16 -16 18 -18 24 21 -21 -20 -23 -24 27 26 28 -1 29 -26
right_child=1 2 3 4 -6 -7 7 -9 -10 10 -12 12 -14 -15 15 -17 17 -19 19 20 -22 22 23 -25 25 -27 -28 -29 -30 -31
leaf_value=0.0028269332836978571 -0.011097688519436381 -0.14555974419982662 0.12447406289077574 -0.16269193334238871 0.069981665790081027 -0.040853615144733346 -0.024433035642141478 -0.1273186287000066 0.087059644286831217 0.0065298579633235937 0.10260098852217198 -0.15814022393576033 0.0068182079595694063 0.072796305241408177 -0.11065545919640313 0.010821353838495586 0.033899606232132229 -0.10871749266217917 -0.037573632101217912 0.077820629477500916 -0.092575262884298959 0.011621899085660135 0.23861359330740842 0.062142283367839724 -0.0037892520109093506 -0.20026242080188933 -0.14994200814677322 -0.05460207876685548 -0.041601779412578893 0.11836533973614374
leaf_weight=1455 23 21 31 21 25 20 32 21 30 22 20 29 1448 27 29 23 28 39 24 25 30 31 22 22 38 21 23 73 37 30
leaf_count=1455 23 21 31 21 25 20 32 21 30 22 20 29 1448 27 29 23 28 39 24 25 30 31 22 22 38 21 23 73 37 30
internal_value=2.22343e-11 -0.0124157 -0.0300448 -0.0138728 -0.0517428 0.0596397 -0.0928659 -0.065199 0.0444631 0.000795517 0.052278 0.000169499 0.00482194 -0.0467958 -0.00341885 -0.0569253 -0.00195291 -0.0491163 -0.00022711 0.034048 -0.0151226 0.0613651 0.0930254 0.150378 -0.00337462 -0.0388354 -0.0123513 8.32697e-05 0.0177876 0.0501025
internal_weight=3720 224 171 150 99 51 74 53 53 3496 42 3454 1504 56 1950 52 1898 67 1831 154 55 99 75 44 1677 149 128 1528 105 68
internal_count=3720 224 171 150 99 51 74 53 53 3496 42 3454 1504 56 1950 52 1898 67 1831 154 55 99 75 44 1677 149 128 1528 105 68
is_linear=0
shrinkage=0.05


Tree=145
num_leaves=31
num_cat=0
split_feature=0 1 2 2 3 3 5 9 7 2 4 0 2 1 5 1 9 5 7 7 1 3 7 4 5 4 2 8 0 5
split_gain=15.5652 119.438 128.202 170.972 97.0629 166.197 155.522 236.27 138.174 116.123 107.122 85.1044 228.633 100.038 112.957 84.5929 101.221 91.005 78.4599 99.8557 122.954 114.644 110.263 108.732 312.915 267.573 102.458 180.515 146.696 171.439
threshold=9.5000000000000018 18.500000000000004 17.071428571428573 15.642857142857144 6.0670852812140286 6.5465356968113735 14.60269841420442 2.5000000000000004 0.56002766149172967 12.785714285714286 12.726647078949673 10.500000000000002 14.071428571428573 20.500000000000004 15.980903400726087 11.500000000000002 3.5000000000000004 13.673595051480543 0.83285073720353064 0.61694552206254116 14.500000000000002 7.8709834806319448 0.69554457121156443 13.198339195014736 13.375670711973092 14.710903959651864 14.928571428571431 3.5000000000000004 4.5000000000000009 15.051173405337753
decision_type=2 2 2 2 2 2 2 2 2 2 2 2 2 2 2 2 2 2 2 2 2 2 2 2 2 2 2 2 2 2
left_child=1 18 3 4 8 -6 7 -7 10 -9 -3 12 15 14 -14 16 -2 -17 19 20 26 -21 -23 24 -22 -25 28 -28 -1 -30
right_child=11 2 -4 -5 5 6 -8 9 -10 -11 -12 -13 13 -15 -16 17 -18 -19 -20 21 23 22 -24 25 -26 -27 27 -29 29 -31
leaf_value=-0.04766423151429211 0.063513291044079739 -0.059198632435156752 -0.094948029924522753 0.13047594142121238 -0.12087408886722256 0.20592798277735713 -0.058450183191377181 -0.062655172149340313 0.15437738600258644 0.07230903506278992 0.080568240454484685 -0.00040300120800836037 -0.10460396926583988 0.070570008493959904 0.039768249019980433 0.11938882003659788 0.21352854500609367 -0.011877951975311003 0.06384325486704194 -0.07928590266736317 -0.083314196225010642 -0.083849715292453775 0.064932207131024572 -0.20410615180308622 0.15363541753454643 -0.017239462380420487 -0.10520997342343133 0.032643758458025911 0.024007363207749138 0.15197978250442012
leaf_weight=56 23 26 22 37 27 20 46 30 26 34 29 2545 42 20 20 23 22 31 29 122 38 20 33 30 22 53 48 47 168 31
leaf_count=56 23 26 22 37 27 20 46 30 26 34 29 2545 42 20 20 23 22 31 29 122 38 20 33 30 22 53 48 47 168 31
internal_value=1.87297e-10 -0.00535606 0.0211952 0.0304867 0.0149421 -0.00799298 0.0154516 0.0559216 0.0593966 0.00904456 0.0144966 0.00195302 0.0350804 -0.0266659 -0.0580323 0.0862238 0.136854 0.044032 -0.0166699 -0.0201652 -0.00864756 -0.0526121 0.00878809 -0.0477121 0.00356733 -0.0847816 0.00731312 -0.0370087 0.0238252 0.0439428
internal_weight=3720 994 297 275 238 157 130 84 81 64 55 2726 181 82 62 99 45 54 697 668 493 175 53 143 60 83 350 95 255 199
internal_count=3720 994 297 275 238 157 130 84 81 64 55 2726 181 82 62 99 45 54 697 668 493 175 53 143 60 83 350 95 255 199
is_linear=0
shrinkage=0.05


Tree=146
num_leaves=31
num_cat=0
split_feature=4 3 3 7 0 3 7 7 7 4 4 3 0 2 2 4 7 9 3 8 8 7 3 1 1 5 3 7 7 7
split_gain=14.5256 80.5026 137.016 110.087 167.09 152.851 105.881 98.6941 95.9093 85.3206 31.654 28.4484 91.7767 108.928 155.343 146.504 147.694 104.854 76.9806 128.614 91.353 56.2986 45.576 41.4272 45.3647 98.7666 34.9156 51.7654 35.2259 138.735
threshold=10.581361185473959 4.2426406871192945 4.6827945679492666 0.35892245348370139 15.500000000000002 7.0050983275386596 0.57150216576176283 0.20641003797401616 0.3399373058190811 10.000331866990015 10.728784271740423 4.0708019567928604 9.5000000000000018 13.928571428571431 12.214285714285717 14.966326695630132 0.33664445031849827 2.5000000000000004 4.4614753058558785 2.5000000000000004 4.5000000000000009 0.35404186965611922 4.5539031316283305 31.500000000000004 28.500000000000004 14.878195276123019 11.039964297125545 0.85543657113539207 0.27015960959192747 0.41856757364393143
decision_type=2 2 2 2 2 2 2 2 2 2 2 2 2 2 2 2 2 2 2 2 2 2 2 2 2 2 2 2 2 2
left_child=1 8 -3 5 6 7 -5 -4 -1 -6 -2 12 -12 14 -14 -15 -17 -16 19 21 -21 -13 -20 24 26 -26 27 28 -24 -30
right_child=10 2 3 4 9 -7 -8 -9 -10 -11 11 18 13 15 17 16 -18 -19 22 20 -22 -23 23 -25 25 -27 -28 -29 29 -31
leaf_value=-0.026461348757147791 0.051958478490511578 -0.14272190115668557 0.025319284117884106 -0.18435706318072653 0.07707831834753355 -0.0682157249149421 -0.044606803639820128 0.16984485183798134 0.12653028681164696 -0.05624510630383156 -0.11943738371133805 0.038858738660812381 -0.050327921680041722 -0.13342358907384258 0.020257630646228791 -0.083544965030561247 0.070052172068287344 0.15744366006782423 -0.05589956072055631 -0.082790707457810642 0.043115714981275449 0.1389996200799942 0.0088397352576890607 0.069052985852414914 -0.11351790810693746 0.01728767592820429 -0.064805752709507947 0.066827993647505843 -0.025507206694503945 0.0046769807867490009
leaf_weight=20 30 22 27 23 30 23 33 21 21 20 20 25 35 31 30 29 34 26 36 25 34 32 936 22 27 31 20 30 508 1519
leaf_count=20 30 22 27 23 30 23 33 21 21 20 20 25 35 31 30 29 34 26 36 25 34 32 936 22 27 31 20 30 508 1519
internal_value=-1.86385e-10 -0.0118973 -0.0250416 -0.0104146 -0.0426867 0.0377662 -0.102004 0.0885492 0.0519002 0.0237489 0.000820506 0.000375828 -0.0176884 -0.00668851 0.0323053 -0.0444379 -0.000651272 0.0839511 0.00151702 0.041514 -0.0102345 0.0950782 3.423e-05 0.000685254 0.000195482 -0.0436046 0.00103863 0.00147862 0.000816964 -0.00288768
internal_weight=3720 240 199 177 106 71 56 48 41 50 3480 3450 205 185 91 94 63 56 3245 116 59 57 3129 3093 3071 58 3013 2993 2963 2027
internal_count=3720 240 199 177 106 71 56 48 41 50 3480 3450 205 185 91 94 63 56 3245 116 59 57 3129 3093 3071 58 3013 2993 2963 2027
is_linear=0
shrinkage=0.05


Tree=147
num_leaves=31
num_cat=0
split_feature=7 1 1 0 3 4 3 0 3 7 3 1 5 1 9 0 3 2 7 7 4 4 4 3 3 9 4 5 0 4
split_gain=15.7301 78.9856 115.105 147.075 181.008 118.295 52.5176 48.0438 46.2398 41.6891 34.9586 22.225 132.965 78.9274 200.242 183.934 150.468 111.205 91.2643 123.26 144.583 105.065 84.028 79.2785 113.426 85.0351 76.4546 124.158 93.5014 134.438
threshold=0.81274868348893181 8.5000000000000018 10.500000000000002 10.500000000000002 7.8891124493250286 14.545648438279873 6.8521807442872449 16.500000000000004 6.0118929750002357 0.80441415073514488 6.5683222471843683 8.5000000000000018 12.021048871938655 10.500000000000002 4.5000000000000009 10.500000000000002 6.414269805898182 13.071428571428573 0.67501476378565517 0.41856757364393143 16.539768811771065 13.909566044065995 14.988104098923261 10.697127036799683 9.8838433152543868 3.5000000000000004 17.2583076554304 16.535016453803546 22.500000000000004 15.458577190588926
decision_type=2 2 2 2 2 2 2 2 2 2 2 2 2 2 2 2 2 2 2 2 2 2 2 2 2 2 2 2 2 2
left_child=9 8 -3 5 6 -4 7 -5 -2 11 -11 12 -1 14 15 16 -13 -16 19 20 21 -17 -19 24 -15 -26 28 -28 -14 -30
right_child=1 2 3 4 -6 -7 -8 -9 -10 10 -12 13 26 23 17 18 -18 22 -20 -21 -22 -23 -24 -25 25 -27 27 -29 29 -31
leaf_value=0.11991752892732621 0.10047673124819995 -0.13901094513989629 0.11612027575892787 -0.11542552826197253 0.066757469475269324 -0.039850273746997122 -0.15361560515382075 -0.018658475688626542 0.0041284302277772716 0.0068438056856393818 0.098180483430624022 0.20715783002047705 -0.025299473532583983 0.00027816073484297315 0.054166698117147798 -0.0052957837383241155 0.049910811427980664 -0.16081255019642415 -0.062995040638802152 0.11436528199089645 -0.094511846512556077 0.1166216816008091 -0.034196377465942583 0.093778029761531143 -0.12837477155029772 -0.014394598756916822 0.057387578683185649 -0.050757991718618493 -0.009528614497847027 0.1348211886442226
leaf_weight=20 20 21 31 23 25 20 22 29 33 22 20 29 541 2298 22 43 32 20 26 39 25 30 38 22 30 36 88 38 54 23
leaf_count=20 20 21 31 23 25 20 22 29 33 22 20 29 541 2298 22 43 32 20 26 39 25 30 38 22 30 36 88 38 54 23
internal_value=-1.05675e-10 -0.0128447 -0.0293742 -0.0140251 -0.0495605 0.0549554 -0.0888571 -0.0614593 0.0404863 0.000823004 0.0503375 0.000220918 -0.007305 0.00235839 0.0263526 0.0506037 0.124668 -0.0415506 0.0228866 0.0391853 0.00926669 0.0448073 -0.0778571 -0.000698709 -0.00157793 -0.0662038 -0.010725 0.0247722 -0.0179623 0.0335889
internal_weight=3720 224 171 150 99 51 74 52 53 3496 42 3454 764 2690 304 224 61 80 163 137 98 73 58 2386 2364 66 744 126 618 77
internal_count=3720 224 171 150 99 51 74 52 53 3496 42 3454 764 2690 304 224 61 80 163 137 98 73 58 2386 2364 66 744 126 618 77
is_linear=0
shrinkage=0.05


Tree=148
num_leaves=31
num_cat=0
split_feature=0 1 2 2 5 5 9 3 4 4 4 3 3 3 4 4 8 3 7 5 9 2 5 9 3 1 4 1 4 0
split_gain=14.4107 110.803 114.681 153.477 88.2754 129.288 143.475 117.086 113.529 111.851 90.9363 132.966 79.6539 118.706 140.078 174.909 202.086 149.177 125.623 133.538 153.398 107.04 220.632 104.828 86.1977 84.5524 210.386 184.831 180.953 75.5034
threshold=9.5000000000000018 18.500000000000004 17.071428571428573 15.642857142857144 13.08245578241417 14.60269841420442 2.5000000000000004 8.0489539442334124 10.643842010215886 15.287309407663331 13.643606093397915 5.7981934789249303 6.6278630192806824 8.1998838551588875 17.872574649303058 12.336675256445186 3.5000000000000004 7.8709834806319448 0.60007563442834455 14.483575977798775 3.5000000000000004 14.928571428571431 15.051173405337753 4.5000000000000009 7.3694993859810323 10.500000000000002 13.018793629486407 6.5000000000000009 11.807206169235227 11.500000000000002
decision_type=2 2 2 2 2 2 2 2 2 2 2 2 2 2 2 2 2 2 2 2 2 2 2 2 2 2 2 2 2 2
left_child=1 12 3 4 8 7 -7 10 -3 -8 11 -6 21 14 15 16 -14 18 19 -17 -21 22 23 25 -20 27 28 -1 -27 -2
right_child=29 2 -4 -5 5 6 9 -9 -10 -11 -12 -13 13 -15 -16 17 -18 -19 24 20 -22 -23 -24 -25 -26 26 -28 -29 -30 -31
leaf_value=-0.063078434373203082 0.023419215772721897 0.040431034564971928 -0.089428009228272876 0.12394344544893987 0.098694401784312158 -0.122017288270096 0.11088689972053876 0.16145937802890939 -0.11135049813560077 -0.040991248618121506 0.10202671640059527 -0.059618667575220267 0.19200786435604097 -0.033545145469568889 0.14799090765416623 0.061919470592623663 -0.0090322283692657948 0.092080131283512834 -0.18364183624740693 0.039704843513343649 -0.13192502123614153 -0.11926933474400465 0.091851337339196884 -0.11880526446590299 -0.040219699930060998 -0.0853743884807978 -0.15676740522895541 0.09502102687127062 0.066937926984750304 -0.0013354661291218593
leaf_weight=38 354 22 22 37 21 24 22 24 28 27 34 36 25 169 20 42 25 27 20 23 30 34 35 38 22 39 35 36 39 2372
leaf_count=38 354 22 22 37 21 24 22 24 28 27 34 36 25 169 20 42 25 27 20 23 30 34 35 38 22 39 35 36 39 2372
internal_value=-3.00552e-11 -0.0051536 0.02042 0.0292078 0.01448 0.0301839 -0.0218584 0.0632195 -0.0445666 0.0271989 0.0373101 -0.0012928 -0.0160508 -0.00161377 0.0214478 0.00962132 0.0914878 -0.015338 -0.036508 -0.00467286 -0.0574441 -0.0358404 -0.0249304 -0.0430965 -0.108516 -0.0277118 -0.0549193 0.0138348 -0.00921823 0.00187919
internal_weight=3720 994 297 275 238 188 73 115 50 49 91 57 697 403 234 214 50 164 137 95 53 294 260 225 42 187 113 74 78 2726
internal_count=3720 994 297 275 238 188 73 115 50 49 91 57 697 403 234 214 50 164 137 95 53 294 260 225 42 187 113 74 78 2726
is_linear=0
shrinkage=0.05


Tree=149
num_leaves=31
num_cat=0
split_feature=0 3 3 3 3 4 7 1 1 5 0 3 0 5 3 7 7 8 2 9 5 8 5 7 8 7 3 3 3 8
split_gain=14.475 96.0404 159.245 88.8637 126.175 75.3681 110.63 99.6059 166.954 317.427 164.228 131.439 123.568 136.938 121.929 139.649 144.136 156.129 121.654 107.267 106.035 89.5436 84.2312 98.7622 76.4939 73.0684 119.287 67.6221 113.19 98.6333
threshold=13.500000000000002 2.8743499452978107 3.4364987719369018 2.8743499452978107 3.3058370287123595 10.049380507584218 0.59077657819616725 9.5000000000000018 10.500000000000002 14.272256765732445 11.500000000000002 8.1998838551588875 9.5000000000000018 13.39463387661471 7.3484692283495354 0.49035762730741034 0.36351628482193138 2.5000000000000004 13.928571428571431 3.5000000000000004 14.326635739404288 3.5000000000000004 16.561232523093434 0.57631018234129416 2.5000000000000004 0.42915757408335492 6.8521807442872449 9.8838433152543868 7.8891124493250286 1.5000000000000002
decision_type=2 2 2 2 2 2 2 2 2 2 2 2 2 2 2 2 2 2 2 2 2 2 2 2 2 2 2 2 2 2
left_child=1 -1 -3 -2 -5 6 21 10 9 -9 11 12 14 -14 15 16 17 -7 -13 -16 -15 -4 27 -24 -11 26 -12 28 -10 -30
right_child=3 2 5 4 -6 7 -8 8 22 24 25 18 13 20 19 -17 -18 -19 -20 -21 -22 -23 23 -25 -26 -27 -28 -29 29 -31
leaf_value=0.10299149886483239 -0.092668781212220594 -0.12986075735092165 -0.14802099588792772 0.11146824150173754 0.0026200512528144998 0.062008772675807657 0.043767103729658724 0.23416394241478133 -0.00081228945451747086 0.073856081813573837 -0.047975292118887111 0.0099765981828871496 0.16931890279731968 -0.055298055991530419 -0.016104074854117172 -0.10004925404030543 0.12137381065636875 -0.097000645571633404 -0.12394927822244473 0.12895048630237579 0.078742998807380601 -0.013403336455424629 -0.096671072874478126 0.035614181026106792 -0.061252155900001527 -0.038894526157201383 -0.21115163720789409 -0.054910824684934183 0.087858182430582146 0.017690588644541361
leaf_weight=21 24 25 30 27 1911 26 21 23 785 20 24 30 22 25 26 52 20 38 39 25 36 21 43 21 22 57 21 44 71 170
leaf_count=21 24 25 30 27 1911 26 21 23 785 20 24 30 22 25 26 52 20 38 39 25 36 21 43 21 22 57 21 44 71 170
internal_value=-1.44908e-10 -0.00329494 -0.00457993 0.00295235 0.00413651 -0.00275047 -0.0528193 -0.000552331 0.00692076 0.0848515 -0.0208703 -0.00413344 0.0116055 0.0623773 -0.0109295 -0.0356535 0.00421047 -0.0324031 -0.0657206 0.0550011 0.0238081 -0.0925902 0.00245384 -0.053265 0.0030851 -0.0764959 -0.124124 0.00578655 0.00838956 0.0383624
internal_weight=3720 1758 1737 1962 1938 1712 72 1640 1199 65 441 339 270 83 187 136 84 64 69 51 61 51 1134 64 42 102 45 1070 1026 241
internal_count=3720 1758 1737 1962 1938 1712 72 1640 1199 65 441 339 270 83 187 136 84 64 69 51 61 51 1134 64 42 102 45 1070 1026 241
is_linear=0
shrinkage=0.05


Tree=150
num_leaves=31
num_cat=0
split_feature=7 1 1 0 3 4 0 0 8 7 3 5 7 3 7 3 7 5 5 8 8 7 1 2 7 7 4 1 9 4
split_gain=14.6828 73.1582 102.252 129.67 162.86 104.684 47.7901 50.0337 44.3739 38.9323 29.915 20.965 58.9714 82.884 63.6056 57.7998 92.5616 70.2065 79.8487 177.312 62.0201 187.531 125.268 111.058 116.529 162.753 156.903 117.783 97.5541 100.248
threshold=0.81274868348893181 8.5000000000000018 10.500000000000002 10.500000000000002 7.8891124493250286 14.494493810713779 14.500000000000002 18.500000000000004 2.5000000000000004 0.80441415073514488 6.5683222471843683 14.894500689213002 0.027250961960885303 6.3919581492782198 0.035816325571260008 4.120216271972386 0.32932882441735312 16.981978212425521 16.737414395340434 2.5000000000000004 2.5000000000000004 0.11758336274351622 4.5000000000000009 19.071428571428573 0.35404186965611922 0.41856757364393143 18.49255432513057 10.500000000000002 4.5000000000000009 15.26427222006169
decision_type=2 2 2 2 2 2 2 2 2 2 2 2 2 2 2 2 2 2 2 2 2 2 2 2 2 2 2 2 2 2
left_child=9 8 -3 5 6 -4 -5 -8 -2 11 -11 -1 13 -13 -14 16 -16 18 20 -20 21 -17 -23 24 -22 27 28 -26 29 -27
right_child=1 2 3 4 -6 -7 7 -9 -10 10 -12 12 14 -15 15 17 -18 -19 19 -21 23 22 -24 -25 25 26 -28 -29 -30 -31
leaf_value=-0.0032077826104628354 0.089207060140324757 -0.13165204419444007 0.11085343763232232 -0.14832621245157152 0.063115378081798554 -0.03470090372221811 -0.0015319313610565257 -0.1001251112068853 -0.0027038104061422679 0.0084104348820718856 0.092901929728686813 -0.12099377810955048 0.08920115336127904 -0.0006918899360021986 -0.096554421654769351 -0.09061157541083438 0.016872641957692197 -0.026485272127169154 0.16223804240043349 -0.035785134732723232 0.049121246958560683 0.12013735758221669 0.00026716692261218738 -0.06653454622460736 -0.15688178980102141 0.073919350125298308 0.12630314533748935 -0.0093431267286500624 -0.033827274290725906 -0.00056062292885677566
leaf_weight=1950 24 21 30 21 25 21 22 31 29 22 20 22 23 41 35 56 37 135 26 20 264 23 416 36 24 74 31 31 94 116
leaf_count=1950 24 21 30 21 25 21 22 31 29 22 20 22 23 41 35 56 37 135 26 20 264 23 416 36 24 74 31 31 94 116
internal_value=9.07883e-11 -0.0124098 -0.0283179 -0.0138511 -0.0472176 0.0509193 -0.0844923 -0.0591996 0.0389162 0.000795136 0.0486445 0.000213297 0.00464887 -0.0427021 0.00671904 0.00538118 -0.0382655 0.00771592 0.0115286 0.076141 0.00897738 -0.00444434 0.00654738 0.0188934 0.0237442 0.00563739 0.0194941 -0.0737236 0.00783534 0.0284474
internal_weight=3720 224 171 150 99 51 74 53 53 3496 42 3454 1504 63 1441 1418 72 1346 1211 46 1165 495 439 670 634 370 315 55 284 190
internal_count=3720 224 171 150 99 51 74 53 53 3496 42 3454 1504 63 1441 1418 72 1346 1211 46 1165 495 439 670 634 370 315 55 284 190
is_linear=0
shrinkage=0.05


Tree=151
num_leaves=31
num_cat=0
split_feature=3 7 3 2 2 5 4 7 2 7 0 8 7 2 3 4 4 4 5 8 7 3 7 2 2 5 5 8 8 1
split_gain=14.822 108.732 128.983 197.164 113.503 87.8658 126.758 133.265 122.482 189.743 238.169 235.674 160.405 151.204 126.491 172.308 124.492 116.015 95.0106 173.816 93.5643 87.6691 113.522 130.591 165.134 148.886 218.894 129.496 84.0518 158.87
threshold=7.3872476993416631 0.011325859094010101 7.6749437720912281 12.500000000000002 11.500000000000002 13.629626797488271 13.703667826560952 0.48218770236923419 14.357142857142859 0.41147502190175195 10.500000000000002 2.5000000000000004 0.26616315684262332 14.785714285714286 7.9041881604748268 16.359430279893179 14.108016738453204 17.444833100412477 13.360586727211912 1.5000000000000002 0.6063936813291716 7.0845229123514875 0.16775933788214709 13.214285714285717 11.500000000000002 15.339917042936726 14.449851969875201 3.5000000000000004 1.0000000180025095e-35 7.5000000000000009
decision_type=2 2 2 2 2 2 2 2 2 2 2 2 2 2 2 2 2 2 2 2 2 2 2 2 2 2 2 2 2 2
left_child=21 -2 3 4 -3 6 18 -8 9 12 20 -12 16 -10 15 -15 -7 -17 19 -4 -11 -1 -23 24 -24 26 -25 -27 -5 -30
right_child=1 2 5 28 -6 8 7 -9 13 10 11 -13 -14 14 -16 17 -18 -19 -20 -21 -22 22 23 25 -26 27 -28 -29 29 -31
leaf_value=-0.00082985833290453483 0.098991010785102848 -0.025107173472642897 0.084701436426904475 -0.14496119290038392 0.1433441513031721 -0.021880022902041676 -0.021200218579421441 -0.19156899343837391 -0.078153084798670211 0.24059647114149163 0.11191300130158198 -0.079983012820594016 -0.094077833305188541 0.12672586019920268 -0.0048767811895231716 -0.092581939849663869 0.13262799392369659 0.073807122707366946 0.088578767464919536 -0.06156333108069148 0.10709828336324011 -0.050663617827619113 0.08003998031983009 0.037020329023018862 -0.086313547108854582 -0.039194237114861613 0.20679035988208413 0.10586808162927629 0.060759953702196348 -0.072984402632713316
leaf_weight=2173 25 20 27 27 20 32 24 22 61 21 32 32 37 46 528 22 22 20 22 82 35 36 26 39 35 40 37 25 27 125
leaf_count=2173 25 20 27 27 20 32 24 22 61 21 32 32 37 46 528 22 22 20 22 82 35 36 26 39 35 40 37 25 27 125
internal_value=-1.2085e-10 -0.00428332 -0.00629411 -0.0412408 0.0591185 0.000892119 -0.031276 -0.102681 0.007304 0.0405664 0.081856 0.015965 -0.0138816 -0.00306285 0.00437303 0.0598719 0.0410677 -0.0133491 -0.00620245 -0.0253326 0.15716 0.00232553 0.0311351 0.045713 -0.0154088 0.0721558 0.119672 0.016599 -0.0636675 -0.0492272
internal_weight=3720 1309 1284 219 40 1065 177 46 888 211 120 64 91 677 616 88 54 42 131 109 56 2411 238 202 61 141 76 65 179 152
internal_count=3720 1309 1284 219 40 1065 177 46 888 211 120 64 91 677 616 88 54 42 131 109 56 2411 238 202 61 141 76 65 179 152
is_linear=0
shrinkage=0.05


Tree=152
num_leaves=31
num_cat=0
split_feature=0 1 2 2 3 3 4 2 1 7 7 1 3 3 4 4 8 3 7 5 9 2 5 9 1 4 4 1 3 4
split_gain=14.7162 97.6431 101.86 136.015 89.631 142.024 144.222 195.375 132.649 116.21 96.4902 79.5607 66.2337 103.424 120.831 159.084 177.609 123.41 111.784 117.752 138.599 94.2005 194.113 94.4277 79.7524 190.357 160.935 157.756 75.6186 68.3131
threshold=9.5000000000000018 18.500000000000004 17.071428571428573 15.642857142857144 6.0670852812140286 6.5465356968113735 14.799858900113348 12.785714285714286 21.500000000000004 0.56002766149172967 0.28375172070308757 24.500000000000004 6.6278630192806824 8.1998838551588875 17.872574649303058 12.336675256445186 3.5000000000000004 7.8709834806319448 0.60007563442834455 14.483575977798775 3.5000000000000004 14.928571428571431 15.051173405337753 4.5000000000000009 10.500000000000002 13.018793629486407 11.807206169235227 6.5000000000000009 7.3694993859810323 14.214972572343266
decision_type=2 2 2 2 2 2 2 2 2 2 2 2 2 2 2 2 2 2 2 2 2 2 2 2 2 2 2 2 2 2
left_child=1 12 3 4 9 -6 7 8 -7 10 -3 -8 21 14 15 16 -14 18 19 29 -21 22 23 24 27 26 -26 -1 -20 -17
right_child=-2 2 -4 -5 5 6 11 -9 -10 -11 -12 -13 13 -15 -16 17 -18 -19 28 20 -22 -23 -24 -25 25 -27 -28 -29 -30 -31
leaf_value=-0.056393196198501083 0.0018990082715570765 0.064820346002067847 -0.084726769951256845 0.11626452443164748 -0.11317282716433208 0.081217075207016695 -0.093853447990758079 0.15986618406685263 -0.090515399238337652 0.14304025241961846 -0.072851134734228259 0.029249839537910056 0.18058079326897861 -0.032078004715559154 0.13678161211311818 -0.0030260087414221331 -0.0078915701583027846 0.082167506825040898 -0.17308032033964993 0.03803144651262657 -0.12510985493659973 -0.11174865777001662 0.0862904322573117 -0.11214295190415885 -0.080459521519832128 -0.14898899848972047 0.063181508924716565 0.089668427117996746 -0.038747345317493791 0.12465324185788632
leaf_weight=38 2726 35 22 37 27 22 35 29 23 26 20 21 25 169 20 22 25 27 20 23 30 34 35 38 39 35 39 36 22 20
leaf_count=38 2726 35 22 37 27 22 35 29 23 26 20 21 25 169 20 22 25 27 20 23 30 34 35 38 39 35 39 36 22 20
internal_value=-1.44151e-10 -0.00520794 0.0187989 0.027081 0.0132163 -0.00882325 0.0128494 0.0586627 -0.0065573 0.055935 0.014758 -0.0476897 -0.0154376 -0.00227277 0.0192532 0.00826928 0.0863446 -0.0155342 -0.0347893 -0.00475873 -0.0543127 -0.0334832 -0.0232485 -0.0402879 -0.0256863 -0.0521102 -0.00863901 0.0146638 -0.102715 0.0577736
internal_weight=3720 994 297 275 238 157 130 74 45 81 55 56 697 403 234 214 50 164 137 95 53 294 260 225 187 113 78 74 42 42
internal_count=3720 994 297 275 238 157 130 74 45 81 55 56 697 403 234 214 50 164 137 95 53 294 260 225 187 113 78 74 42 42
is_linear=0
shrinkage=0.05


Tree=153
num_leaves=31
num_cat=0
split_feature=3 3 3 0 2 4 1 7 0 1 1 7 7 7 0 1 0 7 7 0 7 5 2 1 5 9 4 5 2 3
split_gain=14.8091 125.113 71.8788 151.747 88.9188 154.212 146.969 166.027 84.4773 67.0572 153.507 154.015 106.214 211.277 147.14 149.629 188.931 140.37 146.531 115.023 102.139 97.6148 180.405 109.58 189.806 255.32 150.761 159.508 138.828 121.25
threshold=6.2029179001652457 6.1605503773917016 6.414269805898182 18.500000000000004 15.785714285714286 15.151068968585912 16.500000000000004 0.545317665506449 21.500000000000004 11.500000000000002 12.500000000000002 0.64486619353600794 0.22630166601668841 0.62883106707098324 20.500000000000004 16.500000000000004 14.500000000000002 0.60260375364927665 0.56002766149172967 8.5000000000000018 0.21990763771487346 13.375670711973092 11.214285714285717 8.5000000000000018 14.010373983056075 4.5000000000000009 16.866225122501195 14.382378130677905 15.500000000000002 5.6251980110938913
decision_type=2 2 2 2 2 2 2 2 2 2 2 2 2 2 2 2 2 2 2 2 2 2 2 2 2 2 2 2 2 2
left_child=1 9 3 4 5 6 7 -2 -5 21 11 20 -12 17 15 16 -15 18 -14 -17 -11 -1 -23 26 -25 28 27 -24 -26 -29
right_child=2 -3 -4 8 -6 -7 -8 -9 -10 10 12 -13 13 14 -16 19 -18 -19 -20 -21 -22 22 23 24 25 -27 -28 29 -30 -31
leaf_value=0.05508481951788205 -0.10568244728291859 0.10852540486625262 -7.977546682608281e-05 0.11975379154086113 -0.16091810524463657 0.071196102012287488 -0.17823121222853661 0.081576895564794541 -0.018113502204418184 -0.02585857689932541 -0.026930789418882169 0.054667248427867889 0.038759041966265215 -0.14480052743303148 -0.12922916432221732 0.1198314713081345 0.021530639584506711 0.16377963453531266 -0.065143959275691929 -0.0012840260690617786 -0.14939294951883228 -0.14215667471289636 0.025617150441283668 -0.090177772158668165 0.18437850547999871 -0.049345880740832904 0.061035554233144544 -0.039602200546198424 0.055784079250554709 -0.16407341590523722
leaf_weight=123 29 28 2050 20 20 22 25 20 25 27 251 20 317 38 30 24 31 20 38 107 44 20 79 21 41 31 61 90 43 25
leaf_count=123 29 28 2050 20 20 22 25 20 25 27 251 20 317 38 30 24 31 20 38 107 44 20 79 21 41 31 61 90 43 25
internal_value=6.27589e-11 0.00381868 -0.00260623 -0.0347754 -0.0650093 -0.0450283 -0.0795815 -0.0292501 0.0431609 0.00183908 -0.00615026 -0.0678915 0.000413353 0.0117578 -0.0259708 -0.010482 -0.070072 0.034898 0.027637 0.0209051 -0.102415 0.0160074 0.00431274 0.0118048 0.0480498 0.0732914 -0.00752592 -0.0290839 0.11855 -0.0666612
internal_weight=3720 1509 2211 161 116 96 74 49 45 1481 947 91 856 605 230 200 69 375 355 131 71 534 411 391 136 115 255 194 84 115
internal_count=3720 1509 2211 161 116 96 74 49 45 1481 947 91 856 605 230 200 69 375 355 131 71 534 411 391 136 115 255 194 84 115
is_linear=0
shrinkage=0.05


Tree=154
num_leaves=31
num_cat=0
split_feature=2 0 2 5 0 7 0 0 0 2 3 4 3 7 1 4 1 8 4 0 4 1 0 1 4 7 0 2 4 4
split_gain=14.3066 47.4019 37.6068 49.5304 85.8846 27.9806 26.3684 74.0604 61.7608 34.5279 72.831 67.6251 73.7459 47.9681 47.4596 58.2616 82.0728 34.6898 111.953 123.651 117.829 115.327 108.463 140.532 100.23 91.2869 109.09 123.963 164.73 194.513
threshold=20.357142857142858 17.500000000000004 19.500000000000004 16.459074711671622 19.500000000000004 0.43179026241201307 30.500000000000004 29.500000000000004 28.500000000000004 18.214285714285719 8.7545905269017208 18.810705281048129 8.004461797259939 0.85828653656682741 19.500000000000004 19.320316152441826 7.5000000000000009 2.5000000000000004 9.8990604432868619 14.500000000000002 11.533208611452681 23.500000000000004 15.500000000000002 14.500000000000002 9.2623245283222833 0.19575839149867372 3.5000000000000004 15.785714285714286 14.743647385282829 13.301115901108743
decision_type=2 2 2 2 2 2 2 2 2 2 2 2 2 2 2 2 2 2 2 2 2 2 2 2 2 2 2 2 2 2
left_child=2 -2 6 -4 -5 -3 7 8 9 11 14 13 -13 17 15 16 -11 18 19 -1 21 22 23 -20 -19 -22 -27 28 29 -28
right_child=1 5 3 4 -6 -7 -8 -9 -10 10 -12 12 -14 -15 -16 -17 -18 24 20 -21 25 -23 -24 -25 -26 26 27 -29 -30 -31
leaf_value=-0.13087451316416263 0.082831981236284435 -0.050471158474683767 -0.091269257693336561 -0.072464044826726123 0.06129929963499308 0.032164249462740761 -0.044166627706903404 0.090166185958229977 -0.078156945701688532 0.050931934459896938 0.096391171948718171 0.023302801733925231 -0.092405450530350208 -0.069865000628245383 0.057759443980952112 0.05318240665697626 -0.06304357641243509 0.087204352114349612 0.050170165522301448 0.027316902365003316 -0.019529087372007183 -0.053106224381675331 -0.0032186727970838548 0.18478593810489685 -0.0049423464367345325 0.11154596993216762 -0.01672332298966419 0.04018376834663151 -0.037602292250755225 0.049179645715366038
leaf_weight=30 22 20 26 24 24 21 33 23 25 22 28 21 40 24 36 28 56 30 47 21 292 21 32 33 1809 27 228 242 215 220
leaf_count=30 22 20 26 24 24 21 33 23 25 22 28 21 40 24 36 28 56 30 47 21 292 21 32 33 1809 27 228 242 215 220
internal_value=9.73754e-11 0.0236243 -0.000406981 -0.0356886 -0.00558237 -0.00814571 0.000321693 0.000735246 0.000152056 0.000711087 0.022691 -0.000410335 -0.0525715 0.000562404 0.00815852 -0.00868708 -0.0308966 0.00108296 0.00698932 -0.0657369 0.00972258 0.0544188 0.0745798 0.105699 -0.00343914 0.00486588 0.0125089 0.00955424 -0.00162577 0.0156397
internal_weight=3720 63 3657 74 48 41 3583 3550 3527 3502 170 3332 61 3271 142 106 78 3247 1408 51 1357 133 112 80 1839 1224 932 905 663 448
internal_count=3720 63 3657 74 48 41 3583 3550 3527 3502 170 3332 61 3271 142 106 78 3247 1408 51 1357 133 112 80 1839 1224 932 905 663 448
is_linear=0
shrinkage=0.05


Tree=155
num_leaves=31
num_cat=0
split_feature=3 7 3 2 8 7 3 2 8 4 1 5 3 7 0 5 5 4 7 2 7 0 8 7 2 4 4 7 8 4
split_gain=13.5619 97.374 117.134 174.291 104.237 83.2126 81.0438 110.237 195.492 179.942 139.766 215.182 164.442 107.397 184.298 84.5018 80.7765 114.207 187.818 111.289 170.872 215.764 212.14 145.608 137.307 117.779 113.203 107.402 230.281 100.12
threshold=7.3872476993416631 0.011325859094010101 7.6749437720912281 12.500000000000002 2.5000000000000004 0.0033648496547645005 7.0845229123514875 13.214285714285717 4.5000000000000009 11.581462411786573 6.5000000000000009 15.339917042936726 7.2899147555274757 0.70692751227672546 18.500000000000004 14.554050132928563 13.629626797488271 13.603894334081794 0.50708339050671414 14.357142857142859 0.41147502190175195 10.500000000000002 2.5000000000000004 0.2794752572107948 15.071428571428573 14.108016738453204 13.852950565787983 0.3327253615499145 1.5000000000000002 16.069169918940464
decision_type=2 2 2 2 2 2 2 2 2 2 2 2 2 2 2 2 2 2 2 2 2 2 2 2 2 2 2 2 2 2
left_child=5 -2 3 4 -3 -1 -7 8 9 -8 -9 12 15 14 -13 -12 17 27 -19 20 23 -22 -23 25 26 -18 -21 -4 -29 -28
right_child=1 2 16 -5 -6 6 7 10 -10 -11 11 13 -14 -15 -16 -17 19 18 -20 24 21 22 -24 -25 -26 -27 29 28 -30 -31
leaf_value=-0.08852225291728974 0.093634205222129827 0.1357698863744736 -0.067461605725640611 -0.060388739941922648 -0.025658570602536204 0.00011511013515704438 0.14936788730323314 -0.071008803900331263 -0.14516936355397445 -0.046996683347970247 0.031432269158373986 0.14236247617130479 0.23808560133304285 -0.089920622110366832 -0.057989139787175438 0.1564855299212716 -0.021294971686952255 -0.01284498487909635 -0.20780857980606104 -0.1255960495072744 0.1495591848001433 0.10620095857593698 -0.07586191687732935 -0.092969722114503384 0.0068701980443540631 0.12717819909819147 0.021679073470473598 0.17689980268478395 -0.018217122813145963 -0.10880896718729111
leaf_weight=25 25 20 44 179 20 2149 20 20 22 28 35 24 23 21 22 22 34 30 21 37 56 32 32 35 570 22 49 20 62 21
leaf_count=25 25 20 44 179 20 2149 20 20 22 28 35 24 23 21 22 22 34 30 21 37 56 32 32 35 570 22 49 20 62 21
internal_value=6.65664e-11 -0.00409721 -0.00600008 -0.039303 0.0550557 0.00222449 0.00317532 0.0309238 -0.0217468 0.0348219 0.0530013 0.0698734 0.125235 0.00377023 0.0465421 0.0796984 0.000848126 -0.0299949 -0.0931241 0.0069959 0.038702 0.0778847 0.0151695 -0.0129676 -0.0028859 0.0370338 -0.0548576 -0.00444267 0.0293724 -0.0174673
internal_weight=3720 1309 1284 219 40 2411 2386 237 70 48 167 147 80 67 46 57 1065 177 51 888 211 120 64 91 677 56 107 126 82 70
internal_count=3720 1309 1284 219 40 2411 2386 237 70 48 167 147 80 67 46 57 1065 177 51 888 211 120 64 91 677 56 107 126 82 70
is_linear=0
shrinkage=0.05


Tree=156
num_leaves=31
num_cat=0
split_feature=0 1 8 5 3 3 8 3 4 4 5 1 7 7 7 3 0 5 3 5 5 1 7 7 1 2 4 4 2 7
split_gain=14.633 85.7917 97.8427 121.945 210.81 110.657 125.579 127.445 179.489 111.809 80.3512 77.5368 66.8562 77.4174 105.14 343.89 116.753 107.605 183.101 127.731 125.203 115.452 105.318 183.579 139.977 207.954 200.019 224.559 110.95 99.9422
threshold=9.5000000000000018 18.500000000000004 1.5000000000000002 15.314633149065839 7.0845229123514875 6.0670852812140286 4.5000000000000009 8.1064327054328533 13.603894334081794 13.044857386565626 13.726329287863278 22.500000000000004 0.83285073720353064 0.61694552206254116 0.56329881469711995 6.9710282727036583 3.5000000000000004 12.878615001663253 5.1570565991016029 12.347545727132077 13.51046097871855 12.500000000000002 0.24190402353663734 0.20042780527416262 13.500000000000002 16.071428571428573 13.56841421506452 15.184763233891898 14.928571428571431 0.6487464738147366
decision_type=2 2 2 2 2 2 2 2 2 2 2 2 2 2 2 2 2 2 2 2 2 2 2 2 2 2 2 2 2 2
left_child=1 12 3 4 10 9 7 8 -7 -4 -3 -8 13 14 16 -16 -1 18 -18 -20 21 -19 23 28 25 26 -24 -28 -22 -15
right_child=-2 2 5 -5 -6 6 11 -9 -10 -11 -12 -13 -14 29 15 -17 17 20 19 -21 22 -23 24 -25 -26 -27 27 -29 -30 -31
leaf_value=-0.090055525049250185 0.0018936324223786491 -0.12784027640840837 0.029651991662479216 -0.11375908288690779 0.11832531914114952 -0.10870093860264336 0.023211855915459722 0.13794496837737305 0.074316398175181569 0.16749186106026173 0.0060833665231863655 -0.10036971361686786 0.059539446440236322 -0.13315564734595162 -0.07919361507115158 0.18622228050461184 -0.069448284869608676 -0.028035574452951552 0.0019720666110515594 0.16404404515220272 0.02701165900897172 -0.17682806727561085 -0.039829594641923906 -0.1801664897799492 -0.039296839276298151 -0.075119095004123199 0.2485611321059642 0.049800740182399751 -0.092428449711537575 -0.030087208818821681
leaf_weight=47 2726 21 31 27 28 21 22 28 37 28 24 30 29 28 23 26 23 32 20 31 59 22 20 20 61 23 27 30 29 147
leaf_count=47 2726 21 31 27 28 21 22 28 37 28 24 30 29 28 23 26 23 32 20 31 59 22 20 20 61 23 27 30 29 147
internal_value=1.44286e-10 -0.0051932 0.0173097 -0.0229703 0.0106091 0.0377563 0.0132537 0.0503424 0.0080515 0.0950675 -0.0564143 -0.0480852 -0.0147819 -0.0180085 -0.00786709 0.0616393 -0.0155378 -0.00671585 0.0476689 0.100486 -0.0191755 -0.0886547 -0.005228 -0.0434265 0.0203959 0.0568084 0.0962153 0.14395 -0.0123493 -0.0465782
internal_weight=3720 994 297 100 73 197 138 86 58 59 45 52 697 668 493 49 444 397 74 51 323 54 269 108 161 100 77 57 88 175
internal_count=3720 994 297 100 73 197 138 86 58 59 45 52 697 668 493 49 444 397 74 51 323 54 269 108 161 100 77 57 88 175
is_linear=0
shrinkage=0.05


Tree=157
num_leaves=31
num_cat=0
split_feature=7 4 2 7 2 5 5 0 3 7 0 2 9 5 3 0 3 5 7 4 0 8 9 4 0 3 1 1 4 7
split_gain=14.1992 67.5757 99.6187 65.0631 49.5276 89.9052 67.0932 79.7694 40.2257 32.3 132.721 107.044 84.112 120.978 68.3294 57.7455 36.0976 33.8922 125.728 150.889 91.7862 73.3601 72.7924 80.8587 126 121.137 109.524 109.923 119.74 129.406
threshold=0.81560440812257118 11.272171093664431 14.071428571428573 0.84318168706366403 17.785714285714288 15.542089947645099 15.051173405337753 14.500000000000002 6.4697085957258951 0.77279574640276405 14.500000000000002 13.214285714285717 2.5000000000000004 14.536859481387646 7.3694993859810323 7.5000000000000009 7.5182311413338576 14.894500689213002 0.75270044168274863 13.56841421506452 26.500000000000004 2.5000000000000004 3.5000000000000004 12.140164658715172 5.5000000000000009 4.3369947901195163 27.500000000000004 17.500000000000004 15.184763233891898 0.36098836124198014
decision_type=2 2 2 2 2 2 2 2 2 2 2 2 2 2 2 2 2 2 2 2 2 2 2 2 2 2 2 2 2 2
left_child=9 -2 3 8 5 6 7 -4 -3 17 11 15 -12 -14 -15 -11 -13 18 20 -20 22 -22 -1 24 -24 -26 27 -25 29 -29
right_child=1 2 4 -5 -6 -7 -8 -9 -10 10 12 16 13 14 -16 -17 -18 -19 19 -21 21 -23 23 26 25 -27 -28 28 -30 -31
leaf_value=-0.010144294812967584 -0.089785476818680765 0.056192430853843692 0.019415087075460524 0.1127369873225689 0.036373791301056099 -0.11538122229037746 0.056745480972787615 -0.11839893240304221 -0.041783692985773085 -0.030417943075299266 -0.013663945192920753 -0.11390072383262494 0.1565389851693694 0.090473670901899991 -0.03722082044929266 0.084618373882646369 -0.02527470229193568 0.005329178337079154 0.0085177914549907051 -0.17685736676921016 -0.0036853794895467308 -0.13045035815238953 -0.047998457182294285 -0.010781182012642207 0.14287905842065812 0.034042961105187501 -0.10716136845395617 0.065279421530431134 0.11910204249951575 -0.036496860424026112
leaf_weight=982 25 22 21 24 23 31 23 21 20 20 29 27 34 22 20 24 20 1448 21 23 21 25 39 368 30 173 23 64 36 61
leaf_count=982 25 22 21 24 23 31 23 21 20 20 29 27 34 22 20 24 20 1448 21 23 21 25 39 368 30 173 23 64 36 61
internal_value=-7.51755e-11 -0.0126292 -0.00220264 0.0470644 -0.0295272 -0.045316 -0.0119002 -0.0494919 0.00953713 0.000755591 0.0204783 -0.0237179 0.0587817 0.0864254 0.0296668 0.0323291 -0.0761875 -0.000410869 -0.0048651 -0.0883829 -0.0028482 -0.0725794 -0.0010421 0.0102153 0.0343135 0.0501271 -0.000349526 0.00429447 0.0387531 0.0156126
internal_weight=3720 210 185 66 119 96 65 42 42 3510 196 91 105 76 42 44 47 3314 1866 44 1822 46 1776 794 242 203 552 529 161 125
internal_count=3720 210 185 66 119 96 65 42 42 3510 196 91 105 76 42 44 47 3314 1866 44 1822 46 1776 794 242 203 552 529 161 125
is_linear=0
shrinkage=0.05


Tree=158
num_leaves=31
num_cat=0
split_feature=3 3 3 0 2 4 2 3 5 5 3 8 2 3 4 5 5 5 5 5 5 2 5 5 4 0 5 5 4 3
split_gain=12.9652 115.5 63.647 134.226 81.6765 137.375 136.555 119.034 78.1769 62.841 144.294 114.429 255.864 135.662 119.88 98.2248 150.231 135.705 155.254 234.928 166.309 247.459 102.279 94.0144 93.3327 91.1764 87.5467 86.5386 79.3608 76.1948
threshold=6.2029179001652457 6.1605503773917016 6.414269805898182 18.500000000000004 15.785714285714286 15.151068968585912 12.500000000000002 6.2943663397555518 15.339917042936726 13.71096735550047 6.4697085957258951 1.5000000000000002 14.642857142857144 7.0050983275386596 11.581462411786573 13.944406416322138 13.863552379718399 14.010373983056075 14.091144628211245 14.168292145751762 14.272256765732445 14.357142857142859 13.809349109521262 14.382378130677905 12.957133205317712 15.500000000000002 14.426181197444178 13.613576089783146 10.581361185473959 7.1080094473407138
decision_type=2 2 2 2 2 2 2 2 2 2 2 2 2 2 2 2 2 2 2 2 2 2 2 2 2 2 2 2 2 2
left_child=1 -1 3 4 5 6 -2 -8 -5 11 -11 12 13 -4 -15 16 22 -17 -19 -20 21 -21 25 -22 -16 -12 -25 28 -13 -30
right_child=2 -3 9 8 -6 -7 7 -9 -10 10 15 27 -14 14 24 17 -18 18 19 20 23 -23 -24 26 -26 -27 -28 -29 29 -31
leaf_value=0.0016709984997880082 0.0032067099353298547 0.10417711279754127 -0.026376214937159893 0.10797319899905811 -0.15306474722921848 0.067701820961453704 -0.21415111971172421 -0.045611089766025542 -0.023864667959835217 0.11514466836534698 0.13240585081279277 -0.082547224825248122 -0.13117014856442163 0.16731114556392035 -0.036046195047145541 -0.11183200577894847 0.13571731597185135 0.10240411144630933 -0.14473573043942453 0.19120040953691519 -0.064869883604216999 -0.017191400610167405 -0.073499318666756158 0.093417118459939955 0.10269066161579557 -0.0095942056236358805 -0.0010976743731061765 -0.10834948080865776 0.033576051761029346 -0.029722272659487587
leaf_weight=1481 32 28 38 22 20 22 22 20 23 29 20 48 23 30 22 27 34 37 28 28 57 29 25 25 27 26 1227 34 66 170
leaf_count=1481 32 28 38 22 20 22 22 20 23 29 20 48 23 30 22 27 34 37 28 28 57 29 25 25 27 26 1227 34 66 170
internal_value=-7.89089e-12 0.00357303 -0.00243858 -0.0327097 -0.0611447 -0.0419947 -0.0746072 -0.133894 0.0405894 -6.11924e-05 0.00463424 -0.0163824 0.021284 0.0512536 0.0885945 0.00258383 0.0492912 -0.000779872 0.00131545 -0.00136768 0.00157105 0.0851765 0.00790401 -0.00206952 0.0404006 0.0521449 0.000789602 -0.0329651 -0.0239403 -0.0120202
internal_weight=3720 1509 2211 161 116 96 74 42 45 2050 1592 458 140 117 79 1563 105 1458 1431 1394 1366 57 71 1309 49 46 1252 318 284 236
internal_count=3720 1509 2211 161 116 96 74 42 45 2050 1592 458 140 117 79 1563 105 1458 1431 1394 1366 57 71 1309 49 46 1252 318 284 236
is_linear=0
shrinkage=0.05


Tree=159
num_leaves=31
num_cat=0
split_feature=7 4 2 7 2 5 4 3 7 0 2 9 1 0 3 1 5 7 4 0 8 7 1 2 7 0 2 2 4 8
split_gain=12.8523 61.4042 87.5922 59.6191 44.2852 81.0217 65.0212 36.6568 29.6985 119.456 96.0865 76.7771 113.926 51.9522 35.0574 34.1639 30.4676 113.031 136.626 81.3787 66.8076 66.1066 120.763 171.961 147.964 127.171 191.5 149.86 146.726 110.494
threshold=0.81560440812257118 11.272171093664431 14.071428571428573 0.84318168706366403 17.785714285714288 15.542089947645099 15.658689860371426 6.4697085957258951 0.77279574640276405 14.500000000000002 13.214285714285717 2.5000000000000004 17.500000000000004 7.5000000000000009 7.3694993859810323 16.500000000000004 14.894500689213002 0.75270044168274863 13.56841421506452 26.500000000000004 2.5000000000000004 0.545317665506449 9.5000000000000018 15.500000000000002 0.6063936813291716 11.500000000000002 16.500000000000004 19.785714285714288 17.2583076554304 2.5000000000000004
decision_type=2 2 2 2 2 2 2 2 2 2 2 2 2 2 2 2 2 2 2 2 2 2 2 2 2 2 2 2 2 2
left_child=8 -2 3 7 5 6 -4 -3 16 10 13 -11 14 -10 -13 -12 17 19 -19 -1 -21 -18 -23 29 -25 -26 -27 28 -28 -24
right_child=1 2 4 -5 -6 -7 -8 -9 9 11 15 12 -14 -15 -16 -17 21 18 -20 20 -22 22 23 24 25 26 27 -29 -30 -31
leaf_value=-0.0010098692618149463 -0.085563968591392037 0.052735884352163837 -0.046676185415234682 0.10698641091585159 0.03461734646445383 -0.1091418032684634 0.059007697035981854 -0.040792968273162845 -0.028714191503822806 -0.013245311970340796 -0.11200001424551009 0.18314078574379286 0.014341178448761212 0.080399103431651991 0.091778825063790592 -0.026567859786816618 -0.0016830446014473558 0.0083960584054390604 -0.16800049833305505 -0.0026241551552500047 -0.1235954101085663 -0.023671239383832039 0.16384366874183928 0.085078898258507257 0.079905518293380745 -0.14017478616442533 -0.034786552659102847 -0.11200239753181285 0.10999224275350571 0.053041331472969244
leaf_weight=1776 25 22 43 24 23 31 22 20 20 29 25 21 34 24 21 22 1037 21 23 21 25 107 35 52 30 32 35 22 35 63
leaf_count=1776 25 22 43 24 23 31 22 20 20 29 25 21 34 24 21 22 1037 21 23 21 25 107 35 52 30 32 35 22 35 63
internal_value=-6.15155e-11 -0.0120152 -0.00207621 0.0441213 -0.0276983 -0.0426282 -0.0109063 0.00819834 0.00071886 0.0196306 -0.0222989 0.0559695 0.0823804 0.0308022 0.13746 -0.0720105 -0.000399638 -0.00462284 -0.0838112 -0.00271049 -0.0683694 0.00504269 0.0220125 0.038092 0.0121545 -0.0124694 -0.0348181 0.00182768 0.0376028 0.0926136
internal_weight=3720 210 185 66 119 96 65 42 3510 196 91 105 76 44 42 47 3314 1866 44 1822 46 1448 411 304 206 154 124 92 70 98
internal_count=3720 210 185 66 119 96 65 42 3510 196 91 105 76 44 42 47 3314 1866 44 1822 46 1448 411 304 206 154 124 92 70 98
is_linear=0
shrinkage=0.05


Tree=160
num_leaves=31
num_cat=0
split_feature=0 1 2 2 3 3 4 2 1 7 7 1 2 2 5 3 8 5 5 5 2 4 2 5 2 5 4 4 3 5
split_gain=13.1764 76.002 87.334 116.521 73.9889 116.761 132.342 168.422 116.208 95.8514 90.9238 69.3975 61.621 84.6418 107.355 66.614 114.132 138.194 180.439 165.693 142.819 103.497 112.304 109.929 90.0502 87.4275 73.4198 138.175 146.952 112.168
threshold=9.5000000000000018 18.500000000000004 17.071428571428573 15.642857142857144 6.0670852812140286 6.5465356968113735 14.799858900113348 12.785714285714286 21.500000000000004 0.56002766149172967 0.28375172070308757 24.500000000000004 17.785714285714288 15.928571428571431 14.988470496022531 5.1570565991016029 3.5000000000000004 12.878615001663253 13.488134550659803 15.324396605496306 14.642857142857144 13.773943201303686 10.785714285714286 12.392946940495635 14.214285714285717 12.347545727132077 11.414747953241234 12.988028190086807 6.4253960411568629 14.945246942698981
decision_type=2 2 2 2 2 2 2 2 2 2 2 2 2 2 2 2 2 2 2 2 2 2 2 2 2 2 2 2 2 2
left_child=1 12 3 4 9 -6 7 8 -7 10 -3 -8 13 15 -15 21 17 25 -19 20 -20 22 23 -1 -21 -17 -18 -28 -29 -30
right_child=-2 2 -4 -5 5 6 11 -9 -10 -11 -12 -13 -14 14 -16 16 26 18 19 24 -22 -23 -24 -25 -26 -27 27 28 29 -31
leaf_value=-0.098120059137759008 0.001796910795739747 0.061101068705320366 -0.079608094827695333 0.10646662502675444 -0.10355092729959224 0.076201192086393199 -0.090392002122742787 0.14856455839913468 -0.084536936684795061 0.12900894725551973 -0.072540362670551986 0.024580018080416183 0.060105203740574702 -0.16525567486882209 -0.032033186904605361 0.024135802550749347 -0.098913347009908073 -0.093759966883808388 0.027990073402274829 0.013128882948131788 0.16639528687704694 0.044046005815267568 -0.13560211717298157 0.054849862648795045 -0.13007840472577223 0.16080212485790255 0.063848571144044394 -0.14388350511768036 -0.049214179716138562 0.064783059541256197
leaf_weight=23 2726 35 22 37 27 22 35 29 23 26 20 21 27 20 62 22 33 40 122 21 22 25 38 24 23 25 40 28 71 31
leaf_count=23 2726 35 22 37 27 22 35 29 23 26 20 21 27 20 62 22 33 40 122 21 22 25 38 24 23 25 40 28 71 31
internal_value=4.93373e-11 -0.00492795 0.0162521 0.023921 0.0110882 -0.00893609 0.0107147 0.0546007 -0.00595385 0.0499008 0.0125042 -0.0472775 -0.013953 -0.0169375 -0.0645265 -0.0103009 -0.00222769 0.0187637 0.00267101 0.0231882 0.0491353 -0.0453827 -0.0716852 -0.0200078 -0.0617295 0.0968307 -0.0306644 -0.017416 -0.0424205 -0.014568
internal_weight=3720 994 297 275 238 157 130 74 45 81 55 56 697 670 82 588 478 275 228 188 144 110 85 47 44 47 203 170 130 102
internal_count=3720 994 297 275 238 157 130 74 45 81 55 56 697 670 82 588 478 275 228 188 144 110 85 47 44 47 203 170 130 102
is_linear=0
shrinkage=0.05


Tree=161
num_leaves=31
num_cat=0
split_feature=2 1 5 2 4 2 8 5 2 3 1 4 7 5 3 7 5 3 4 7 3 7 5 5 0 9 0 8 1 2
split_gain=12.975 43.4364 38.5559 30.5698 50.5672 22.2122 127.39 94.1245 65.2578 103.091 62.5165 55.4878 52.5135 33.5064 26.4509 83.1921 64.032 73.0355 105.951 111.656 40.4982 220.59 84.5616 40.0741 94.7747 34.6846 82.2128 98.5264 128.75 95.3647
threshold=20.357142857142858 12.500000000000002 17.749745411860165 19.500000000000004 18.810705281048129 18.214285714285719 2.5000000000000004 15.820092460196117 19.071428571428573 6.6726154385997924 12.500000000000002 18.996924778698464 0.30242799912791579 16.661330532157159 9.6164541529708618 0.70692751227672546 13.863552379718399 9.8113150642325397 16.139052709972425 0.29745207974185994 9.2517693680451902 0.70068756945862465 15.096075002343236 16.737414395340434 16.500000000000004 2.5000000000000004 19.500000000000004 5.5000000000000009 17.500000000000004 16.500000000000004
decision_type=2 2 2 2 2 2 2 2 2 2 2 2 2 2 2 2 2 2 2 2 2 2 2 2 2 2 2 2 2 2
left_child=2 -2 3 5 -5 11 7 -7 9 -8 -9 14 -11 -13 20 16 -16 -18 19 -19 23 22 -22 25 -25 26 27 -1 -29 -28
right_child=1 -3 -4 4 -6 6 8 10 -10 12 -12 13 -14 -15 15 -17 17 18 -20 -21 21 -23 -24 24 -26 -27 29 28 -30 -31
leaf_value=-0.0087579516481921787 0.070437790619002447 -0.013456849132974943 -0.063553068724771344 -0.078664902178570639 0.010223329229484081 -0.12443692989292598 0.1366643066621489 -0.060283008395206367 -0.014134087439241081 -0.037182819619774821 0.056738741517066961 -0.095772623022397363 0.069712194386455748 -0.009290763877687 -0.10823801360451257 0.054297174662351615 -0.10413167625665665 -0.023491313363141988 -0.070483470656748468 0.13597291324819838 0.16176193586240215 -0.099145708623386564 0.034882874684087163 -0.028064105032138867 0.1156098843862613 0.0030678635060839513 -0.021617715219911349 0.10409249883105463 -0.02059819762771194 -0.1190244682948105
leaf_weight=582 27 36 24 32 32 21 36 21 29 20 25 24 27 21 26 30 20 23 29 21 24 21 29 22 24 2261 117 47 37 32
leaf_count=582 27 36 24 32 32 21 36 21 29 20 25 24 27 21 26 30 20 23 29 21 24 21 29 22 24 2261 117 47 37 32
internal_value=1.42937e-10 0.022498 -0.000387578 2.97001e-05 -0.0342208 0.000643886 0.0178098 -0.0367261 0.0504339 0.0729938 0.00331577 -0.000262513 0.024225 -0.0554144 0.000479441 -0.0201127 -0.0388715 -0.0194787 0.00371384 0.0526166 0.00143946 0.0379977 0.0923375 0.000572933 0.0468962 -0.000119808 -0.00896315 -0.00145182 0.0491692 -0.0425373
internal_weight=3720 63 3657 3633 64 3569 179 67 112 83 46 3390 47 45 3345 149 119 93 73 44 3196 74 53 3122 46 3076 815 666 84 149
internal_count=3720 63 3657 3633 64 3569 179 67 112 83 46 3390 47 45 3345 149 119 93 73 44 3196 74 53 3122 46 3076 815 666 84 149
is_linear=0
shrinkage=0.05


Tree=162
num_leaves=31
num_cat=0
split_feature=7 7 7 3 3 7 8 5 3 2 0 5 3 7 7 7 0 8 1 8 1 3 0 8 5 0 0 8 8 3
split_gain=12.7978 120.506 85.551 175.169 95.2165 142.8 118.501 86.8747 134.56 145.874 84.1672 82.4263 75.1 77.3191 79.6323 131.723 116.677 103.869 89.5374 105.49 104.966 140.331 210.832 132.305 114.427 170.836 161.639 176.147 158.074 126.255
threshold=0.31339541316093561 0.32003592499342454 0.29368031481261309 7.6547524895684349 4.7056197405715974 0.087752228315040606 2.5000000000000004 15.324396605496306 3.3058370287123595 11.500000000000002 12.500000000000002 14.465370902369409 4.898979485566362 0.27015960959192747 0.23072550352129315 0.22430453485630661 15.500000000000002 2.5000000000000004 7.5000000000000009 3.5000000000000004 10.500000000000002 6.8033605141660898 14.500000000000002 3.5000000000000004 13.231738944049093 18.500000000000004 14.500000000000002 2.5000000000000004 4.5000000000000009 7.2440451735332534
decision_type=2 2 2 2 2 2 2 2 2 2 2 2 2 2 2 2 2 2 2 2 2 2 2 2 2 2 2 2 2 2
left_child=2 -2 4 11 5 6 -1 8 -7 -10 -11 -4 -6 14 15 18 -16 -18 19 -14 21 23 -23 -20 -22 26 -26 29 -29 -28
right_child=1 -3 3 -5 12 7 -8 -9 9 10 -12 -13 13 -15 16 -17 17 -19 20 -21 24 22 -24 -25 25 -27 27 28 -30 -31
leaf_value=0.1143101351765486 -0.1017958814278245 -0.00094275092836876772 0.1709941487312317 -0.062829257734119889 0.071244850520824285 0.082185318619012848 -0.03976174406707287 -0.12262523109583479 -0.16594883946624275 0.054809986621789313 -0.069788985970345413 0.046085718992565361 -0.066134713937173642 -0.042791185282715943 0.083648159035614567 -0.12158340439200402 0.052189232731858895 -0.084350722616251858 0.18172660287349457 0.028060284789408682 -0.052106498877364626 -0.12002314315600829 0.077505392687661323 0.027129288166761401 0.012753206947602467 -0.029584436253384219 0.1037122204190209 0.25268721969231317 0.062949857257661376 -0.071822247281670568
leaf_weight=26 30 2332 25 22 43 20 24 38 24 23 33 28 84 82 77 21 30 26 31 46 79 22 35 25 248 161 21 23 21 20
leaf_count=26 30 2332 25 22 43 20 24 38 24 23 33 28 84 82 77 21 30 26 31 46 79 22 35 25 248 161 21 23 21 20
internal_value=3.18674e-10 -0.0022237 0.00386773 0.0557735 0.000833486 -0.0320396 0.0403556 -0.0582698 -0.0338147 -0.0628147 -0.0186144 0.105005 0.00647745 0.00383012 0.0077713 0.00206057 0.0437103 -0.0112043 0.00524258 -0.0328042 0.0124526 0.056495 0.00126631 0.11271 0.00376711 0.0127024 0.0331473 0.0926502 0.162131 0.0180857
internal_weight=3720 2362 1358 75 1283 188 50 138 100 80 56 53 1095 1052 970 837 133 56 816 130 686 113 57 56 573 494 333 85 44 41
internal_count=3720 2362 1358 75 1283 188 50 138 100 80 56 53 1095 1052 970 837 133 56 816 130 686 113 57 56 573 494 333 85 44 41
is_linear=0
shrinkage=0.05


Tree=163
num_leaves=31
num_cat=0
split_feature=0 5 3 7 7 0 5 5 5 1 0 8 5 5 5 5 2 1 7 4 0 2 1 3 4 7 9 4 7 1
split_gain=13.2966 50.9742 88.4953 54.8506 83.3168 85.3348 140.615 93.7277 130.596 84.9169 81.4218 77.2191 105.403 109.524 74.2029 92.5439 77.0754 67.3891 50.3872 49.0978 47.2699 95.2869 111.417 99.4237 90.1595 74.9932 59.7863 57.6817 45.5831 43.4236
threshold=22.500000000000004 16.812504006790494 7.1580790187099312 0.79458368534168577 0.7649510975891981 24.500000000000004 15.412546750609483 13.844881847578566 14.355719418458262 15.500000000000002 25.500000000000004 1.0000000180025095e-35 15.42565256174097 15.769926462086337 15.141879898623122 14.654020148029447 14.357142857142859 15.500000000000002 0.46235292041081527 16.478442720983832 20.500000000000004 13.928571428571431 15.500000000000002 6.414269805898182 12.235269883392474 0.52492508816270844 3.5000000000000004 16.234184847128436 0.37463955187973802 31.500000000000004
decision_type=2 2 2 2 2 2 2 2 2 2 2 2 2 2 2 2 2 2 2 2 2 2 2 2 2 2 2 2 2 2
left_child=20 3 -3 4 5 6 7 17 -9 -8 -5 28 14 -14 15 16 18 -2 -13 -15 29 24 25 -24 -22 26 -23 -25 -7 -1
right_child=1 2 -4 10 -6 11 9 8 -10 -11 -12 12 13 19 -16 -17 -18 -19 -20 -21 21 22 23 27 -26 -27 -28 -29 -30 -31
leaf_value=-0.00011183248833263663 -0.04871469379767128 -0.0020260600620531479 0.12498559824501475 -0.12207120742116656 0.10686101287603378 -0.13212875654920936 -0.091834398179218693 0.21069522462785245 0.054212518557906153 0.033911839392967526 0.018892582464031877 0.056410931050777435 0.11764389248243695 -0.050764734104827604 -0.11616778124801137 0.056081150239333515 -0.097327174125490967 0.076778463078662762 -0.053119642535845439 0.036497577372938399 -0.012833310512360186 0.047739864115057318 -0.10999377140322247 -0.060299898609519009 -0.14602382470060279 0.084569641099752568 -0.050663645565509799 0.055803356740785681 -0.025377737283706667 0.063589743773142499
leaf_weight=2919 23 32 24 21 20 20 29 20 40 25 20 21 29 27 22 32 37 20 21 40 24 29 37 20 27 38 33 23 20 27
leaf_count=2919 23 32 24 21 20 20 29 20 40 25 20 21 29 27 22 32 37 20 21 40 24 29 37 20 27 38 33 23 20 27
internal_value=1.65856e-10 0.00723066 0.0524075 0.00203578 0.00712348 0.00244096 0.0317333 0.0659955 0.106373 -0.0336185 -0.0533084 -0.0146553 -0.00345919 0.036468 -0.0322788 -0.0156522 -0.0447087 0.00965422 0.00164564 0.00133217 -0.00123583 -0.0230162 -0.00592271 -0.0499036 -0.0833459 0.029262 -0.0046362 0.00180184 -0.0787532 0.000471991
internal_weight=3720 543 56 487 446 426 157 103 60 54 41 269 229 96 133 111 79 43 42 67 3177 231 180 80 51 100 62 43 40 2946
internal_count=3720 543 56 487 446 426 157 103 60 54 41 269 229 96 133 111 79 43 42 67 3177 231 180 80 51 100 62 43 40 2946
is_linear=0
shrinkage=0.05


Tree=164
num_leaves=31
num_cat=0
split_feature=3 5 5 3 4 2 4 5 5 3 5 7 5 3 3 7 8 2 4 7 3 5 1 7 1 8 5 5 4 8
split_gain=12.162 18.2671 78.7895 237.409 112.857 99.6769 175.008 92.8707 97.4139 76.4417 73.8111 131.116 168.909 106.111 81.8597 80.2878 98.0255 161.751 118.562 77.3875 74.554 78.8134 81.8148 67.7134 120.992 64.8157 62.3397 71.8162 115.872 293.836
threshold=11.039964297125545 14.894500689213002 15.007739222948139 7.4097747539828704 15.134308845767416 14.214285714285717 15.884582723572414 15.068807265785582 15.117461298191802 6.9178848654488103 14.483575977798775 0.17578870404090757 14.728193832965118 4.1604706010168817 3.3058370287123595 0.38268451244590385 2.5000000000000004 13.071428571428573 14.072093326145575 0.56555386899886984 7.7797043746761423 14.778150898082524 13.500000000000002 0.51743663576415433 13.500000000000002 3.5000000000000004 15.152395609213285 15.254076892893094 15.26427222006169 2.5000000000000004
decision_type=2 2 2 2 2 2 2 2 2 2 2 2 2 2 2 2 2 2 2 2 2 2 2 2 2 2 2 2 2 2
left_child=1 10 3 5 -5 -3 -7 9 25 -4 14 12 -12 -13 -1 -15 17 -17 19 -18 21 22 -19 -20 -25 -9 -10 28 29 -28
right_child=-2 2 7 4 -6 6 -8 8 26 -11 11 13 -14 15 -16 16 18 20 23 -21 -22 -23 -24 24 -26 -27 27 -29 -30 -31
leaf_value=0.064201440705972557 -0.036246105801800023 0.078352494060021385 -0.0087608970871025874 0.22571696072816849 0.059757698575655618 -0.11702418830810171 0.070416785702109339 0.13221861453106007 -0.071200869232416156 -0.12220243174168799 -0.021979560191724815 -0.14183971624482761 0.12456701411865652 -0.072885372602429832 -0.00013225513567304632 0.14944171860814096 -0.036611082387918777 -0.010982443635230481 0.073581046275794509 -0.16402828785089346 0.065301002562046059 0.042876378801606954 -0.14925667891278863 0.055975452227436974 -0.091650868287043913 0.011936507338569277 -0.036090837481121227 -0.00016248459439289529 -0.022920238309436375 0.20042240714718559
leaf_weight=51 23 23 33 20 21 33 20 24 29 27 51 22 32 76 1623 20 22 23 20 26 25 21 20 23 35 21 24 1267 36 29
leaf_count=51 23 23 33 20 21 33 20 24 29 27 51 22 32 76 1623 20 22 23 20 26 25 21 20 23 35 21 24 1267 36 29
internal_value=-4.21916e-11 0.000225496 0.00423365 0.0437427 0.140713 -0.00857046 -0.0462917 0.00113127 0.00368822 -0.0598096 -0.00285637 -0.0217054 0.0345203 -0.0357196 0.00182773 -0.0282127 -0.0137654 0.0209544 -0.0438008 -0.105629 -0.00791911 -0.0365207 -0.075296 -0.00575287 -0.0331094 0.076087 0.00133592 0.00288722 0.0463027 0.0933221
internal_weight=3720 3697 1607 117 41 76 53 1490 1430 60 2090 416 83 333 1674 311 235 109 126 48 89 64 43 78 58 45 1385 1356 89 53
internal_count=3720 3697 1607 117 41 76 53 1490 1430 60 2090 416 83 333 1674 311 235 109 126 48 89 64 43 78 58 45 1385 1356 89 53
is_linear=0
shrinkage=0.05


Tree=165
num_leaves=31
num_cat=0
split_feature=0 3 3 3 3 1 0 0 5 8 5 7 1 5 4 5 5 2 9 7 5 2 5 5 0 4 4 7 5 5
split_gain=12.0926 78.6969 107.795 77.8093 135.167 62.0777 152.326 123.977 124.906 135.397 128.073 127.489 123.888 196.515 71.2019 77.0116 104.36 268.177 116.882 92.5897 70.2467 68.4198 65.8227 163.845 83.0449 68.792 106.946 277.275 93.1803 154.937
threshold=13.500000000000002 2.8743499452978107 3.3058370287123595 2.8743499452978107 3.4364987719369018 9.5000000000000018 11.500000000000002 9.5000000000000018 13.34391309119248 4.5000000000000009 14.168292145751762 0.45089556694876659 10.500000000000002 14.272256765732445 10.049380507584218 16.249782541634058 15.743093133239752 15.214285714285717 3.5000000000000004 0.56329881469711995 15.466273577182184 9.3571428571428594 15.571509696083039 15.496290301695408 8.5000000000000018 17.820580980611748 16.287316383117929 0.28755196164259073 15.353289723986984 15.163793770065761
decision_type=2 2 2 2 2 2 2 2 2 2 2 2 2 2 2 2 2 2 2 2 2 2 2 2 2 2 2 2 2 2
left_child=3 -2 -3 -1 -5 6 7 -6 -9 10 -10 -12 13 -7 21 16 22 -18 -19 -17 -15 -14 23 25 -24 26 28 -28 29 -16
right_child=1 2 -4 4 5 12 -8 8 9 -11 11 -13 14 20 15 19 17 18 -20 -21 -22 -23 24 -25 -26 -27 27 -29 -30 -31
leaf_value=0.092656335802305312 -0.087286638530592126 0.10301935595494729 0.002411185044511151 -0.11958967238664626 -0.023006427188714346 0.18039655542373659 -0.071782957932468763 0.13432839137536509 -0.058562694638967516 -0.099320578060689432 0.16877829822897913 -0.00058818973600864414 0.0097475089051801238 -0.058313618871298704 -0.003648989952015954 -0.070367870398171967 0.19337067419233234 -0.078734324795480537 0.059598712170043512 0.025058084516189041 0.071159960180521009 -0.10331101201009006 -0.12979020850644227 0.14245466426724482 0.012571664154529573 -0.088278750010899132 0.17235675472766163 -0.017652448499575257 -0.095431963411661297 0.11624529557302594
leaf_weight=21 24 27 1911 25 240 25 103 27 20 21 25 20 23 22 716 73 26 26 37 39 20 32 21 21 20 21 32 48 26 28
leaf_count=21 24 27 1911 25 240 25 103 27 20 21 25 20 23 22 716 73 26 26 37 39 20 32 21 21 20 21 32 48 26 28
internal_value=7.71748e-11 0.00269848 0.00381285 -0.00301161 -0.00416822 -0.00248274 -0.0182842 -0.00267413 0.0405095 0.0110547 0.0467145 0.0935043 0.0032541 0.0694062 -0.000473557 0.00222108 0.00653453 0.0582663 0.00250889 -0.0371392 0.00334047 -0.056032 0.00159978 0.00444703 -0.0603454 0.00111964 0.0033283 0.0583512 -0.00238836 0.000863161
internal_weight=3720 1962 1938 1758 1737 1712 456 353 113 86 65 45 1256 67 1189 1134 1022 89 63 112 42 55 933 892 41 871 850 80 770 744
internal_count=3720 1962 1938 1758 1737 1712 456 353 113 86 65 45 1256 67 1189 1134 1022 89 63 112 42 55 933 892 41 871 850 80 770 744
is_linear=0
shrinkage=0.05


Tree=166
num_leaves=31
num_cat=0
split_feature=2 8 5 2 4 2 8 5 3 3 2 9 1 4 5 8 4 4 1 5 3 7 3 5 7 7 3 0 7 7
split_gain=11.7412 40.3857 35.7638 28.9316 48.2844 19.4868 111.839 82.7354 66.0925 131.499 87.9224 57.2451 56.5306 49.1619 29.6683 25.335 95.48 107.841 144.845 107.856 104.052 112.446 178.829 104.015 179.521 177.497 111.769 99.4963 97.073 241.936
threshold=20.357142857142858 2.5000000000000004 17.749745411860165 19.500000000000004 18.810705281048129 18.214285714285719 2.5000000000000004 15.820092460196117 8.8868548250594888 7.5922891596811164 19.071428571428573 3.5000000000000004 12.500000000000002 18.996924778698464 16.661330532157159 2.5000000000000004 9.8990604432868619 11.609680379999725 24.500000000000004 12.392946940495635 4.4614753058558785 0.094473386560701603 6.2373681873657283 13.315096015820664 0.40110557586878148 0.29745207974185994 6.9333543135894393 14.500000000000002 0.62883106707098324 0.39470850881489089
decision_type=2 2 2 2 2 2 2 2 2 2 2 2 2 2 2 2 2 2 2 2 2 2 2 2 2 2 2 2 2 2
left_child=2 -2 3 5 -5 13 7 -7 9 10 11 -8 -9 15 -15 16 27 18 23 -19 28 22 -22 25 -25 -18 -27 -1 29 -21
right_child=1 -3 -4 4 -6 6 8 12 -10 -11 -12 -13 -14 14 -16 -17 17 19 -20 20 21 -23 -24 24 -26 26 -28 -29 -30 -31
leaf_value=-0.12020593052109084 -0.019271532950862761 0.060803748480975632 -0.061204133927822119 -0.076716266619041573 0.010142429733241443 -0.11662316010111856 0.15628699313687244 -0.057326006978040647 0.12965594001114369 -0.077260411259802916 -0.025720838913694023 0.048942870467349339 0.053952424019575118 -0.090107714384794244 -0.0087297178450084865 -0.0033448353321237217 0.13322935439646244 -0.10936357925335567 -0.074887015202104876 0.017797282248592148 -0.12852282634093648 0.0058756144674642309 -0.0011141104274429382 0.028496380409468777 0.22604738091645032 -0.07284358840602051 0.069044736031766821 0.021696021159489952 -0.022379184514284136 0.20227763467916737
leaf_weight=30 31 32 24 32 32 21 23 21 20 22 20 27 25 24 21 1887 30 21 21 52 42 998 80 23 23 35 23 21 32 27
leaf_count=30 31 32 24 32 32 21 23 21 20 22 20 27 25 24 21 1887 30 21 21 52 42 998 80 23 23 35 23 21 32 27
internal_value=-1.38894e-10 0.0214016 -0.000368691 3.31947e-05 -0.0332869 0.000630697 0.016709 -0.0343899 0.0472771 0.0293686 0.0628806 0.0983212 0.0031514 -0.000218274 -0.0521313 0.000480107 0.0054305 0.00786654 0.0472081 0.00299598 0.00491275 0.000336407 -0.0449761 0.0663425 0.127272 0.034493 -0.0165775 -0.0617757 0.0510885 0.0808475
internal_weight=3720 63 3657 3633 64 3569 179 67 112 92 70 50 46 3390 45 3345 1458 1407 155 1252 1231 1120 122 134 46 88 58 51 111 79
internal_count=3720 63 3657 3633 64 3569 179 67 112 92 70 50 46 3390 45 3345 1458 1407 155 1252 1231 1120 122 134 46 88 58 51 111 79
is_linear=0
shrinkage=0.05


Tree=167
num_leaves=31
num_cat=0
split_feature=7 7 8 7 4 4 5 7 0 3 7 5 2 5 7 1 4 5 8 3 3 3 1 1 7 0 2 0 0 0
split_gain=11.7852 106.604 81.8419 138.446 107.801 130.823 123.096 98.6696 79.2591 69.8935 87.2377 111.381 96.8314 112.682 92.5561 58.7082 55.4806 86.6597 114.172 99.8228 150.855 86.6042 82.5631 99.7884 137.973 122.646 105.368 98.3443 131.815 139.77
threshold=0.31339541316093561 0.32003592499342454 5.5000000000000009 0.27426826952026812 11.223936175546941 14.599409884148802 15.068807265785582 0.10997748931255542 12.500000000000002 4.7258156262526185 0.094473386560701603 15.324396605496306 12.500000000000002 14.483575977798775 0.032774858722070054 13.500000000000002 10.510836053617371 13.204267203419748 3.5000000000000004 7.0845229123514875 5.9401779675119455 6.8764608837478525 17.500000000000004 15.500000000000002 0.16921302224867527 9.5000000000000018 14.928571428571431 17.500000000000004 14.500000000000002 11.500000000000002
decision_type=2 2 2 2 2 2 2 2 2 2 2 2 2 2 2 2 2 2 2 2 2 2 2 2 2 2 2 2 2 2
left_child=2 -2 9 4 -4 8 -7 -8 -6 10 14 12 -12 -14 -1 -10 -11 18 19 20 -18 -20 23 25 -25 26 -19 28 29 -24
right_child=1 -3 3 -5 5 6 7 -9 15 16 11 -13 13 -15 -16 -17 17 22 21 -21 -22 -23 27 24 -26 -27 -28 -29 -30 -31
leaf_value=-0.052480767518281936 -0.095786585745712124 -0.00092912053377455426 -0.088102771412758601 0.14624387075503667 0.15783470856646697 -0.10733923017978669 -0.039007925455059322 0.090479591897418429 0.10593134151051345 0.057452944724861045 -0.068344015531241906 -0.12500829136854893 0.11994848757982256 -0.047892385721206666 0.090589609512915989 -0.012432141542773355 -0.061192630007863048 -0.0064797549639852396 -0.1762706480920315 -0.08951694277070818 0.121460443849747 -0.035830149831979172 0.061434435205800199 -0.13253419824656756 0.0036936705432287077 0.018383124932384334 -0.10629281475674363 -0.010880464307963848 0.13231896375998473 -0.046693881271883501
leaf_weight=20 30 2332 21 24 24 23 28 31 20 46 50 37 20 20 26 22 20 78 21 21 26 23 98 34 41 362 40 100 39 43
leaf_count=20 30 2332 21 24 24 23 28 31 20 46 50 37 20 20 26 22 20 78 21 21 26 23 98 34 41 362 40 100 39 43
internal_value=2.24831e-10 -0.00213391 0.00371157 0.0338689 0.0179103 0.0329527 -0.00922143 0.0290279 0.0853508 -0.00128445 -0.0306108 -0.0519794 -0.0219564 0.0360281 0.0283851 0.0439314 0.00382993 0.00122247 -0.0402839 0.000809898 0.0420461 -0.102859 0.00674008 -0.00442732 -0.058063 0.00395325 -0.0403147 0.0288755 0.0509621 0.0284591
internal_weight=3720 2362 1358 193 169 148 82 59 66 1165 173 127 90 40 46 42 992 946 111 67 46 44 835 555 75 480 118 280 180 141
internal_count=3720 2362 1358 193 169 148 82 59 66 1165 173 127 90 40 46 42 992 946 111 67 46 44 835 555 75 480 118 280 180 141
is_linear=0
shrinkage=0.05


Tree=168
num_leaves=31
num_cat=0
split_feature=0 7 3 1 3 4 7 1 4 4 2 2 4 4 5 8 0 4 2 3 0 7 7 9 7 5 7 4 7 7
split_gain=11.2885 50.2127 110.826 105.831 96.4478 95.8724 83.1308 66.1097 63.2037 206.032 55.8539 64.8481 97.848 97.8246 90.4695 53.8748 99.1752 88.8472 96.3241 57.1633 43.5873 99.0511 82.2997 80.8171 87.1927 104.038 75.2356 88.4624 139.139 101.061
threshold=22.500000000000004 0.42915757408335492 5.9641787843280305 6.5000000000000009 5.7981934789249303 16.456470033215727 0.6063936813291716 23.500000000000004 11.807206169235227 12.857556959421261 14.928571428571431 17.500000000000004 14.182440443900502 17.700556143879449 15.051173405337753 1.5000000000000002 25.500000000000004 13.145131676426344 16.500000000000004 7.0457685377819557 19.500000000000004 0.53615226711019826 0.63209106626866596 2.5000000000000004 0.77279574640276405 15.080359808382605 0.035816325571260008 14.463583661624122 0.23494646496342292 0.14898274817078697
decision_type=2 2 2 2 2 2 2 2 2 2 2 2 2 2 2 2 2 2 2 2 2 2 2 2 2 2 2 2 2 2
left_child=20 4 -3 -4 -2 15 -7 8 -6 -10 -11 12 -12 -13 -14 -5 19 -18 -19 -17 -1 26 -23 -24 25 -25 -22 -28 29 -29
right_child=1 2 3 5 7 6 -8 -9 9 10 11 13 14 -15 -16 16 17 18 -20 -21 21 22 23 24 -26 -27 27 28 -30 -31
leaf_value=0.00095164830932500098 0.097045587546922066 -0.08881818622703086 0.097405511306391829 0.021540809040650345 -0.0827220723387741 0.12575972037655966 0.0029094203421846034 0.07674814698984847 0.16016388893127442 -0.071592249522606538 -0.040244813770055773 -0.087450448146888196 0.16165644511580468 0.042048322737216953 0.014723451164635746 -0.033610558733344079 -0.088075330569630572 0.11692511960864067 -0.036396960133597965 -0.14273900964607797 0.048564285852692346 0.075494594348128885 -0.096524145613823623 -0.10014921036362648 0.077969210005539941 0.042705580219626428 -0.091487094745039951 -0.013503249605687766 0.02615332766012712 -0.15291199179796072
leaf_weight=2818 37 37 27 39 21 21 40 32 20 30 25 35 20 25 22 20 21 20 21 30 22 40 21 25 32 26 75 26 66 26
leaf_count=2818 37 37 27 39 21 21 40 32 20 30 25 35 20 25 22 20 21 20 21 30 22 40 21 25 32 26 75 26 66 26
internal_value=-2.56292e-10 0.00666232 -0.00829239 0.00417395 0.0221211 -0.00769988 0.0452021 0.0100681 -0.000708517 0.0090219 -0.0102319 0.00426273 0.0380735 -0.0334926 0.0846915 -0.0290709 -0.0466946 -0.00444219 0.0383943 -0.0990876 -0.0011387 -0.017547 0.0145445 -0.00889786 0.0132726 -0.0273213 -0.0390409 -0.049027 -0.0220396 -0.0832076
internal_weight=3720 543 276 239 267 212 61 230 198 177 157 127 67 60 42 151 112 62 41 50 3177 359 144 104 83 51 215 193 118 52
internal_count=3720 543 276 239 267 212 61 230 198 177 157 127 67 60 42 151 112 62 41 50 3177 359 144 104 83 51 215 193 118 52
is_linear=0
shrinkage=0.05


Tree=169
num_leaves=31
num_cat=0
split_feature=1 1 0 2 4 4 8 5 4 7 3 6 7 3 4 7 7 7 1 3 4 0 2 7 3 3 4 2 3 3
split_gain=11.8869 75.5939 94.4664 110.074 67.8412 163.055 105.462 124.33 99.6579 79.3467 76.2644 70.6358 70.0759 55.9843 49.3411 112.801 96.0031 175.402 149.43 89.5107 81.2878 87.5621 68.3409 85.6955 166.847 73.0845 65.9376 45.6963 45.0468 42.2981
threshold=21.500000000000004 20.500000000000004 8.5000000000000018 12.642857142857144 12.664107451848221 11.382655915535119 3.5000000000000004 13.008593190174411 13.018793629486407 0.34366373378045939 3.9218369359456084 1.0000000180025095e-35 0.51975123447133098 7.1746909672954198 16.830384385516528 0.14589608125849465 0.20641003797401616 0.35063978360206688 24.500000000000004 8.7150663194482352 17.733767454045513 14.500000000000002 16.214285714285719 0.49582585643233962 6.4475909122267234 5.7383418445233572 14.039910658381514 15.214285714285717 6.4697085957258951 6.2163376255910707
decision_type=2 2 2 2 2 2 2 2 2 2 2 2 2 2 2 2 2 2 2 2 2 2 2 2 2 2 2 2 2 2
left_child=1 29 -3 -4 5 6 7 -2 -6 -7 -10 14 -11 27 16 -16 26 18 -18 22 -17 -22 23 -19 25 -25 -12 -5 -28 -1
right_child=4 2 3 13 8 9 -8 -9 10 12 11 -13 -14 -15 15 20 17 19 -20 -21 21 -23 -24 24 -26 -27 28 -29 -30 -31
leaf_value=0.0069193655498269854 -0.12635152650997045 0.11507805615303018 -0.083455292059277944 0.12819553337201639 0.090022268891334536 -0.01755554945238175 0.08111389836089479 0.042445106695716578 -0.093441097895530137 -0.17505735407962844 -0.11784374407004744 0.073480242304503923 -0.062162313410746198 -0.010934052609705501 0.054725211610396708 -0.11569858403462503 0.027303655416919637 -0.066819732863869927 0.2043600963597948 -0.091646930316220163 -0.078249887641399146 0.043731717286365379 0.081701099847753852 0.023527297519502187 0.10701113760471344 -0.1100245524942875 -0.066476234197616585 0.026180745661258699 0.034199132546782494 -0.0052860217199133704
leaf_weight=1198 20 31 22 23 31 31 36 24 22 27 21 32 28 28 30 36 26 36 22 23 31 28 30 21 35 20 20 21 25 1742
leaf_count=1198 20 31 22 23 31 31 36 24 22 27 21 32 28 28 30 36 26 36 22 23 31 28 30 21 35 20 20 21 25 1742
internal_value=2.2676e-11 0.00130659 0.0393883 0.0144268 -0.00611403 -0.0337323 0.0176469 -0.0342806 0.00326149 -0.0815269 -0.00261096 0.00197221 -0.117584 0.0443353 -0.00369179 -0.0297972 0.00800418 0.0243307 0.108455 -0.000141726 -0.0564885 -0.0203603 0.0146795 -0.00327266 0.0268286 -0.0416199 -0.0446858 0.0795067 -0.0105455 -0.000312534
internal_weight=3720 3065 125 94 655 166 80 44 489 86 458 436 55 72 404 125 279 213 48 165 95 59 142 112 76 41 66 44 45 2940
internal_count=3720 3065 125 94 655 166 80 44 489 86 458 436 55 72 404 125 279 213 48 165 95 59 142 112 76 41 66 44 45 2940
is_linear=0
shrinkage=0.05


Tree=170
num_leaves=31
num_cat=0
split_feature=4 3 4 1 7 7 2 8 8 7 2 2 5 4 8 4 4 0 5 3 4 8 4 4 4 4 4 4 0 5
split_gain=10.8748 29.3854 19.7135 189.464 79.813 69.8841 37.183 68.1008 48.2359 142.275 23.9124 21.726 89.9008 212.239 85.8785 151.312 145.85 180.54 109.839 92.6698 83.5586 110.028 109.869 107.141 78.9853 88.1058 80.0657 165.368 93.8215 93.2195
threshold=8.7755174676652885 11.039964297125545 10.049380507584218 9.5000000000000018 0.57150216576176283 0.34757011741063976 10.357142857142859 4.5000000000000009 1.0000000180025095e-35 0.41856757364393143 9.9285714285714306 12.357142857142859 12.68823578906972 11.99404619804521 3.5000000000000004 13.852950565787983 12.761707183731898 6.5000000000000009 12.906000747817185 7.1580790187099312 11.326143496166738 4.5000000000000009 11.005468809243625 10.510836053617371 10.805421097268455 11.414747953241234 12.088152283535379 12.400559819329212 6.5000000000000009 13.69509551906698
decision_type=2 2 2 2 2 2 2 2 2 2 2 2 2 2 2 2 2 2 2 2 2 2 2 2 2 2 2 2 2 2
left_child=-1 2 3 -2 5 10 7 8 -4 -10 -5 14 13 -13 15 18 19 -18 -8 20 22 -22 23 -16 -20 -26 -27 -28 -29 -30
right_child=1 -3 6 4 -6 -7 11 -9 9 -11 -12 12 -14 -15 16 -17 17 -19 24 -21 21 -23 -24 -25 25 26 27 28 29 -31
leaf_value=0.029982029013335704 0.094053107553294726 -0.057857434587045155 -0.011169030070304871 -0.081671098548741577 0.023900562105700376 -0.14863333082199098 -0.04772568205478548 -0.04947328059002757 0.0036311941753540723 0.16953280294934911 -0.007078683511777358 -0.029760734907661873 0.00058463812559955643 0.18789696210019646 0.087797497371211661 0.1415260812267661 0.0089423072338104242 -0.16318270145640829 0.11117008928032149 -0.076082282550632957 -0.11124014401435851 0.014240345943333774 0.13998958170413972 -0.072101352431557394 -0.07462525241490868 0.084242173547390858 -0.10130713801060259 -0.045964570805430413 0.15460829862526485 0.026088639158149098
leaf_weight=30 28 22 20 21 24 25 87 20 28 24 22 24 2846 21 20 20 25 39 21 40 25 58 23 22 27 40 29 25 21 43
leaf_count=30 28 22 20 21 24 25 87 20 28 24 22 24 2846 21 20 20 25 39 21 40 25 58 23 22 27 40 29 25 21 43
internal_value=1.15533e-10 -0.000243756 0.0001018 -0.0198296 -0.0544896 -0.0821567 0.000775919 0.032148 0.0548206 0.0802012 -0.0435075 -5.92172e-05 0.00169334 0.0718129 -0.00902675 0.00846431 -0.0307518 -0.0959464 -0.000618406 -0.00855784 0.00969201 -0.023555 0.0521459 0.00404096 0.0192764 0.00884524 0.0231092 0.00238614 0.0361738 0.0682592
internal_weight=3720 3690 3668 120 92 68 3548 92 72 52 43 3456 2891 45 565 313 252 64 293 188 148 83 65 42 206 185 158 118 89 64
internal_count=3720 3690 3668 120 92 68 3548 92 72 52 43 3456 2891 45 565 313 252 64 293 188 148 83 65 42 206 185 158 118 89 64
is_linear=0
shrinkage=0.05


Tree=171
num_leaves=31
num_cat=0
split_feature=3 3 5 3 1 4 1 3 1 5 9 5 1 0 7 2 4 7 0 9 7 7 5 4 2 4 5 5 4 0
split_gain=11.1003 134.281 84.2456 58.8356 109.201 111.295 115.217 112.458 101.255 69.9686 95.2952 95.0261 286.953 55.8464 104.432 65.6532 65.0976 95.155 107.421 97.8872 79.6678 106.426 179.963 85.1574 50.0996 46.2867 63.1809 63.1703 143.864 72.2678
threshold=8.7858106539118186 8.9402779406149566 15.60421631844765 8.1998838551588875 8.5000000000000018 18.898102492529613 23.500000000000004 8.2865352631040405 6.5000000000000009 13.249344222509469 4.5000000000000009 14.184038535707204 13.500000000000002 4.5000000000000009 0.45838697673384565 13.071428571428573 16.359430279893179 0.71855791366696176 17.500000000000004 3.5000000000000004 0.20276527499251709 0.3327253615499145 15.293161913695547 14.40785398969893 14.642857142857144 20.931808402111059 17.071658533067275 16.737414395340434 18.996924778698464 26.500000000000004
decision_type=2 2 2 2 2 2 2 2 2 2 2 2 2 2 2 2 2 2 2 2 2 2 2 2 2 2 2 2 2 2
left_child=3 2 -2 25 8 6 7 -6 -5 -9 11 -11 -13 14 -3 -15 20 18 19 -18 -17 -22 23 24 -23 26 27 29 -29 -1
right_child=1 13 -4 4 5 -7 -8 9 -10 10 -12 12 -14 15 -16 16 17 -19 -20 -21 21 22 -24 -25 -26 -27 -28 28 -30 -31
leaf_value=0.0017868086103034213 0.027274635398671743 -0.12748044182856877 0.1404785653093347 -0.017549809472014507 -0.10834678796678782 -0.11006174919505914 0.10664333786504965 0.090850672196774257 -0.16133082823455336 -0.061202978687705828 -0.080771924510146642 0.18840793787191312 -0.027402643027693727 0.068619816547588391 0.027220031768083575 -0.09184542119813463 -0.062679248508065943 -0.056428903742926195 0.11258805046478909 0.052453522853708516 0.089772255265194445 0.021150409091602675 -0.12795046726823786 0.077134303988948952 -0.08681891432830266 0.066163773972679071 -0.049959477055512493 0.12601652914477932 -0.035192365765571595 -0.0461275164152921
leaf_weight=2767 42 24 27 24 25 24 24 21 25 27 33 24 43 34 20 36 30 32 36 48 23 22 32 31 21 27 61 31 25 81
leaf_count=2767 42 24 27 24 25 24 24 21 25 27 33 24 43 34 20 36 30 32 36 48 23 22 32 31 21 27 61 31 25 81
internal_value=6.70765e-11 0.00728913 0.0715718 -0.00102343 -0.023377 -0.00840418 0.00398049 -0.0102617 -0.0909075 0.00630667 -0.00767305 0.0179893 0.0499026 -0.00411319 -0.057162 0.00265246 -0.00455941 0.0197592 0.0411453 0.00817169 -0.0260777 -0.00772386 -0.0288787 0.0139632 -0.0315788 0.000993773 0.000400319 0.00145815 0.0540483 0.000424077
internal_weight=3720 458 69 3262 270 221 197 173 49 148 127 94 67 389 44 345 311 146 114 78 165 129 106 74 43 2992 2965 2904 56 2848
internal_count=3720 458 69 3262 270 221 197 173 49 148 127 94 67 389 44 345 311 146 114 78 165 129 106 74 43 2992 2965 2904 56 2848
is_linear=0
shrinkage=0.05


Tree=172
num_leaves=31
num_cat=0
split_feature=0 7 3 3 3 1 4 3 2 2 1 7 8 1 4 4 5 7 3 7 0 2 1 2 4 3 2 5 1 7
split_gain=11.4105 44.5324 101.323 97.0557 128.097 100.88 103.09 87.947 64.6223 83.4923 73.0922 60.1499 103.087 76.5836 81.9843 225.46 89.4973 131.132 91.1448 40.9373 40.2044 80.0188 98.0743 83.9014 77.2777 71.8477 70.4257 124.387 65.1956 59.5094
threshold=22.500000000000004 0.42915757408335492 5.9641787843280305 6.4253960411568629 6.9178848654488103 8.5000000000000018 12.059038495772608 5.7981934789249303 14.785714285714286 17.071428571428573 18.500000000000004 0.37874175196992149 1.0000000180025095e-35 23.500000000000004 11.905087281127644 12.988028190086807 14.654020148029447 0.20641003797401616 7.8709834806319448 0.28755196164259073 20.500000000000004 13.928571428571431 15.500000000000002 16.357142857142858 12.235269883392474 6.5027466724234548 16.642857142857149 14.506441141888134 10.500000000000002 0.53615226711019826
decision_type=2 2 2 2 2 2 2 2 2 2 2 2 2 2 2 2 2 2 2 2 2 2 2 2 2 2 2 2 2 2
left_child=20 7 -3 -4 -5 -6 -7 -2 -8 -10 -11 12 -9 14 -14 -16 -17 18 -18 -19 -1 24 26 -24 -22 -25 27 -23 -28 -29
right_child=1 2 3 4 5 6 8 11 9 10 -12 -13 13 -15 15 16 17 19 -20 -21 21 22 23 25 -26 -27 28 29 -30 -31
leaf_value=0.00043019031086596443 0.092802833101233925 -0.084381281755663257 0.095732549348702803 -0.10836856036826417 0.09952173135601558 -0.10220722605784734 0.079442437710585428 -0.085663068217450178 -0.055385529181482845 0.079224886308823322 -0.032712993264198305 0.092601676285266887 -0.092170531973242764 0.093552424537914777 0.17119660168886186 -0.094399944275617598 0.0066427340561693365 -0.096626743993588865 0.15412309333682062 -0.0027664132989369907 -0.011235794828583797 -0.040107642174698414 -0.10343972287244269 -0.06156590114469114 -0.13454479387512916 0.06635137477091381 0.039886779859662061 0.051623081266880033 -0.087780357822775851 0.17359577536582949
leaf_weight=2946 37 37 26 27 26 24 27 29 49 35 25 20 20 27 20 25 22 21 20 26 24 20 36 23 27 21 20 20 20 20
leaf_count=2946 37 37 26 27 26 24 27 29 49 35 25 20 20 27 20 25 22 21 20 26 24 20 36 23 27 21 20 20 20 20
internal_value=-9.15049e-11 0.00669824 -0.00738522 0.00453468 -0.00659746 0.00817577 -0.00666795 0.0212564 0.0101919 -0.00696188 0.0325841 0.00974677 0.00185582 0.0158782 0.00225998 0.0163541 -0.0108113 0.0126687 0.0768715 -0.044704 -0.00114484 -0.0212315 -0.0055673 -0.0468308 -0.076517 -0.000514474 0.0274435 0.0617037 -0.0239468 0.112609
internal_weight=3720 543 276 239 213 186 160 267 136 109 60 230 210 181 154 134 114 89 42 47 3177 231 180 80 51 44 100 60 40 40
internal_count=3720 543 276 239 213 186 160 267 136 109 60 230 210 181 154 134 114 89 42 47 3177 231 180 80 51 44 100 60 40 40
is_linear=0
shrinkage=0.05


Tree=173
num_leaves=31
num_cat=0
split_feature=1 1 0 2 4 4 4 1 0 3 2 6 4 7 4 4 7 8 0 7 3 5 2 0 5 2 3 3 8 2
split_gain=10.9374 71.8897 84.4173 98.3021 59.5219 146.268 89.6529 80.4423 94.5911 69.6751 66.3728 85.0249 76.0699 163.423 105.975 143.235 153.289 64.614 82.7633 63.2009 48.7472 47.6451 84.2205 71.003 41.3944 40.2273 37.2696 347.901 92.4705 177.538
threshold=21.500000000000004 20.500000000000004 8.5000000000000018 12.642857142857144 12.664107451848221 11.905087281127644 13.018793629486407 26.500000000000004 12.500000000000002 3.9218369359456084 12.500000000000002 1.0000000180025095e-35 15.374103592775327 0.21296351519888773 15.806088748560191 16.069169918940464 0.087752228315040606 4.5000000000000009 10.500000000000002 0.36351628482193138 7.1746909672954198 16.043660705057096 16.500000000000004 10.500000000000002 14.583440336109806 15.214285714285717 6.2163376255910707 6.1798431490311865 5.5000000000000009 11.928571428571431
decision_type=2 2 2 2 2 2 2 2 2 2 2 2 2 2 2 2 2 2 2 2 2 2 2 2 2 2 2 2 2 2
left_child=1 26 -3 -4 5 7 -6 8 -2 -8 -11 12 13 -12 -14 -16 -17 18 -15 -7 25 22 -18 -23 -20 -5 27 28 -1 -30
right_child=4 2 3 20 6 19 9 -9 -10 10 11 -13 14 17 15 16 21 -19 24 -21 -22 23 -24 -25 -26 -27 -28 -29 29 -31
leaf_value=-0.0027017944918068353 0.026994838337931371 0.1099410112106031 -0.077706324258311241 0.12155964798901393 0.085207569911595324 -0.025327318551994507 -0.08947044333273714 0.061536318416658201 -0.09020082282438649 -0.080939225010249929 -0.063701224971461953 0.087391701738039659 -0.096845468609697297 0.15153607135569608 0.11371433302436187 0.085780826210975658 -0.012051883082965325 -0.00720865377064409 -0.0047146878515680639 -0.13341004946514179 -0.008515668557291585 -0.0950235335954598 -0.12969588662963361 0.011352016728731894 0.081050278147792115 0.025843965723401027 -0.004994140058073155 0.21325152963399888 -0.051094313231962063 0.067969732565002716
leaf_weight=1013 36 31 22 23 31 21 22 38 33 23 37 30 36 27 23 29 29 29 24 38 28 21 32 62 34 21 1742 20 42 123
leaf_count=1013 36 31 22 23 31 21 22 38 33 23 37 30 36 27 23 29 29 29 24 38 28 21 32 62 34 21 1742 20 42 123
internal_value=-1.09218e-11 0.00125332 0.0383903 0.0147938 -0.00586477 -0.0317343 0.0029171 0.00311745 -0.0290553 -0.00265278 0.00172793 0.00633167 -1.76784e-05 0.0276029 -0.0179949 -0.00351208 -0.0190971 0.0572367 0.0792239 -0.0949399 0.0430577 -0.0402183 -0.0737668 -0.0155623 0.0455613 0.0758772 -0.000325634 0.0064628 0.00295195 0.0376625
internal_weight=3720 3065 125 94 655 166 489 107 69 458 436 413 383 151 232 196 173 114 85 59 72 144 61 83 58 44 2940 1198 1178 165
internal_count=3720 3065 125 94 655 166 489 107 69 458 436 413 383 151 232 196 173 114 85 59 72 144 61 83 58 44 2940 1198 1178 165
is_linear=0
shrinkage=0.05


Tree=174
num_leaves=31
num_cat=0
split_feature=0 3 3 3 3 5 5 8 7 5 7 2 2 4 5 3 7 8 8 7 7 3 0 4 2 5 3 2 7 1
split_gain=10.7051 68.31 120.693 67.0698 97.654 54.0317 96.8369 118.976 97.7646 86.0362 85.038 65.8177 145.387 69.6881 138.049 118.824 115.658 177.061 166.777 227.24 128.449 122.298 121.774 120.983 116.862 106.556 128.862 108.056 102.999 96.2926
threshold=13.500000000000002 2.8743499452978107 3.4364987719369018 2.8743499452978107 3.3058370287123595 12.021048871938655 12.906000747817185 4.5000000000000009 0.64272149733980921 13.008593190174411 0.27742186302433824 11.357142857142859 11.071428571428573 14.298441961023643 15.870697704509183 4.2426406871192945 0.65765687032078546 3.5000000000000004 1.0000000180025095e-35 0.34366373378045939 0.2794752572107948 6.9333543135894393 17.500000000000004 12.911293469759967 13.642857142857144 15.732438912210188 4.6827945679492666 16.642857142857149 0.35063978360206688 19.500000000000004
decision_type=2 2 2 2 2 2 2 2 2 2 2 2 2 2 2 2 2 2 2 2 2 2 2 2 2 2 2 2 2 2
left_child=1 -1 -3 -2 -5 -6 7 8 10 -8 -7 12 -11 14 16 -15 18 21 28 20 -20 24 -19 -23 -18 26 -17 29 -13 -27
right_child=3 2 -4 4 5 6 9 -9 -10 11 -12 13 -14 15 -16 25 17 22 19 -21 -22 23 -24 -25 -26 27 -28 -29 -30 -31
leaf_value=0.086804575295675368 -0.080533188705643022 -0.11298422783613205 -0.0023246014305764689 0.097992619265008851 0.062909108814265993 -0.050360797331840901 0.095948103010654456 0.038961887607971833 0.013143027768958183 -0.011156197998207064 -0.17472546289541893 -0.15373476928099991 0.15581546428359369 -0.063206721158190204 0.1101902218704874 0.14041207271317643 0.090852055306147261 -0.13084667480240267 -0.0014582310083576225 -0.057182852247659802 0.096282068657320599 0.042586236521601678 0.016254284101374011 0.21441648183833983 -0.078026316612958918 -0.078660061649787116 0.021964631779487695 0.0080218254660580374 -0.019043001185425304 0.023228095042886157
leaf_weight=21 24 25 1712 27 36 27 25 30 21 32 28 40 22 55 22 24 21 24 154 186 43 20 34 21 20 78 531 362 22 33
leaf_count=21 24 25 1712 27 36 27 25 30 21 32 28 40 22 55 22 24 21 24 154 186 43 20 34 21 20 78 531 362 22 33
internal_value=-5.14731e-11 -0.00283358 -0.00391728 0.00253895 0.00356771 0.00223361 0.00106864 -0.0453509 -0.0786322 0.00385014 -0.113674 0.00252992 0.0568693 0.000793636 -0.0127684 0.00839491 -0.0173925 0.022244 -0.0298624 -0.0175469 0.0198759 0.0695346 -0.0446151 0.130597 0.00847236 0.0122257 0.0270867 -0.00521154 -0.105941 -0.048369
internal_weight=3720 1758 1737 1962 1938 1911 1875 106 76 1769 55 1744 54 1690 607 1083 585 140 445 383 197 82 58 41 41 1028 555 473 62 111
internal_count=3720 1758 1737 1962 1938 1911 1875 106 76 1769 55 1744 54 1690 607 1083 585 140 445 383 197 82 58 41 41 1028 555 473 62 111
is_linear=0
shrinkage=0.05


Tree=175
num_leaves=31
num_cat=0
split_feature=7 4 2 8 8 3 4 7 0 1 2 4 9 5 3 7 5 5 3 3 3 8 7 7 0 3 5 2 2 7
split_gain=11.5757 58.6857 80.0662 56.18 41.454 101.812 79.3791 23.8984 103.275 87.6685 146.501 66.1103 61.9234 102.619 53.4301 24.0374 114.52 80.7462 30.9547 126.542 88.9079 132.287 118.906 157.679 118.156 121.205 110.372 124.29 93.6872 88.1722
threshold=0.81560440812257118 11.272171093664431 14.071428571428573 2.5000000000000004 4.5000000000000009 6.5027466724234548 16.725429451197371 0.77279574640276405 14.500000000000002 9.5000000000000018 13.214285714285717 15.927495168057996 2.5000000000000004 14.536859481387646 7.3694993859810323 0.75270044168274863 14.590649883729599 15.58524624891492 4.9809159608975344 4.898979485566362 5.7569833370313974 1.0000000180025095e-35 0.099120481556777815 0.14898274817078697 13.500000000000002 5.5248340202785045 15.980903400726087 13.785714285714286 12.642857142857144 0.41147502190175195
decision_type=2 2 2 2 2 2 2 2 2 2 2 2 2 2 2 2 2 2 2 2 2 2 2 2 2 2 2 2 2 2
left_child=7 -2 3 -3 5 -4 -7 15 9 -9 -11 -12 -10 -14 -15 18 -17 -18 19 -1 21 -20 -23 -24 25 28 27 -26 -25 -30
right_child=1 2 4 -5 -6 6 -8 8 12 10 11 -13 13 14 -16 16 17 -19 20 -21 -22 22 23 24 26 -27 -28 -29 29 -31
leaf_value=-0.0034865192181178341 -0.08330518649518491 -0.0050684866786468779 -0.11250073408538647 0.08723508316804382 0.028291221759799458 0.045192496622247363 -0.072869317854444185 -0.11380599699914457 -0.010724693960670767 0.086292519258154982 -0.12280051678419113 0.0057591417431831363 0.13972884036929292 0.076649710806933322 -0.036267832815647126 -0.094139389807565352 0.081024817594637477 -0.04970066660926456 -0.049961967104011115 -0.092640510820891975 -0.0014100900158687034 -0.034374474688348443 0.18111625248566271 0.027038795934058724 0.026554141274907374 0.067787455323528742 -0.018865160457789899 0.12419428795576096 -0.14257588851451874 -0.013387082517147065
leaf_weight=535 25 32 33 34 27 35 24 20 29 31 20 20 34 22 20 36 27 21 54 43 2216 55 20 40 55 47 32 80 25 28
leaf_count=535 25 32 33 34 27 35 24 20 29 31 20 20 34 22 20 36 27 21 54 43 2216 55 20 40 55 47 32 80 25 28
internal_value=3.18139e-11 -0.0114029 -0.00168641 0.0424818 -0.0261831 -0.0421701 -0.00283265 0.000682227 0.0176471 -0.0213393 0.00470761 -0.0585207 0.0514353 0.0751542 0.0228795 -0.000321124 -0.0267269 0.0238324 0.00036559 -0.0101191 0.00265071 0.02329 0.033645 0.0450856 0.0362237 0.00234519 0.0646248 0.084415 -0.0307278 -0.0743252
internal_weight=3720 210 185 66 119 92 59 3510 196 91 71 40 105 76 42 3314 84 48 3230 578 2652 436 382 327 307 140 167 135 93 53
internal_count=3720 210 185 66 119 92 59 3510 196 91 71 40 105 76 42 3314 84 48 3230 578 2652 436 382 327 307 140 167 135 93 53
is_linear=0
shrinkage=0.05


Tree=176
num_leaves=31
num_cat=0
split_feature=7 7 7 3 3 7 8 3 3 2 3 7 3 7 4 3 7 7 0 8 1 1 3 0 8 5 0 0 8 8
split_gain=10.7359 96.0433 73.6837 144.153 75.4428 107.235 107.342 69.43 66.5753 69.3211 105.472 96.7703 63.3405 67.9243 79.2944 82.0979 67.0201 116.304 103.771 91.8729 73.1209 90.9482 116.598 184.159 115.636 91.4721 142.89 138.774 145.64 139.659
threshold=0.31339541316093561 0.32003592499342454 0.29368031481261309 7.6547524895684349 4.7056197405715974 0.087752228315040606 2.5000000000000004 5.9920582360956711 3.1997023671109126 11.500000000000002 4.0059303218556899 0.20957504761969256 4.898979485566362 0.27015960959192747 15.995030624743313 5.8858179594575697 0.23072550352129315 0.22430453485630661 15.500000000000002 2.5000000000000004 7.5000000000000009 10.500000000000002 6.8033605141660898 14.500000000000002 3.5000000000000004 13.231738944049093 18.500000000000004 14.500000000000002 2.5000000000000004 4.5000000000000009
decision_type=2 2 2 2 2 2 2 2 2 2 2 2 2 2 2 2 2 2 2 2 2 2 2 2 2 2 2 2 2 2
left_child=2 -2 4 7 5 6 -1 -4 -7 -10 -11 -12 -6 16 15 -15 17 20 -18 -20 -14 22 24 -24 -22 -23 27 -27 -29 -30
right_child=1 -3 3 -5 12 8 -8 -9 9 10 11 -13 13 14 -16 -17 18 -19 19 -21 21 25 23 -25 -26 26 -28 28 29 -31
leaf_value=0.10458742448916802 -0.090929612517356873 -0.00089313924793029396 0.048164455736837086 -0.055877573314038191 0.065231264001408287 0.026390379991220392 -0.042051082414885366 0.16430648467926817 -0.13687925846488389 -0.11265334512506214 -0.059967503001292548 0.076350915723520776 -0.029618265074319569 0.013824681304395198 0.043421057434309102 -0.10973993939597433 0.077647783766899792 -0.1144083376752124 0.047815581560134893 -0.080597834976819854 0.16803976114719146 -0.046760956895879557 -0.11142443337223747 0.07318718444023814 0.023509074784815315 0.01098528971347297 -0.027489880300040199 0.017215061442154209 0.23331263246743578 0.054968881039392382
leaf_weight=26 30 2332 31 22 43 23 24 22 27 35 30 23 130 20 21 41 77 21 30 26 31 79 22 35 25 248 161 41 23 21
leaf_count=26 30 2332 31 22 43 23 24 22 27 35 30 23 130 20 21 41 77 21 30 26 31 79 22 35 25 248 161 41 23 21
internal_value=-1.41388e-10 -0.0020367 0.00354248 0.0517138 0.000726543 -0.0285348 0.0342009 0.0963744 -0.0512651 -0.0667962 -0.0452934 -0.000810453 0.0057504 0.00331915 -0.0403781 -0.0692269 0.00701314 0.00177413 0.0399835 -0.0118049 0.00476412 0.0112797 0.0522759 0.00193358 0.103517 0.00319497 0.0111839 0.029882 0.0850159 0.148194
internal_weight=3720 2362 1358 75 1283 188 50 53 138 115 88 53 1095 1052 82 61 970 837 133 56 816 686 113 57 56 573 494 333 85 44
internal_count=3720 2362 1358 75 1283 188 50 53 138 115 88 53 1095 1052 82 61 970 837 133 56 816 686 113 57 56 573 494 333 85 44
is_linear=0
shrinkage=0.05


Tree=177
num_leaves=31
num_cat=0
split_feature=7 5 2 9 2 5 4 5 7 0 1 2 4 9 1 4 0 3 3 4 4 3 2 3 3 4 8 5 7 7
split_gain=10.3611 54.2669 67.0413 79.3853 39.3105 69.5917 58.3255 23.4093 21.6952 93.2054 79.1208 132.217 59.6646 55.8859 94.8561 29.8967 23.5386 58.6066 30.9315 134.754 112.288 85.1852 129.724 92.2941 57.9738 142.119 151.176 54.6674 41.4289 40.5966
threshold=0.81560440812257118 12.78901861878987 14.071428571428573 3.5000000000000004 17.785714285714288 15.542089947645099 15.658689860371426 14.711238397240932 0.77279574640276405 14.500000000000002 9.5000000000000018 13.214285714285717 15.927495168057996 2.5000000000000004 17.500000000000004 13.909566044065995 30.500000000000004 10.889049979098727 9.5518634432290366 15.5939316892352 14.324538393890881 9.2027405893447192 15.642857142857144 9.0672085119855605 8.7858106539118186 14.108016738453204 3.5000000000000004 15.743093133239752 0.37116367046161153 0.75270044168274863
decision_type=2 2 2 2 2 2 2 2 2 2 2 2 2 2 2 2 2 2 2 2 2 2 2 2 2 2 2 2 2 2
left_child=8 -2 3 -3 5 6 7 -4 16 10 -10 -12 -13 -11 15 -15 17 18 21 20 28 23 -23 24 29 -26 -27 -21 -20 -1
right_child=1 2 4 -5 -6 -7 -8 -9 9 13 11 12 -14 14 -16 -17 -18 -19 19 27 -22 22 -24 -25 25 26 -28 -29 -30 -31
leaf_value=-0.00033233080318137019 -0.085089233382181689 -0.012757804687764194 -0.0073307737115431912 0.094786830077646309 0.033882140708358398 -0.10053929606031986 0.056720175831155344 -0.081134364252821334 -0.10807103760540487 -0.010143804986929073 0.082022551417110429 -0.11661583364009859 0.0055158412456512455 0.081478024985302586 0.0093569213414893444 0.16594368226826192 -0.038434102963656187 0.078001927956938749 -0.075596157145564974 0.064745965835295224 -0.16758366240696476 0.12373726504189629 -0.0046092959245045981 -0.092759748520674534 -0.052326018316671254 0.13506157299460367 -0.0072131002180729851 -0.021235961653292182 0.021538519007819043 -0.039711066660360061
leaf_weight=2828 22 37 22 32 23 31 22 21 20 29 31 20 20 22 34 20 40 24 23 38 22 35 45 27 32 43 33 36 21 67
leaf_count=2828 22 37 22 32 23 31 22 21 20 29 31 20 20 22 34 20 40 24 23 38 22 35 45 27 32 43 33 36 21 67
internal_value=1.19482e-11 -0.0107881 -0.00209332 0.037118 -0.0248293 -0.0388956 -0.00949623 -0.0433744 0.000645444 0.0168094 -0.0202277 0.00451689 -0.05555 0.0489081 0.0714411 0.1217 -0.000310539 0.000155234 -0.000419633 -0.0234099 -0.0753522 0.0006153 0.0515423 -0.000729308 9.81385e-05 0.0360665 0.0732844 0.0229169 -0.0292364 -0.00124369
internal_weight=3720 210 188 69 119 96 65 43 3510 196 91 71 40 105 76 42 3314 3274 3250 140 66 3110 80 3030 3003 108 76 74 44 2895
internal_count=3720 210 188 69 119 96 65 43 3510 196 91 71 40 105 76 42 3314 3274 3250 140 66 3110 80 3030 3003 108 76 74 44 2895
is_linear=0
shrinkage=0.05


Tree=178
num_leaves=31
num_cat=0
split_feature=3 7 2 1 2 7 0 3 1 7 3 2 4 5 3 5 4 7 3 3 3 3 8 7 7 0 3 5 2 2
split_gain=10.9691 14.5319 82.7468 93.5462 68.6086 55.4159 45.4803 50.843 28.092 27.7033 124.378 100.422 110.816 132.979 63.3158 54.5804 52.1046 49.5019 162.257 26.0507 115.555 79.4455 120.024 106.674 140.048 108.037 109.53 99.8374 111.783 84.6794
threshold=11.039964297125545 0.83589943869142747 12.357142857142859 7.5000000000000009 14.357142857142859 0.81560440812257118 18.500000000000004 7.2011896187582449 14.500000000000002 0.76183052268658635 5.1869800370506471 16.642857142857149 13.628526087437541 15.365516140166456 6.1798431490311865 13.659177539888379 14.655120353839704 0.75270044168274863 6.2943663397555518 4.9809159608975344 4.898979485566362 5.7569833370313974 1.0000000180025095e-35 0.099120481556777815 0.14898274817078697 13.500000000000002 5.5248340202785045 15.980903400726087 13.785714285714286 12.642857142857144
decision_type=2 2 2 2 2 2 2 2 2 2 2 2 2 2 2 2 2 2 2 2 2 2 2 2 2 2 2 2 2 2
left_child=1 5 -3 -4 -5 9 7 8 -7 17 -11 12 14 16 -12 -16 -14 19 -19 20 -1 22 -21 -24 -25 26 29 28 -27 -26
right_child=-2 2 3 4 -6 6 -8 -9 -10 10 11 -13 13 -15 15 -17 -18 18 -20 21 -22 -23 23 24 25 27 -28 -29 -30 -31
leaf_value=-0.0030668564502880952 -0.034422639401062681 -0.07097977541741872 0.12877086419612169 0.069105803593993195 -0.03404206804146892 0.052895378476629652 -0.088854489518950391 -0.076668931095098911 -0.027340187579393389 0.098827159681763407 -0.049426744150973506 0.071645445562899118 -0.1575597715874513 0.040916485112646353 0.095380044967168953 -0.0032207992672920226 -0.058718434994419415 -0.14812896446409551 0.048646161928772927 -0.047959041981785383 -0.088262477673070383 -0.0015457195401755075 -0.032747330118648034 0.17071496261283758 0.025247269356623293 0.025270167487588799 0.063978481165906223 -0.018084840336814522 0.11786745727993549 -0.071120657625977163
leaf_weight=535 23 21 22 28 38 24 30 22 20 39 21 40 24 23 32 25 30 22 20 54 43 2202 55 20 40 55 47 32 80 53
leaf_count=535 23 21 22 28 38 24 30 22 20 39 21 40 24 23 32 25 30 22 20 54 43 2202 55 20 40 55 47 32 80 53
internal_value=-8.37314e-11 0.000214152 0.0181995 0.0394809 0.00971764 -0.000332226 -0.037809 -0.0146065 0.0164247 0.000698064 0.0173156 0.00101328 -0.0172144 -0.059765 0.0247908 0.0521341 -0.102648 -0.00049546 -0.0544265 0.000208863 -0.00940494 0.0023153 0.0218152 0.0316786 0.0425148 0.0341629 0.00176775 0.0613206 0.0801426 -0.0296721
internal_weight=3720 3697 109 88 66 3588 96 66 44 3492 234 195 155 77 78 57 54 3258 42 3216 578 2638 436 382 327 307 140 167 135 93
internal_count=3720 3697 109 88 66 3588 96 66 44 3492 234 195 155 77 78 57 54 3258 42 3216 578 2638 436 382 327 307 140 167 135 93
is_linear=0
shrinkage=0.05


Tree=179
num_leaves=31
num_cat=0
split_feature=1 7 8 5 1 9 5 7 1 5 1 0 0 0 9 5 3 3 1 4 9 5 4 3 5 3 5 5 5 0
split_gain=10.4859 76.129 90.1369 82.2456 17.9904 84.1706 57.447 23.1128 46.7871 36.644 24.7031 83.085 88.5081 104.258 121.707 221.469 95.1696 154.006 87.8076 105.526 79.0521 103.23 136.149 187 133.98 107.26 101.685 97.6431 58.9048 53.7005
threshold=3.5000000000000004 0.56555386899886984 4.5000000000000009 14.856784611361913 4.5000000000000009 3.5000000000000004 14.791615773296838 0.85079024139261561 15.500000000000002 11.494123187890848 8.5000000000000018 13.500000000000002 11.500000000000002 10.500000000000002 3.5000000000000004 15.293161913695547 6.4475909122267234 8.5509648088763566 7.5000000000000009 14.937182215204741 2.5000000000000004 14.626956456219714 14.685789108264272 5.6103645582252941 15.48230648446158 7.1746909672954198 15.980903400726087 14.492146989661423 15.051173405337753 16.500000000000004
decision_type=2 2 2 2 2 2 2 2 2 2 2 2 2 2 2 2 2 2 2 2 2 2 2 2 2 2 2 2 2 2
left_child=1 2 3 -1 5 6 -2 9 -9 -6 11 12 13 14 18 16 -16 -18 19 -11 27 22 23 -22 29 -25 -26 -13 -14 -23
right_child=4 -3 -4 -5 7 -7 -8 8 -10 10 -12 20 28 -15 15 -17 17 -19 -20 -21 21 24 -24 25 26 -27 -28 -29 -30 -31
leaf_value=-0.080680878620062568 0.017354887543302593 -0.079937032255111271 0.10303909750655293 0.042816443555057052 0.059500481202625313 -0.036682816620324611 0.11902155904099346 0.0072841107074556686 -0.090712083237511787 -0.084895564632659612 0.0018807206721730019 -0.097731586183820454 -0.044683027764918601 0.071177417814971944 -0.021173776313662532 -0.11313823610544205 0.1897257663620015 0.0018610951304435732 -0.14095740829195297 0.039272932761481832 0.15601050503213298 -0.12621625775382633 0.17774199288338424 -0.078648754751550101 0.097977339798534235 0.057665295733345882 -0.011834232924430043 0.016624005082994702 -0.1446552837672441 -0.02747818991541863
leaf_weight=28 33 32 20 26 26 37 24 29 21 44 2835 35 41 31 23 25 24 20 28 28 22 21 20 31 37 27 49 40 23 40
leaf_count=28 33 32 20 26 26 37 24 29 21 44 2835 35 41 31 23 25 24 20 28 28 22 21 20 31 37 27 49 40 23 40
internal_value=-1.40327e-10 -0.0155004 0.0123641 -0.0212192 0.000454632 0.0220422 0.0601619 -0.000121854 -0.0338743 0.000364493 -8.19462e-05 -0.0092185 -0.0287803 -0.0139053 -0.0276426 0.0138607 0.0612484 0.104333 -0.0658257 -0.0366078 0.00821706 0.0218686 0.0610592 0.0318885 -0.00479173 -0.0151922 0.0354103 -0.0367419 -0.0806106 -0.06147
internal_weight=3720 106 74 54 3614 94 57 3520 50 3470 3444 609 287 223 192 92 67 44 100 72 322 247 100 80 147 58 86 75 64 61
internal_count=3720 106 74 54 3614 94 57 3520 50 3470 3444 609 287 223 192 92 67 44 100 72 322 247 100 80 147 58 86 75 64 61
is_linear=0
shrinkage=0.05


Tree=180
num_leaves=31
num_cat=0
split_feature=7 2 5 5 4 2 4 4 7 7 1 5 5 5 1 4 0 5 2 7 2 7 7 2 2 8 9 3 3 4
split_gain=9.96544 88.8806 72.1392 136.591 68.8359 52.5484 51.3892 44.2733 32.5754 45.1547 129.056 90.9007 185.55 93.9249 125.331 73.0933 76.717 44.2932 34.3758 33.8968 77.6878 61.0182 45.1538 55.67 67.4778 67.0111 43.3497 84.8311 145.275 78.3227
threshold=0.040506361211769308 13.214285714285717 14.637273632418633 15.068807265785582 19.094209991429775 14.642857142857144 15.458577190588926 11.581462411786573 0.099120481556777815 0.072912235634577174 8.5000000000000018 15.20290594617944 15.870697704509183 14.637273632418633 15.500000000000002 16.753913722354827 16.500000000000004 13.741398279849726 8.5000000000000018 0.10805101752054216 14.928571428571431 0.11758336274351622 0.12348188893391697 20.357142857142858 20.071428571428573 2.5000000000000004 2.5000000000000004 3.50509832753866 4.2983939414844778 16.022556090256071
decision_type=2 2 2 2 2 2 2 2 2 2 2 2 2 2 2 2 2 2 2 2 2 2 2 2 2 2 2 2 2 2
left_child=1 7 5 -4 6 -3 -5 -1 9 11 -11 13 -13 14 -2 16 17 -12 -10 20 -20 -21 -23 24 26 -25 27 -24 -29 -30
right_child=8 2 3 4 -6 -7 -8 -9 18 10 15 12 -14 -15 -16 -17 -18 -19 19 21 -22 22 23 25 -26 -27 -28 28 29 -31
leaf_value=0.0081405388699336487 0.070036482259691252 -0.11266540208210547 0.13104066088795663 0.019153075736193431 0.062330847730239239 -0.0069035370712694916 -0.078775519011793915 0.098658181407621934 0.064446706998915901 -0.15385970175266267 0.026388199024257208 0.1719296818971634 -0.02107422243465077 -0.12063380466266112 -0.074572564558736218 -0.098712549321353441 0.091991278072819122 -0.074048245212306157 0.10212410828471184 -0.058148120840390533 -0.030086938589811325 0.061537548291186496 0.069395813066512352 -0.002215397207496258 -0.08819041126831012 0.11494768482187522 0.0032089880465874486 -0.10525734758958585 0.00035373455682669638 -0.039122050401559222
leaf_weight=22 31 24 20 21 21 23 37 35 21 21 21 20 33 22 29 20 20 23 25 45 20 30 32 26 22 23 2270 41 560 162
leaf_count=22 31 24 20 21 21 23 37 35 21 21 21 20 33 22 29 20 20 23 25 45 20 30 32 26 22 23 2270 41 560 162
internal_value=-2.2905e-10 0.0107717 -0.00990048 0.014316 -0.0152346 -0.0609096 -0.0433186 0.0637215 -0.00062174 -0.018403 -0.0429946 0.000723905 0.0517574 -0.0322612 0.00014211 -0.0152784 0.0107948 -0.0261127 0.000680516 0.000269247 0.0433636 -0.000334692 0.000487041 -9.69885e-05 -0.000936298 0.0527795 -0.000310004 -0.0103579 -0.0137028 -0.00850371
internal_weight=3720 203 146 99 79 47 58 57 3517 240 105 135 53 82 60 84 64 44 3277 3256 45 3211 3166 3136 3087 49 3065 795 763 722
internal_count=3720 203 146 99 79 47 58 57 3517 240 105 135 53 82 60 84 64 44 3277 3256 45 3211 3166 3136 3087 49 3065 795 763 722
is_linear=0
shrinkage=0.05


Tree=181
num_leaves=31
num_cat=0
split_feature=1 1 0 7 1 4 5 3 8 2 2 4 7 4 7 3 4 3 5 7 7 7 7 7 3 2 4 4 8 5
split_gain=10.0274 31.3135 51.9068 75.7398 19.4428 60.9517 74.9146 25.5908 84.2856 82.8001 134.099 139.237 142.367 135.954 104.378 103.049 150.61 75.733 77.0257 75.6101 42.6955 32.8786 115.543 102.07 176.151 88.4588 82.1345 197.335 148.116 128.516
threshold=31.500000000000004 28.500000000000004 11.500000000000002 0.49582585643233962 26.500000000000004 13.044857386565626 15.080359808382605 4.4239607334862976 1.0000000180025095e-35 14.214285714285717 12.214285714285717 12.793446320290638 0.32932882441735312 11.326143496166738 0.38532528887812006 4.1604706010168817 14.879960130557428 4.5539031316283305 13.961244473129893 0.37463955187973802 0.30242799912791579 0.27015960959192747 0.2794752572107948 0.23072550352129315 5.4072262055600424 14.500000000000002 12.726647078949673 12.120126370213166 1.5000000000000002 13.315096015820664
decision_type=2 2 2 2 2 2 2 2 2 2 2 2 2 2 2 2 2 2 2 2 2 2 2 2 2 2 2 2 2 2
left_child=1 4 -3 -4 7 -6 -7 8 20 10 13 -12 -13 14 -10 16 -11 18 -9 -18 -1 23 25 26 -25 -23 27 28 -19 -29
right_child=-2 2 3 -5 5 6 -8 17 9 15 11 12 -14 -15 -16 -17 19 21 -20 -21 -22 22 -24 24 -26 -27 -28 29 -30 -31
leaf_value=0.030895141569467696 0.027439188144423744 -0.091105472430586823 0.057608837246894841 -0.06959485644421709 -0.03892768066790369 0.12252600426259248 0.0081953774157323342 -0.12925516320797412 -0.020299980640411379 -0.17841239213943483 0.18316317968780088 0.12195631539821626 -0.037289257440716032 -0.082929165909687685 0.11508214722077054 0.052112817484885457 -0.080924321813830025 0.094273055464990679 -0.011466378239648682 0.028249119392463141 0.12553712888197466 -0.16250089154578748 -0.0023672163916381153 0.17326448637506237 0.021685272267331249 -0.013790787234902383 -0.0080235077718119868 0.01521499412400382 -0.029716463918211283 0.17439988919068128
leaf_weight=26 33 25 25 22 27 23 38 23 35 20 21 25 32 42 24 28 29 31 35 35 22 20 2116 23 115 20 644 21 108 32
leaf_count=26 33 25 25 22 27 23 38 23 35 20 21 25 32 42 24 28 29 31 35 35 22 20 2116 23 115 20 644 21 108 32
internal_value=-1.0535e-10 -0.000245591 -0.0328959 -0.00193332 0.000404705 0.023619 0.0513036 -0.000174501 0.0128863 0.00276065 0.0238577 0.0731036 0.0325553 -0.0141738 0.0347707 -0.0309569 -0.0586468 -0.00156333 -0.0581757 -0.0212201 0.0742727 -0.000514286 -0.00395866 0.00711001 0.0469485 -0.0881458 0.000533803 0.0292364 -0.00206413 0.111327
internal_weight=3720 3687 72 47 3615 88 61 3527 339 291 179 78 57 101 59 112 84 3188 58 64 48 3130 2156 974 138 40 836 192 139 53
internal_count=3720 3687 72 47 3615 88 61 3527 339 291 179 78 57 101 59 112 84 3188 58 64 48 3130 2156 974 138 40 836 192 139 53
is_linear=0
shrinkage=0.05


Tree=182
num_leaves=31
num_cat=0
split_feature=1 4 7 0 9 3 2 7 4 4 0 0 5 3 1 8 1 1 7 7 5 0 5 0 0 4 4 4 5 4
split_gain=10.3629 69.9182 89.7032 70.9305 18.081 71.8211 191.083 167.317 52.9709 74.1384 49.3324 89.1789 192.978 102.685 139.668 106.684 117.568 102.907 84.8518 154.9 72.8666 80.8893 70.7221 188.922 107.909 100.139 76.6944 65.1355 97.9567 51.6888
threshold=3.5000000000000004 12.582888572752969 0.56909947381703241 17.500000000000004 4.5000000000000009 4.3861253103502671 14.214285714285717 0.28755196164259073 10.000331866990015 10.805421097268455 14.500000000000002 9.5000000000000018 13.71096735550047 7.0457685377819557 8.5000000000000018 3.5000000000000004 13.500000000000002 19.500000000000004 0.65139058313193499 0.59276329513865866 15.324396605496306 21.500000000000004 14.654020148029447 16.500000000000004 19.500000000000004 15.927495168057996 14.324538393890881 14.879960130557428 15.861016332347925 15.806088748560191
decision_type=2 2 2 2 2 2 2 2 2 2 2 2 2 2 2 2 2 2 2 2 2 2 2 2 2 2 2 2 2 2
left_child=1 -1 3 -3 -2 6 7 -6 -7 -10 11 13 -13 15 -15 16 -11 -16 19 22 21 -20 23 -12 27 26 -26 -24 -29 -14
right_child=4 2 -4 -5 5 8 -8 -9 9 10 18 12 29 14 17 -17 -18 -19 20 -21 -22 -23 24 -25 25 -27 -28 28 -30 -31
leaf_value=0.066288884977499643 0.0024915624093506446 0.037454502150798458 -0.11516726980637759 -0.076523288317202107 0.0074979975074529652 0.055261973061909275 -0.047284244526835051 0.20731786587698894 -0.092334717538739952 -0.11405892927199601 0.071207328960299493 0.14621115558106323 -0.019068370742930309 0.13183128379285336 -0.048622452828746582 -0.12633303569422827 0.036406185457835326 0.064643644515810339 0.0090899650910587024 -0.1417951992442531 -0.03221602419391275 0.13652288295328616 -0.11961406563287197 -0.10623854702649019 0.023847958624914845 -0.023603841476142407 0.14961202700029722 0.049690373069964926 -0.088926284652203327 0.037991482733001174
leaf_weight=21 2712 39 25 21 20 30 34 22 28 20 20 29 90 20 65 36 37 29 33 31 40 20 23 60 27 44 22 26 25 71
leaf_count=21 2712 39 25 21 20 30 34 22 28 20 20 29 90 20 65 36 37 29 33 31 40 20 23 60 27 44 22 26 25 71
internal_value=1.07199e-10 -0.0154092 -0.0355935 -0.00243772 0.000451959 -0.00568042 0.0408327 0.112166 -0.00996008 -0.0124182 -0.00950458 0.00274574 0.0274809 -0.019958 0.0118494 -0.0589477 -0.0163886 -0.0136787 -0.0226134 -0.0364437 0.0187289 0.0571779 -0.0232215 -0.0618771 -0.00470384 0.0311483 0.0803135 -0.0497612 -0.018259 0.00609467
internal_weight=3720 106 85 60 3614 902 76 42 826 796 768 397 190 207 114 93 57 94 371 278 93 53 247 80 167 93 49 74 51 161
internal_count=3720 106 85 60 3614 902 76 42 826 796 768 397 190 207 114 93 57 94 371 278 93 53 247 80 167 93 49 74 51 161
is_linear=0
shrinkage=0.05


Tree=183
num_leaves=31
num_cat=0
split_feature=3 5 5 7 5 3 7 8 2 2 7 2 3 5 1 5 3 4 7 2 5 4 5 3 2 8 2 4 7 8
split_gain=9.96323 15.9781 72.5418 114.495 143.148 85.6969 75.2762 82.6658 136.608 95.9052 117.793 96.8802 69.5829 67.4809 72.3853 64.1693 207.872 103.931 97.8363 82.3881 74.5848 64.2479 62.9095 202.839 67.9185 127.609 124.592 96.3211 103.46 63.6151
threshold=11.039964297125545 14.894500689213002 14.483575977798775 0.17578870404090757 14.728193832965118 4.1604706010168817 0.38268451244590385 2.5000000000000004 13.071428571428573 13.785714285714286 0.51743663576415433 15.928571428571431 7.7797043746761423 14.778150898082524 13.500000000000002 15.007739222948139 7.4097747539828704 15.134308845767416 0.53158523097013355 13.214285714285717 15.466273577182184 15.151068968585912 14.407976068519188 7.6966288229389912 15.785714285714286 4.5000000000000009 15.357142857142859 14.858027099328728 0.46235292041081527 5.5000000000000009
decision_type=2 2 2 2 2 2 2 2 2 2 2 2 2 2 2 2 2 2 2 2 2 2 2 2 2 2 2 2 2 2
left_child=1 2 22 4 -4 -5 -7 8 -8 -9 -11 -12 13 14 -10 16 18 -18 21 20 -17 -3 24 -24 26 27 29 -26 -29 -1
right_child=-2 15 3 5 -6 6 7 9 12 10 11 -13 -14 -15 -16 19 17 -19 -20 -21 -22 -23 23 -25 25 -27 -28 28 -30 -31
leaf_value=-0.0043755801387897666 -0.032806460041066875 -0.11751487011788414 -0.020836620770540895 -0.12982754406773231 0.1140726374462247 -0.070969986244055788 0.1362384295463562 -0.10526941273361445 -0.011392861305047637 0.08249550616989533 -0.0048341707814307444 -0.13853795178234579 0.062361214667558673 0.037460112323363624 -0.14145485375076533 -0.11007735393941404 0.21191903457045555 0.052658170745486316 0.059007324975344444 0.003623339873241762 -0.0012571127386763693 0.0020023641378983208 0.096305545705624607 -0.089637694060802464 -0.087266665302394408 -0.12443080933824663 0.082554414804945603 0.1258025784790516 -0.033097216628846675 0.025668018810314743
leaf_weight=1254 23 22 51 22 32 76 20 40 23 24 42 20 25 21 20 31 20 21 31 1427 32 23 55 20 21 31 47 20 21 205
leaf_count=1254 23 22 51 22 32 76 20 40 23 24 42 20 25 21 20 31 20 21 31 1427 32 23 55 20 21 31 47 20 21 205
internal_value=1.31484e-11 0.000204098 -0.00267822 -0.0213645 0.0311766 -0.0344603 -0.027714 -0.0137249 0.018159 -0.041307 -0.011557 -0.0479644 -0.00837573 -0.0360074 -0.0718868 0.00395273 0.0396082 0.130346 -0.00934271 0.00115294 -0.0548036 -0.0564283 0.00196543 0.0467207 -0.000133784 -0.0416016 0.00242697 -0.000186935 0.0444149 -0.000154238
internal_weight=3720 3697 2090 416 83 333 311 235 109 126 86 62 89 64 43 1607 117 41 76 1490 63 45 1674 75 1599 93 1506 62 41 1459
internal_count=3720 3697 2090 416 83 333 311 235 109 126 86 62 89 64 43 1607 117 41 76 1490 63 45 1674 75 1599 93 1506 62 41 1459
is_linear=0
shrinkage=0.05


Tree=184
num_leaves=31
num_cat=0
split_feature=1 1 0 2 4 4 8 5 4 7 7 3 2 6 4 7 5 4 2 2 2 4 4 5 1 1 3 2 3 3
split_gain=9.70451 63.7527 74.8455 89.2622 49.1165 134.174 86.6902 107.208 76.1146 60.2151 62.0083 58.1498 56.1459 74.6617 67.2234 143.532 96.0828 71.7603 58.6232 118.239 51.9803 50.0145 54.4413 63.0697 134.985 60.7234 42.8862 34.3279 32.6166 31.601
threshold=21.500000000000004 20.500000000000004 8.5000000000000018 12.642857142857144 12.664107451848221 11.382655915535119 3.5000000000000004 13.008593190174411 13.018793629486407 0.34366373378045939 0.51975123447133098 3.9218369359456084 12.500000000000002 1.0000000180025095e-35 15.374103592775327 0.21296351519888773 14.590649883729599 19.577981262407199 14.642857142857144 15.785714285714286 13.785714285714286 15.806088748560191 18.810705281048129 16.043660705057096 23.500000000000004 26.500000000000004 7.1746909672954198 15.214285714285717 7.1514234347336147 6.2163376255910707
decision_type=2 2 2 2 2 2 2 2 2 2 2 2 2 2 2 2 2 2 2 2 2 2 2 2 2 2 2 2 2 2
left_child=1 29 -3 -4 5 6 7 -2 -6 -7 -11 -10 -13 14 15 -14 -16 21 20 -20 -17 -18 23 25 -25 28 27 -5 -23 -1
right_child=4 2 3 26 8 9 -8 -9 11 10 -12 12 13 -15 16 18 17 -19 19 -21 -22 22 -24 24 -26 -27 -28 -29 -30 -31
leaf_value=0.0059445533514308913 -0.11499275117181243 0.10352496937397988 -0.074210131913423544 0.11385062868180483 0.07827619362261988 -0.016651780669006608 0.07512534155199925 0.041750406147912145 -0.081991866501894869 -0.15785452951159742 -0.051656728623701 -0.07470910950847294 -0.059994872599034701 0.081516790290673574 0.073280205584775951 0.042504833753292379 -0.098963237540989096 0.058866420281784876 -0.034366798047956663 0.10739164717185001 0.14248587798613768 -0.05789725825838421 -0.095071418821811679 -0.077434486963532195 0.076759610809385787 -0.11599864634600553 -0.0075065079411225661 0.025431495408217115 0.025426491505155965 -0.0046051839212782738
leaf_weight=1198 20 31 22 23 31 31 36 24 22 27 28 23 37 30 26 26 29 21 38 24 26 23 25 22 40 22 28 21 24 1742
leaf_count=1198 20 31 22 23 31 31 36 24 22 27 28 23 37 30 26 26 29 21 38 24 26 23 25 22 40 22 28 21 24 1742
internal_value=4.21505e-11 0.00118057 0.0361528 0.0139343 -0.00552433 -0.0290241 0.0175833 -0.0294965 0.00245309 -0.0723798 -0.10379 -0.00267904 0.00132298 0.00555721 -0.000392625 0.0255722 -0.0172922 -0.0287236 0.053344 0.0205074 0.0924954 -0.0386663 -0.0274573 -0.0145538 0.0220456 -0.0474402 0.0408673 0.0716506 -0.015349 -0.000306345
internal_weight=3720 3065 125 94 655 166 80 44 489 86 55 458 436 413 383 151 232 206 114 62 52 185 156 131 62 69 72 44 47 2940
internal_count=3720 3065 125 94 655 166 80 44 489 86 55 458 436 413 383 151 232 206 114 62 52 185 156 131 62 69 72 44 47 2940
is_linear=0
shrinkage=0.05


Tree=185
num_leaves=31
num_cat=0
split_feature=6 8 7 3 0 0 5 1 8 0 3 5 2 5 2 0 9 3 5 4 3 3 1 4 3 3 7 2 5 2
split_gain=10.0961 68.8671 84.2762 80.3729 77.223 51.4384 75.7016 83.031 52.07 50.081 30.9462 24.2394 96.2215 71.7574 139.416 155.105 124.749 76.8391 70.6042 66.4089 83.4916 60.7055 126.147 102.461 139.029 94.2648 62.1144 61.8295 58.5849 53.4944
threshold=1.0000000180025095e-35 1.5000000000000002 0.09073546456230587 7.8891124493250286 18.500000000000004 8.5000000000000018 15.018826939267624 10.500000000000002 3.5000000000000004 13.500000000000002 11.039964297125545 16.291758455811983 15.214285714285717 16.043660705057096 18.214285714285719 14.500000000000002 2.5000000000000004 7.5277265270908105 16.332466246636233 16.955665422582989 8.3623303810531215 7.4097747539828704 13.500000000000002 17.700556143879449 8.7858106539118186 6.6726154385997924 0.47260997402775179 19.357142857142858 16.596473823412129 18.928571428571434
decision_type=2 2 2 2 2 2 2 2 2 2 2 2 2 2 2 2 2 2 2 2 2 2 2 2 2 2 2 2 2 2
left_child=10 3 -3 4 9 -4 8 -8 -7 -2 11 13 -13 29 15 16 -15 -17 -14 20 28 22 25 -23 -25 -21 -24 -26 -20 -1
right_child=1 2 5 -5 -6 6 7 -9 -10 -11 -12 12 18 14 -16 17 -18 -19 19 21 -22 23 26 24 27 -27 -28 -29 -30 -31
leaf_value=0.0016051327738767461 -0.0074994249476326843 -0.083141435818238699 0.081481207508979178 -0.12809319042346695 0.064398777745664118 -0.074638086662162095 -0.031296862555401671 0.092020403063641149 0.012460817940331796 -0.11045162833872296 -0.059782889130569644 -0.11750551007688047 -0.087761710118502381 -0.021267354772204445 0.13241968978196383 -0.082074570432305344 0.13288071978305069 0.0218749538064003 0.029796072395275472 0.01629445733542138 -0.02209275129561623 -0.14040965121239424 -0.07833772735335888 -0.0719553392942784 0.095525361238806339 0.13646335621178149 0.013414315461580242 -0.020464454293251041 0.14392455166036433 -0.056621906916843726
leaf_weight=2846 27 22 29 22 20 32 21 39 37 21 21 20 24 21 30 40 35 32 23 47 30 20 39 53 27 25 35 20 22 40
leaf_count=2846 27 22 29 22 20 32 21 39 37 21 21 20 24 21 30 40 35 32 23 47 30 20 39 53 27 25 35 20 22 40
internal_value=1.15105e-11 -0.00931114 0.00854465 -0.0450227 -0.018147 0.0213111 0.00778444 0.0488594 -0.0279329 -0.052541 0.000728698 0.00109928 -0.0107213 0.00259433 0.0354039 0.0126658 0.0750752 -0.0358748 -0.00487011 0.0009639 0.0425182 -0.0107525 0.0109024 -0.0370994 -0.0164374 0.0580198 -0.0349415 0.046168 0.0855922 0.000798105
internal_weight=3720 270 180 90 68 158 129 60 69 48 3450 3429 385 3044 158 128 56 72 365 341 75 266 146 120 100 72 74 47 45 2886
internal_count=3720 270 180 90 68 158 129 60 69 48 3450 3429 385 3044 158 128 56 72 365 341 75 266 146 120 100 72 74 47 45 2886
is_linear=0
shrinkage=0.05


Tree=186
num_leaves=31
num_cat=0
split_feature=1 1 4 7 1 7 7 0 4 8 4 9 2 1 3 3 4 7 7 4 3 0 5 7 0 0 5 5 7 5
split_gain=9.90288 28.9816 46.8736 37.5174 17.5571 55.7823 112.449 61.3572 25.5114 106.2 87.7109 69.8665 107.316 74.2563 54.4318 117.854 47.4549 47.439 47.4162 97.3096 82.6021 35.7875 35.0464 110.565 118.133 143.938 154.928 105.637 144.841 105.488
threshold=31.500000000000004 28.500000000000004 15.753780806648265 0.49582585643233962 26.500000000000004 0.20042780527416262 0.43536188261105441 17.500000000000004 11.005468809243625 5.5000000000000009 10.049380507584218 4.5000000000000009 10.928571428571431 21.500000000000004 6.049399492719167 6.7188434378884914 11.10378243491982 0.85543657113539207 0.46235292041081527 9.8990604432868619 4.7759317216145121 13.500000000000002 13.315096015820664 0.18817418234286687 21.500000000000004 9.5000000000000018 12.951608688134103 13.488134550659803 0.3399373058190811 12.68823578906972
decision_type=2 2 2 2 2 2 2 2 2 2 2 2 2 2 2 2 2 2 2 2 2 2 2 2 2 2 2 2 2 2
left_child=1 4 3 -3 8 -6 -7 -8 9 11 -11 13 -13 14 18 -16 -10 22 19 -1 -21 -17 23 29 25 -25 -27 28 -24 -18
right_child=-2 2 -4 -5 5 6 7 -9 16 10 -12 12 -14 -15 15 21 17 -19 -20 20 -22 -23 27 24 -26 26 -28 -29 -30 -31
leaf_value=-0.0360166755815347 0.027268354098002118 0.035834764519061611 -0.096706216186285027 -0.049105717936673988 -0.050961978584527973 0.14363971576094628 -0.045249969964580881 0.069414600729942322 0.063733700712521865 -0.0056172723926249009 -0.14186396645726981 -0.0054579185694456104 0.13751484538827624 -0.095623494610190402 -0.13358506404540757 0.053056407787583096 0.033544112691389662 0.061125722248107195 -0.024705447801030601 0.015341701433062556 0.15427963850290882 -0.032853008530758045 0.02852396353294975 -0.0024121095293334555 -0.077200266656776276 0.013377827463241725 0.1161869122835231 -4.2349994015032385e-05 -0.092426839779118003 -0.077495241110975097
leaf_weight=24 33 26 20 26 20 20 28 20 30 21 27 35 21 25 22 22 35 32 39 20 23 27 38 119 24 65 84 2668 71 55
leaf_count=24 33 26 20 26 20 20 28 20 30 21 27 35 21 25 22 22 35 32 39 20 23 27 38 119 24 65 84 2668 71 55
internal_value=-8.42446e-12 -0.000244062 -0.0316551 -0.00663548 0.000381553 0.0224414 0.0440307 0.00252693 -0.00016885 -0.0139654 -0.082256 -0.00126012 0.0481569 -0.0149599 -0.00356672 -0.0374459 0.00114184 0.000553386 0.019126 0.0446398 0.0896573 0.00571857 -6.01985e-05 0.0141393 0.0290733 0.0385904 0.0713373 -0.00201346 -0.0502605 -0.0343133
internal_weight=3720 3687 72 52 3615 88 68 48 3527 306 48 258 56 202 177 71 3221 3191 106 67 43 49 3159 382 292 268 149 2777 109 90
internal_count=3720 3687 72 52 3615 88 68 48 3527 306 48 258 56 202 177 71 3221 3191 106 67 43 49 3159 382 292 268 149 2777 109 90
is_linear=0
shrinkage=0.05


Tree=187
num_leaves=31
num_cat=0
split_feature=3 3 5 2 2 4 0 0 0 5 3 5 7 9 2 3 1 4 1 3 1 8 3 4 5 3 1 3 2 7
split_gain=9.66664 117.723 73.4422 65.3666 81.8794 50.5087 91.8002 92.1922 79.1349 99.5339 89.5492 111.271 59.0921 64.3322 93.6542 48.9173 95.7299 93.9807 98.1376 94.0275 83.9951 59.1407 108.033 97.5616 61.7655 48.3826 90.3587 89.6646 91.9437 88.9566
threshold=8.7858106539118186 8.9176119222137604 15.542089947645099 11.642857142857144 13.214285714285717 16.359430279893179 7.5000000000000009 12.500000000000002 17.500000000000004 16.359734658383491 10.179344164485626 16.459074711671622 0.20276527499251709 2.5000000000000004 14.642857142857144 8.1998838551588875 8.5000000000000018 18.898102492529613 23.500000000000004 8.2865352631040405 6.5000000000000009 1.5000000000000002 8.4571745635211268 15.044981300916469 15.254076892893094 7.7120808136449526 24.500000000000004 7.6110819849777114 14.357142857142859 0.48611518252852687
decision_type=2 2 2 2 2 2 2 2 2 2 2 2 2 2 2 2 2 2 2 2 2 2 2 2 2 2 2 2 2 2
left_child=15 2 -2 -3 -5 6 -6 -8 10 -10 11 -7 -9 -14 -15 25 20 18 19 -18 -17 -21 -23 -24 -25 27 29 -1 -29 -27
right_child=1 3 -4 4 5 8 7 12 9 -11 -12 -13 13 14 -16 16 17 -19 -20 21 -22 22 23 24 -26 26 -28 28 -30 -31
leaf_value=0.00018651792760229752 0.023299676179885865 -0.090774438790977005 0.13848202119115741 0.074842298286301748 0.061666748369181602 0.0034462141484254971 -0.10592256913843907 -0.075651625423662133 0.1347698141175967 -0.0010886393221361298 0.083291271754673546 -0.12094706869125367 0.080967686839756525 0.061930614709854129 -0.063068676826565764 -0.017752310478438935 -0.098770525991916658 -0.10073458142578602 0.098810342295716211 0.063943232026170291 -0.14870650003850461 -0.084319982613836025 0.08193094827648667 -0.090971799922131363 0.028910808265209198 0.0020372484213648698 -0.057015509647982465 0.019442013651132586 -0.097738880917746976 0.057042020834687596
leaf_weight=2589 31 20 25 35 27 64 38 31 26 28 21 25 21 23 43 24 25 24 24 34 25 35 36 21 22 156 35 26 47 139
leaf_count=2589 31 20 25 35 27 64 38 31 26 28 21 25 21 23 43 24 25 24 24 34 25 35 36 21 22 156 35 26 47 139
internal_value=5.95565e-11 0.00680214 0.0747204 -0.00265911 0.00195426 -0.00539756 -0.0234562 -0.038189 0.0147532 0.0643247 -0.00958184 -0.0314957 -0.0163765 0.00474451 -0.0195083 -0.000955052 -0.0213376 -0.00731869 0.00406193 -0.00908236 -0.0845657 0.00606767 -0.0111935 0.0212044 -0.0296365 0.000884281 0.0189428 -0.00135437 -0.0560032 0.0279548
internal_weight=3720 458 56 402 382 347 183 156 164 54 110 89 118 87 66 3262 270 221 197 173 49 148 114 79 43 2992 330 2662 73 295
internal_count=3720 458 56 402 382 347 183 156 164 54 110 89 118 87 66 3262 270 221 197 173 49 148 114 79 43 2992 330 2662 73 295
is_linear=0
shrinkage=0.05


Tree=188
num_leaves=31
num_cat=0
split_feature=7 7 0 0 7 9 1 0 7 8 7 4 4 5 5 0 8 3 7 2 5 2 0 2 0 4 3 8 1 3
split_gain=9.82888 89.7122 116.145 172.45 80.1367 126.412 129.433 208.295 92.261 66.9711 114.918 90.099 106.362 96.0121 89.8913 67.7934 65.3325 63.4194 210.201 84.984 246.374 125.872 106.73 80.1697 168.147 114.673 124.305 286.916 269.682 89.5005
threshold=0.31339541316093561 0.37116367046161153 21.500000000000004 24.500000000000004 0.35892245348370139 4.5000000000000009 17.500000000000004 8.5000000000000018 0.36351628482193138 5.5000000000000009 0.27426826952026812 11.223936175546941 14.072093326145575 15.068807265785582 15.820092460196117 12.500000000000002 4.5000000000000009 4.4239607334862976 0.45838697673384565 13.357142857142859 15.496290301695408 12.214285714285717 10.500000000000002 13.500000000000002 3.5000000000000004 14.685789108264272 7.3029674334022161 1.5000000000000002 7.5000000000000009 5.1869800370506471
decision_type=2 2 2 2 2 2 2 2 2 2 2 2 2 2 2 2 2 2 2 2 2 2 2 2 2 2 2 2 2 2
left_child=9 2 4 -4 5 6 7 -2 -6 -1 11 -11 15 -14 -15 -13 -9 18 -3 21 -21 22 -20 25 -25 26 29 -28 -29 -19
right_child=1 17 3 -5 8 -7 -8 16 -10 10 -12 12 13 14 -16 -17 -18 23 19 20 -22 -23 -24 24 -26 -27 27 28 -30 -31
leaf_value=-0.0011298484885925227 0.09236449312705261 0.13779290971449681 0.13887796039166658 -0.041820055486694457 -0.17307790191068007 0.052325911918241125 -0.1556919855475426 -0.10850459149728219 -0.035831298172473908 -0.080788435228168975 0.13305185744538903 0.15144885450347581 -0.083325101780118774 0.10288418483734132 -0.019846717892466365 0.040613710417135344 0.00010549498721957207 0.014421471121438248 0.071339806341207943 -0.096429578737857249 0.087534135817051203 0.14586004139412018 -0.073351426720619214 0.13989601718342823 0.0034758537632065809 -0.094632488489151012 0.13799761341408243 0.14503270035440272 -0.049051260645501318 -0.037511207115021539
leaf_weight=1165 26 36 23 31 24 36 25 45 25 21 24 22 27 25 37 37 20 112 26 52 28 21 25 23 1260 43 43 22 96 320
leaf_count=1165 26 36 23 31 24 36 25 45 25 21 24 22 27 25 37 37 20 112 26 52 28 21 25 23 1260 43 43 22 96 320
internal_value=2.4609e-10 -0.00194877 -0.0299591 0.0351439 -0.0474494 -0.0295243 -0.054926 -0.0272431 -0.103054 0.00338954 0.0306698 0.0161303 0.0298823 -0.00462923 0.0296415 0.0819421 -0.0750861 0.00144118 0.0291557 0.00342584 -0.0320423 0.0428349 0.000412731 -0.00127394 0.00592142 -0.0157891 -0.010072 0.0274267 -0.0128661 -0.0240472
internal_weight=3720 2362 255 54 201 152 116 91 49 1358 193 169 148 89 62 59 65 2107 188 152 80 72 51 1919 1283 636 593 161 118 432
internal_count=3720 2362 255 54 201 152 116 91 49 1358 193 169 148 89 62 59 65 2107 188 152 80 72 51 1919 1283 636 593 161 118 432
is_linear=0
shrinkage=0.05


Tree=189
num_leaves=31
num_cat=0
split_feature=1 7 8 5 9 3 2 7 7 7 2 3 1 5 2 7 0 7 1 7 2 5 7 5 3 5 4 5 3 3
split_gain=9.96324 64.4995 80.0967 71.9758 18.0828 61.9075 166.941 148.481 53.1127 68.7272 68.4626 90.7432 47.617 121.738 110.559 65.4935 129.746 127.932 121.505 87.8545 136.52 121.968 102.433 97.1633 93.4548 139.215 160.364 86.418 84.6402 206.588
threshold=3.5000000000000004 0.56555386899886984 4.5000000000000009 14.465370902369409 4.5000000000000009 4.3861253103502671 14.214285714285717 0.28755196164259073 0.83955413393916645 0.7346427192240329 14.500000000000002 6.4475909122267234 6.5000000000000009 14.080984461157408 15.214285714285717 0.20276527499251709 12.500000000000002 0.065758681759227611 10.500000000000002 0.57150216576176283 14.357142857142859 15.790873342820621 0.59276329513865866 13.231738944049093 7.5023805745719327 13.79422887277455 15.334793690251862 14.061619812856529 6.0670852812140286 6.9333543135894393
decision_type=2 2 2 2 2 2 2 2 2 2 2 2 2 2 2 2 2 2 2 2 2 2 2 2 2 2 2 2 2 2
left_child=1 2 3 -1 -2 6 7 -6 9 12 11 -11 13 -7 -15 16 17 -14 -17 20 23 -22 -21 -20 25 -24 -27 -18 -25 -30
right_child=4 -3 -4 -5 5 8 -8 -9 -10 10 -12 -13 15 14 -16 18 27 -19 19 22 21 -23 24 28 -26 26 -28 -29 29 -31
leaf_value=-0.088135556220684363 0.0024828587821993844 -0.074420274840667849 0.096014763638377187 0.02860328918022494 0.0055687617138028148 -0.060872094685004818 -0.044868290599654706 0.19380536275831137 -0.084578602534273406 0.0028475683182477953 -0.0042014508565332278 0.15000267760320143 -0.029351978066066903 0.16179011523723605 0.0089802343783707463 -0.080597141547926077 0.057408136998613683 0.1147456694654254 0.015450542133588058 0.12238115318119527 0.042613984015467885 -0.063310650594177703 -0.079636771986261012 -0.020629167663199562 -0.065302109084016569 0.15078064459065599 -0.026946044662459329 -0.050615477343492303 -0.23794355276226997 -0.056406613723153171
leaf_weight=23 2712 32 20 31 20 27 34 22 23 20 57 22 24 20 29 87 24 43 26 20 77 42 20 28 37 30 22 81 25 42
leaf_count=23 2712 32 20 31 20 27 34 22 23 20 57 22 24 20 29 87 24 43 26 20 77 42 20 28 37 30 22 81 25 42
internal_value=2.08515e-11 -0.0151091 0.0105389 -0.0211188 0.000443157 -0.00568952 0.0374944 0.104169 -0.00966285 -0.00751707 0.0314902 0.0799288 -0.0130025 0.0243774 0.0713516 -0.0175261 0.00876487 0.0631286 -0.0274429 -0.0149106 -0.0327972 0.00522882 0.0183668 -0.0701948 -0.000718414 0.0324704 0.0755886 -0.0259244 -0.0936346 -0.124144
internal_weight=3720 106 74 54 3614 902 76 42 826 803 99 42 704 76 49 628 172 67 456 369 240 119 129 121 109 72 52 105 95 67
internal_count=3720 106 74 54 3614 902 76 42 826 803 99 42 704 76 49 628 172 67 456 369 240 119 129 121 109 72 52 105 95 67
is_linear=0
shrinkage=0.05


Tree=190
num_leaves=31
num_cat=0
split_feature=7 2 5 5 4 2 4 4 7 7 3 7 5 1 5 2 2 7 5 7 3 0 3 5 3 3 5 4 4 2
split_gain=9.90059 74.3036 64.9054 115.892 62.5479 46.9828 45.6425 38.287 29.2677 27.9119 184.169 52.8818 93.5434 122.986 63.0927 30.2791 30.0264 115.386 82.6585 64.6152 59.9416 93.1133 71.5083 64.3039 54.937 82.8379 54.4529 47.4267 38.6058 91.5946
threshold=0.040506361211769308 13.214285714285717 14.637273632418633 15.068807265785582 19.094209991429775 14.642857142857144 15.458577190588926 11.581462411786573 0.050315332460686611 0.065758681759227611 6.2373681873657283 0.099120481556777815 13.417928062306226 10.500000000000002 15.339917042936726 8.5000000000000018 11.071428571428573 0.54832137687450644 13.726329287863278 0.46235292041081527 4.4801077021290761 4.5000000000000009 3.9218369359456084 12.820273303241324 5.1269595556932535 6.9178848654488103 12.271820427177964 10.436263422837783 11.10378243491982 12.642857142857144
decision_type=2 2 2 2 2 2 2 2 2 2 2 2 2 2 2 2 2 2 2 2 2 2 2 2 2 2 2 2 2 2
left_child=1 7 5 -4 6 -3 -5 -1 -2 10 -10 12 -11 -14 -15 -13 17 19 24 20 22 -22 -17 26 27 -26 -23 -19 29 -18
right_child=8 2 3 4 -6 -7 -8 -9 9 11 -12 15 13 14 -16 16 28 18 -20 -21 21 23 -24 -25 25 -27 -28 -29 -30 -31
leaf_value=0.0074631164697083561 -0.040684363510873588 -0.10548691811660926 0.12232267290353777 0.019690747631691576 0.061524157403480439 -0.0054825570272362747 -0.072600025885008482 0.091638956985303333 -0.085671930866582063 0.065610111966019583 0.097986924364112132 0.060414579936436244 -0.12888881752596182 -0.047953468933701518 0.045140972573842322 -0.013483756110072138 0.052496601537811563 -0.0053363195061683659 0.11235571957769848 -0.11238121592474204 -0.10007233104922555 0.0068057182644094749 -0.14718891851603985 -0.03628245453749384 -0.071981039109002595 0.046673104376532139 0.11331558422673316 0.10355204094201327 0.00056326012161449462 -0.061190754717046575
leaf_weight=22 45 24 20 21 21 23 37 35 21 21 39 21 34 52 28 20 91 20 21 27 22 28 20 35 38 24 21 20 2847 22
leaf_count=22 45 24 20 21 21 23 37 35 21 21 39 21 34 52 28 20 91 20 21 27 22 28 20 35 38 24 21 20 2847 22
internal_value=1.52952e-10 0.0107366 -0.00816452 0.0148057 -0.0124138 -0.0565486 -0.0391844 0.05915 -0.000619713 -0.000100442 0.0337063 -0.000694934 -0.0313633 -0.0492268 -0.0153704 0.000568485 0.0001825 -0.0150013 0.0220216 -0.0413239 -0.0281832 -0.00850273 -0.0803363 0.0154798 0.00342343 -0.0260504 0.0524528 0.0491079 0.00170088 0.0303628
internal_weight=3720 203 146 99 79 47 58 57 3517 3472 60 3412 135 114 80 3277 3256 296 123 173 146 106 40 84 102 62 49 40 2960 113
internal_count=3720 203 146 99 79 47 58 57 3517 3472 60 3412 135 114 80 3277 3256 296 123 173 146 106 40 84 102 62 49 40 2960 113
is_linear=0
shrinkage=0.05


Tree=191
num_leaves=31
num_cat=0
split_feature=4 3 4 1 7 7 2 8 8 7 5 5 7 5 3 5 3 3 2 2 8 7 4 3 7 5 7 9 0 2
split_gain=9.50171 22.2581 17.0122 151.995 66.9985 62.6272 33.7779 59.0925 42.3911 119.305 19.8688 63.6396 108.965 124.821 74.6798 67.4578 161.171 127.039 64.1098 91.9787 98.3429 238.99 180.794 129.721 122.508 97.874 95.5621 117.295 91.9792 89.9988
threshold=8.7755174676652885 11.039964297125545 10.049380507584218 9.5000000000000018 0.57150216576176283 0.35404186965611922 10.357142857142859 4.5000000000000009 1.0000000180025095e-35 0.41856757364393143 14.894500689213002 14.483575977798775 0.17578870404090757 14.728193832965118 4.1604706010168817 14.382378130677905 7.8437108762113441 6.9710282727036583 15.785714285714286 15.500000000000002 5.5000000000000009 0.51975123447133098 11.223936175546941 9.3401335771013105 0.64486619353600794 13.375670711973092 0.38268451244590385 3.5000000000000004 24.500000000000004 16.214285714285719
decision_type=2 2 2 2 2 2 2 2 2 2 2 2 2 2 2 2 2 2 2 2 2 2 2 2 2 2 2 2 2 2
left_child=-1 2 3 -2 5 -5 7 8 -4 -10 11 15 13 -13 -14 18 17 -17 19 20 23 22 -22 28 -23 -26 27 -24 -8 -20
right_child=1 -3 6 4 -6 -7 10 -9 9 -11 -12 12 14 -15 -16 16 -18 -19 29 -21 21 24 26 -25 25 -27 -28 -29 -30 -31
leaf_value=0.028025416756669683 0.083559242931992891 -0.050370153039693832 -0.010142436549067498 -0.03939706308936531 0.022335268060366315 -0.13980639465153219 -0.0070340645800217082 -0.045431251022964719 0.0053961358698351048 0.1573167834430933 0.0039720946454627447 -0.018764229629188778 -0.12746927734464406 0.10769801447167993 -0.027773827298402692 0.032224746498296847 -0.067696398267379179 0.16895931500941516 -0.11690485421568156 0.092513522588544422 -0.057371728867292408 -0.14212599865027839 0.14600846043654853 0.084123801753709204 -0.066993962025100537 0.085833674073219304 0.20521324504166844 0.016561708162937849 -0.087356087807062513 -0.0086270210073619603
leaf_weight=30 28 22 20 44 24 24 971 20 28 24 1606 50 20 32 309 53 26 25 28 27 20 21 35 38 22 20 20 35 37 61
leaf_count=30 28 22 20 44 24 24 971 20 28 24 1606 50 20 32 309 53 26 25 28 27 20 21 35 38 22 20 20 35 37 61
internal_value=-3.90054e-11 -0.000227849 7.28955e-05 -0.0184427 -0.0494867 -0.0748357 0.000699126 0.0306002 0.0517201 0.0755134 -9.68522e-05 -0.00362914 -0.0209814 0.0305869 -0.0338343 0.00132694 0.0401133 0.0760499 -0.00169462 0.00123376 -0.000788024 0.0341326 0.0786071 -0.00656362 -0.0435213 0.0057811 0.108825 0.0812851 -0.00998239 -0.042692
internal_weight=3720 3690 3668 120 92 68 3548 92 72 52 3456 1850 411 82 329 1439 104 78 1335 1246 1219 173 110 1046 63 42 90 70 1008 89
internal_count=3720 3690 3668 120 92 68 3548 92 72 52 3456 1850 411 82 329 1439 104 78 1335 1246 1219 173 110 1046 63 42 90 70 1008 89
is_linear=0
shrinkage=0.05


Tree=192
num_leaves=31
num_cat=0
split_feature=1 4 4 0 2 9 3 2 7 3 3 1 3 3 7 7 2 3 3 4 2 2 7 3 1 4 7 7 3 5
split_gain=9.32513 61.3073 77.2033 72.6805 20.886 16.3717 56.436 150.501 135.057 49.6655 53.8219 142.103 98.2119 73.9116 61.2632 96.2078 94.2809 61.0567 134.431 130.591 116.654 138.804 201.171 112.325 123.243 96.723 81.0571 110.143 74.7795 85.826
threshold=3.5000000000000004 12.582888572752969 17.2583076554304 16.500000000000004 14.214285714285717 4.5000000000000009 4.3861253103502671 14.214285714285717 0.28755196164259073 4.7056197405715974 5.1570565991016029 13.500000000000002 5.3363086938623168 5.563486402641872 0.83589943869142747 0.7346427192240329 14.500000000000002 7.0643302516772204 7.4097747539828704 14.545648438279873 11.214285714285717 14.500000000000002 0.32003592499342454 7.631388814501288 6.5000000000000009 12.957133205317712 0.39194000381101007 0.47923963526106056 6.517376042257383 15.378322375108199
decision_type=2 2 2 2 2 2 2 2 2 2 2 2 2 2 2 2 2 2 2 2 2 2 2 2 2 2 2 2 2 2
left_child=1 -1 3 4 -3 -2 7 8 -7 -8 11 -11 -12 -14 15 17 -17 20 19 -19 -15 22 -22 -20 -25 -24 -26 -28 29 -23
right_child=5 2 -4 -5 -6 6 9 -9 -10 10 12 -13 13 14 -16 16 -18 18 23 -21 21 28 25 24 26 -27 27 -29 -30 -31
leaf_value=0.061884731196221857 0.0023695331139134239 -0.059501221179962163 0.052387546375393869 -0.13386738300323486 0.010362730337225873 0.005093730147928 -0.073474620128500048 -0.042377181964762076 0.18461977690458298 0.12172577075460661 -0.11477681005542928 -0.027570512568628466 0.061292859640073132 0.064702599155358406 -0.095349633338905518 0.11464422483896386 0.0021257586454829342 0.12608716361638572 -0.098292907287140158 -0.019379700085631127 0.0014429247964705741 0.091021852602285375 -0.094148489336172744 0.091936332501214135 0.015313485156123838 -0.22453174597024916 -0.13117411126350534 -0.017432745133992286 -0.060461451875125166 -0.022218316725709224
leaf_weight=21 2712 20 20 22 23 20 29 34 22 28 22 37 37 26 21 29 52 36 37 27 35 27 33 29 96 25 29 80 47 44
leaf_count=21 2712 20 20 22 23 20 29 34 22 28 22 37 37 26 21 29 52 36 37 27 35 27 33 29 96 25 29 80 47 44
internal_value=-1.00943e-10 -0.0146173 -0.0335178 -0.0599502 -0.0221321 0.000428731 -0.00540659 0.0358248 0.0991312 -0.00920027 -0.00686156 0.0367417 -0.0107334 -0.00750956 -0.0112922 -0.00858478 0.0424101 -0.0158187 -0.00204602 0.0637442 -0.0352284 -0.0475422 -0.0932225 -0.0173404 -0.00454026 -0.150348 -0.0181882 -0.0476942 -0.0115399 0.0208448
internal_weight=3720 106 85 65 43 3614 902 76 42 826 797 65 732 710 673 652 81 571 334 63 237 211 93 271 234 58 205 109 118 71
internal_count=3720 106 85 65 43 3614 902 76 42 826 797 65 732 710 673 652 81 571 334 63 237 211 93 271 234 58 205 109 118 71
is_linear=0
shrinkage=0.05


Tree=193
num_leaves=31
num_cat=0
split_feature=1 0 5 4 5 4 4 3 3 3 5 4 0 5 3 3 3 0 9 9 3 5 1 2 3 2 5 0 5 2
split_gain=9.22308 68.7425 68.5186 117.079 87.8404 122.005 81.9874 81.923 192.151 121.272 118.011 155.414 144.066 136.471 191.295 147.107 104.564 101.779 102.433 95.9975 114.085 81.9642 76.0744 73.6226 73.1652 66.7628 104.754 61.7763 52.6535 139.641
threshold=8.5000000000000018 24.500000000000004 16.498026898258573 17.337805258350489 15.965178317552272 17.872574649303058 17.009895004831453 8.1737093054208803 7.7336617335854454 7.9041881604748268 14.820459052377052 16.539768811771065 7.5000000000000009 14.080984461157408 6.0808047693839553 6.8764608837478525 8.5007001359099181 11.500000000000002 4.5000000000000009 3.5000000000000004 4.8452234702013941 13.550681937761434 6.5000000000000009 17.928571428571434 4.898979485566362 13.785714285714286 14.931187728976022 5.5000000000000009 14.828526163035525 16.928571428571434
decision_type=2 2 2 2 2 2 2 2 2 2 2 2 2 2 2 2 2 2 2 2 2 2 2 2 2 2 2 2 2 2
left_child=1 2 3 6 5 -5 7 8 10 -10 12 17 27 14 19 24 -9 -12 22 20 -14 -16 -19 -4 -15 -18 -27 -1 -3 -30
right_child=-2 28 23 4 -6 -7 -8 16 9 -11 11 -13 13 15 21 -17 25 18 -20 -21 -22 -23 -24 -25 -26 26 -28 -29 29 -31
leaf_value=-0.0094765062169993638 0.0013300785152840159 -0.019554474949836732 -0.12883172382911046 0.10268536149745895 0.12137412289478655 -0.05674385599392865 -0.11215436406433583 -0.14473879149426586 0.18907660607248544 0.023891022324562073 0.00096131569395462675 0.080540327876806261 -0.08781286151636214 0.098923526186010122 -0.021504179479347338 0.17805638739466667 0.047996471044809925 -0.089254749374573727 -0.022275413347986238 0.11435220926068723 0.050657460049671289 -0.13046198867128364 -0.20552221760153772 -0.00063804026160921377 -0.018775919884923969 -0.12988007205228011 0.016363932669162751 -0.10345729626715183 0.1728800690593198 0.0023169482996066412
leaf_weight=34 2894 24 24 21 29 28 20 23 20 25 36 20 21 23 45 25 23 34 29 32 51 28 24 21 31 24 25 36 20 30
leaf_count=34 2894 24 24 21 29 28 20 23 20 25 36 20 21 23 45 25 23 34 29 32 51 28 24 21 31 24 25 36 20 30
internal_value=4.72671e-11 -0.00466011 -0.00918491 -0.00537721 0.0524027 0.011583 -0.0125423 -0.00927096 -0.001387 0.0973068 -0.0108566 -0.0487256 0.00575473 0.0231356 -0.00125363 0.0777797 -0.0519273 -0.0697445 -0.0990021 0.0422955 0.0102703 -0.0632962 -0.137365 -0.069008 0.0313553 -0.0222792 -0.0552658 -0.0578095 0.0413217 0.0705422
internal_weight=3720 826 752 707 78 49 629 609 514 45 469 143 326 256 177 79 95 123 87 104 72 73 58 45 54 72 49 70 74 50
internal_count=3720 826 752 707 78 49 629 609 514 45 469 143 326 256 177 79 95 123 87 104 72 73 58 45 54 72 49 70 74 50
is_linear=0
shrinkage=0.05


Tree=194
num_leaves=31
num_cat=0
split_feature=5 5 0 0 5 4 4 4 2 3 2 8 2 0 0 4 2 4 0 3 4 7 8 4 7 9 7 7 9 4
split_gain=9.03348 50.9818 96.0706 96.3907 79.2769 69.4775 68.4302 75.5623 60.5991 56.9278 51.282 136.177 117.341 158.236 105.698 85.1599 71.0067 96.397 74.8266 116.775 83.8557 81.2651 73.2334 244.242 106.463 105.661 240.252 134.008 74.2242 96.0317
threshold=14.894500689213002 14.483575977798775 4.5000000000000009 8.5000000000000018 14.554050132928563 14.685789108264272 17.095583060955651 16.069169918940464 16.071428571428573 3.3058370287123595 15.785714285714286 4.5000000000000009 15.071428571428573 19.500000000000004 15.500000000000002 15.207003296631548 14.785714285714286 15.151068968585912 3.5000000000000004 9.0672085119855605 12.356983091313497 0.5741544455555968 5.5000000000000009 11.807206169235227 0.38907274732114289 2.5000000000000004 0.50708339050671414 0.25806115405533631 3.5000000000000004 11.672347023524869
decision_type=2 2 2 2 2 2 2 2 2 2 2 2 2 2 2 2 2 2 2 2 2 2 2 2 2 2 2 2 2 2
left_child=1 9 -3 -4 5 -5 7 8 -6 -1 12 14 16 15 -12 -14 18 -18 21 22 -21 -11 28 24 -24 -25 27 -27 -20 -30
right_child=-2 2 3 4 6 -7 -8 -9 -10 10 11 -13 13 -15 -16 -17 17 -19 19 20 -22 -23 23 25 -26 26 -28 -29 29 -31
leaf_value=0.053749103113716723 0.0028052923602718909 0.086490723135925485 -0.077937017653637863 -0.10515168991528059 -0.0073063446884549677 0.0064998193220658744 0.085987592479657565 -0.073946906545677704 0.069330980523178973 -0.092674084912453381 -0.066766807337601972 -0.11968041555956006 0.053413943508092102 -0.028270536176860334 0.05673716692481099 0.17362293803061432 -0.10691241111074175 0.030692522786557676 -0.015678769931523735 0.014643050123144081 0.14045032365964011 0.024246260167463965 0.023677959769136378 0.18345407970249653 -0.09556067482783244 0.031414392081877365 -0.0670813121177532 0.18650406104822956 0.04260854681443637 -0.0054662208624960745
leaf_weight=51 1620 21 67 38 184 22 21 37 30 42 30 32 34 35 41 26 35 20 616 27 26 23 36 20 39 26 27 30 157 307
leaf_count=51 1620 21 67 38 184 22 21 37 30 42 30 32 34 35 41 26 35 20 616 27 26 23 36 20 39 26 27 30 157 307
internal_value=1.62481e-11 -0.00216408 -0.0177452 -0.0232313 -0.0121913 -0.0642128 -0.000715934 -0.00797001 0.00343721 0.00173119 0.000102639 -0.0340442 0.00240744 0.056219 0.00455239 0.105505 -0.00116495 -0.0568743 0.0010618 0.00365803 0.0763598 -0.0513023 0.000595081 0.0303108 -0.0383261 0.0802891 0.0554301 0.114498 -0.00430251 0.0108005
internal_weight=3720 2100 420 399 332 60 272 251 214 1680 1629 103 1526 95 71 60 1431 55 1376 1311 53 65 1258 178 75 103 83 56 1080 464
internal_count=3720 2100 420 399 332 60 272 251 214 1680 1629 103 1526 95 71 60 1431 55 1376 1311 53 65 1258 178 75 103 83 56 1080 464
is_linear=0
shrinkage=0.05


Tree=195
num_leaves=31
num_cat=0
split_feature=5 7 2 4 3 8 4 0 1 7 7 1 2 5 7 1 9 1 1 2 4 2 5 3 3 3 9 4 4 4
split_gain=9.48317 87.2962 30.728 19.4123 62.7825 173.679 72.8459 132.419 58.6023 73.7577 27.8523 68.5472 75.1716 34.2239 33.7816 44.3489 107.674 26.3141 103.46 181.015 120.783 113.636 103.909 88.2888 86.9482 81.5537 94.3621 66.2344 139.164 118.822
threshold=11.647563274155504 0.46235292041081527 8.9285714285714306 10.581361185473959 6.2943663397555518 4.5000000000000009 10.000331866990015 18.500000000000004 16.500000000000004 0.35404186965611922 0.83589943869142747 7.5000000000000009 14.357142857142859 15.820092460196117 0.81861465225589847 13.500000000000002 3.5000000000000004 9.5000000000000018 10.500000000000002 13.071428571428573 14.240840132370948 15.642857142857144 15.452011366629909 10.697127036799683 7.1580790187099312 9.8838433152543868 3.5000000000000004 12.761707183731898 13.018793629486407 11.807206169235227
decision_type=2 2 2 2 2 2 2 2 2 2 2 2 2 2 2 2 2 2 2 2 2 2 2 2 2 2 2 2 2 2
left_child=1 -1 -2 4 5 8 7 -6 9 -4 14 -12 -13 -14 17 -16 -17 27 19 -19 -21 -22 -23 25 -24 -20 -27 29 -29 -5
right_child=2 -3 3 10 6 -7 -8 -9 -10 -11 11 12 13 -15 15 16 -18 18 23 20 21 22 24 -25 -26 26 -28 28 -30 -31
leaf_value=0.045295891748822259 0.046905049085617073 -0.094019385037774406 0.058276382218236514 -0.022427199687808753 -0.088891834517320009 0.099566422040973393 -0.10977785962243235 0.085308944061398509 -0.10243911260496015 -0.069781054827299988 0.094703631882590289 0.054374335313008892 -0.091466455385088921 0.0010320867970585823 -0.072376453291272388 -0.06765955984592438 0.087989794500172136 0.15057730328652166 0.0012079895006052777 -0.066518106506290767 0.1196416791641351 -0.079713523809028713 -0.022955581694841385 0.1002381126989018 0.12108959311788732 -0.12491386535444432 -0.0017662295486245837 -0.11212545234490844 -0.0084151969962102131 0.064612775792678198
leaf_weight=23 35 22 23 76 24 35 31 20 23 22 27 36 20 20 37 25 20 31 2174 33 33 23 20 22 22 28 35 34 665 81
leaf_count=23 35 22 23 76 24 35 31 20 23 22 27 36 20 20 37 25 20 31 2174 33 33 23 20 22 22 28 35 34 665 81
internal_value=2.5474e-10 -0.0228138 0.000279353 -0.000168971 -0.0162721 0.00906698 -0.0510712 -0.00970966 -0.0375136 -0.00432948 0.000658979 0.0262698 0.00195775 -0.0452172 -0.000126348 -0.0318247 0.00151793 0.000666836 0.00333103 0.0419285 0.0162178 0.0440778 0.00571459 0.000563082 0.0524967 -0.000417182 -0.0564985 -0.00686823 -0.0134598 0.0224788
internal_weight=3720 45 3675 3640 178 103 75 44 68 45 3462 103 76 40 3359 82 45 3277 2421 162 131 98 65 2259 42 2237 63 856 699 157
internal_count=3720 45 3675 3640 178 103 75 44 68 45 3462 103 76 40 3359 82 45 3277 2421 162 131 98 65 2259 42 2237 63 856 699 157
is_linear=0
shrinkage=0.05


Tree=196
num_leaves=31
num_cat=0
split_feature=2 0 3 3 5 5 3 0 5 3 4 4 7 7 4 3 2 2 7 3 3 7 9 0 4 7 8 4 1 1
split_gain=8.74007 80.4761 86.9312 78.2323 75.8344 103.737 112.914 67.9201 254.75 65.6874 61.0713 82.3639 130.951 141.929 104.702 195.693 105.223 214.095 99.419 78.6107 102.089 76.4013 83.5338 114.671 104.002 89.0443 81.2021 179.961 180.653 114.878
threshold=13.500000000000002 3.5000000000000004 6.4770657671804592 3.0078843751231035 14.272256765732445 14.138895050992376 5.830951894845299 3.5000000000000004 14.626956456219714 2.8743499452978107 13.703667826560952 12.400559819329212 0.78411548783517437 0.64006661334987991 12.761707183731898 6.2373681873657283 11.642857142857144 12.500000000000002 0.31681617810221518 7.4578178858864392 5.9920582360956711 0.79956766740021901 3.5000000000000004 5.5000000000000009 12.140164658715172 0.51518881545919804 3.5000000000000004 11.272171093664431 13.500000000000002 17.500000000000004
decision_type=2 2 2 2 2 2 2 2 2 2 2 2 2 2 2 2 2 2 2 2 2 2 2 2 2 2 2 2 2 2
left_child=1 2 -1 -3 5 10 -7 8 -2 -9 11 21 13 14 15 -13 -16 -18 -19 20 -12 22 25 -24 26 -5 27 28 -25 -28
right_child=7 3 -4 4 -6 6 -8 9 -10 -11 19 12 -14 -15 16 -17 17 18 -20 -21 -22 -23 23 24 -26 -27 29 -29 -30 -31
leaf_value=0.016407382771372794 0.19397576127201321 0.085393257324512195 -0.10188802000044324 -0.03519347049783738 -0.02440422815231125 0.0023050637533222991 0.14700738307661737 -0.078357404699692365 -0.052585682814771488 0.0015588445565553311 -0.075200464203953751 0.18952096866236792 0.15278710067272186 -0.0761179296356259 0.10097539579868318 -0.0046156696677207946 -0.10472300368312158 0.11029217779636383 -0.033625467866659167 -0.10889302260641541 0.072213246770527054 -0.06557014685610435 -0.074852697551250458 0.12850708873183639 -0.058355806678533552 0.020338353880427103 -0.028686384378739122 0.18095333359895216 -0.045885893002603997 0.098024149459821214
leaf_weight=25 20 26 41 210 294 28 26 26 22 2329 24 27 20 33 25 25 38 30 20 28 23 48 26 27 25 110 53 31 33 27
leaf_count=25 20 26 41 210 294 28 26 26 22 2329 24 27 20 33 25 25 38 30 20 28 23 48 26 27 25 110 53 31 33 27
internal_value=-4.19009e-11 -0.0032622 -0.0570792 -0.000436486 -0.0022493 0.00470219 0.0719766 0.00180054 0.0648245 0.000676542 0.00058802 0.00459422 0.0308564 0.0185401 0.0374718 0.096186 0.0104528 -0.0152638 0.0527251 -0.0425721 -0.00306184 -0.00510942 0.000245035 0.0238118 0.0368999 -0.0161044 0.0508262 0.083132 0.0325909 0.0140784
internal_weight=3720 1323 66 1257 1231 937 54 2397 42 2355 883 808 218 198 165 52 113 88 50 75 47 590 542 222 196 320 171 91 60 80
internal_count=3720 1323 66 1257 1231 937 54 2397 42 2355 883 808 218 198 165 52 113 88 50 75 47 590 542 222 196 320 171 91 60 80
is_linear=0
shrinkage=0.05


Tree=197
num_leaves=31
num_cat=0
split_feature=5 7 4 0 0 4 3 7 1 1 7 3 0 3 2 1 1 2 4 2 7 2 4 4 4 2 5 7 7 7
split_gain=9.16516 78.6272 27.5464 72.514 96.307 63.1768 22.3702 27.0822 62.4564 75.9557 53.4764 46.8994 36.1445 36.5958 24.5772 27.8688 115.326 196.187 110.467 100.092 104.584 92.4196 94.843 115.755 99.8124 82.5676 82.252 66.0255 135.958 115.266
threshold=11.647563274155504 0.46235292041081527 9.5334377140290378 15.500000000000002 8.5000000000000018 9.8990604432868619 11.039964297125545 0.83589943869142747 7.5000000000000009 19.500000000000004 0.81560440812257118 6.2773186580969478 18.500000000000004 7.2011896187582449 9.6428571428571441 9.5000000000000018 10.500000000000002 13.071428571428573 14.240840132370948 15.642857142857144 0.57958117373634621 11.214285714285717 12.761707183731898 11.807206169235227 13.018793629486407 11.928571428571431 13.268113768917409 0.16126320448096124 0.056450228405314364 0.18817418234286687
decision_type=2 2 2 2 2 2 2 2 2 2 2 2 2 2 2 2 2 2 2 2 2 2 2 2 2 2 2 2 2 2
left_child=1 -1 3 4 -2 -4 7 10 -9 11 14 -10 13 -12 -7 21 17 -17 -19 -20 -21 -16 23 25 -24 -23 -25 28 -26 -29
right_child=2 -3 5 -5 -6 6 -8 8 9 -11 12 -13 -14 -15 15 16 -18 18 19 20 -22 22 24 26 27 -27 -28 29 -30 -31
leaf_value=0.042211416363716128 0.064686729439667287 -0.09000561101870104 -0.077978615892621186 0.095428627453468473 -0.08862175270915032 0.043139009900829375 -0.050019687752832068 0.091128533278350479 -0.090414566099643712 0.07884155255944833 0.010591422827091329 0.006078477335326812 -0.082592993316551053 -0.068694599446925256 -0.071283025280484621 0.15263864276084035 0.00024153832696611569 -0.062894306343161704 0.11374236611705837 -0.039720366363014493 0.094852540862153889 0.049442633924384916 -0.099617651179432873 -0.0079676456749439243 0.025652458767096206 -0.075931528133564991 0.11134675232281621 0.11326000981710174 -0.082686281428761679 -0.0036165018320867891
leaf_weight=23 21 22 26 27 20 34 22 27 20 23 43 34 30 22 53 33 2299 33 33 42 22 24 30 20 48 29 52 22 73 513
leaf_count=23 21 22 26 27 20 34 22 27 20 23 43 34 30 22 53 33 2299 33 33 42 22 24 30 20 48 29 52 22 73 513
internal_value=1.43329e-10 -0.022428 0.000274629 0.0318023 -0.0100979 -0.000319739 0.000244107 0.000554813 0.0256943 0.00274977 -0.000201917 -0.0296597 -0.0371962 -0.0162438 0.000844052 0.000411693 0.00312301 0.0437642 0.0161268 0.0430103 0.00653907 -0.00731432 -0.00313387 0.0369223 -0.0104327 -0.0191583 0.0782039 -0.00635416 -0.0397089 0.00118964
internal_weight=3720 45 3675 68 41 3607 3581 3559 104 77 3455 54 95 65 3360 3326 2462 163 130 97 64 864 811 125 686 53 72 656 121 535
internal_count=3720 45 3675 68 41 3607 3581 3559 104 77 3455 54 95 65 3360 3326 2462 163 130 97 64 864 811 125 686 53 72 656 121 535
is_linear=0
shrinkage=0.05


Tree=198
num_leaves=31
num_cat=0
split_feature=9 1 3 2 7 3 3 1 3 1 7 4 4 4 7 1 8 1 3 1 4 3 3 8 2 8 3 3 4 4
split_gain=8.88217 59.0902 52.7023 127.977 120.519 61.3623 69.9999 115.072 85.1085 69.1222 49.0937 99.89 225.795 99.1128 91.7943 111.65 92.604 141.707 127.881 127.023 67.8192 87.2272 57.8813 81.5717 99.6905 74.6946 75.8443 46.9656 135.412 62.1984
threshold=4.5000000000000009 4.5000000000000009 4.3861253103502671 14.214285714285717 0.28755196164259073 4.8452234702013941 5.1570565991016029 16.500000000000004 5.3363086938623168 20.500000000000004 0.20276527499251709 14.988104098923261 12.664107451848221 17.444833100412477 0.57150216576176283 6.5000000000000009 5.5000000000000009 10.500000000000002 8.1998838551588875 17.500000000000004 14.015458982930776 6.9178848654488103 6.0118929750002357 1.5000000000000002 15.071428571428573 4.5000000000000009 7.8437108762113441 6.5465356968113735 14.267647798219096 14.574255401834838
decision_type=2 2 2 2 2 2 2 2 2 2 2 2 2 2 2 2 2 2 2 2 2 2 2 2 2 2 2 2 2 2
left_child=-1 -2 3 4 -3 -4 7 -7 -8 10 11 12 -10 -13 15 -12 17 -16 19 20 -19 -22 -17 24 -24 26 -25 28 -11 -29
right_child=1 2 5 -5 -6 6 8 -9 9 27 14 13 -14 -15 16 22 -18 18 -20 -21 21 -23 23 25 -26 -27 -28 29 -30 -31
leaf_value=0.0014105795578209946 0.051660532905823654 0.0022804812528192998 -0.071191631536930797 -0.039377758958760431 0.17186874799769036 0.1224088407193239 -0.10847810127518394 -0.029417391051538289 0.088021469828875168 -0.026708580330014234 0.045541592013822602 0.10546829250494116 -0.11253560442063544 -0.032044157236814495 -0.051867443398604621 0.0036181997636268882 -0.088965981052472054 0.165971060609445 -0.051978173851966861 -0.029640240254609481 -0.0093238362669944754 0.13834745097905396 -0.077214660252811332 -0.17403890894725921 0.062141785797263899 -0.042108698267685742 -0.067838267314022982 0.042050996929276413 0.15507981975873311 -0.030309214076447873
leaf_weight=2790 45 20 40 34 22 26 22 24 23 20 28 38 36 20 58 29 26 28 27 23 20 20 33 40 21 38 29 57 21 62
leaf_count=2790 45 20 40 34 22 26 22 24 23 20 28 38 36 20 58 29 26 28 27 23 20 20 33 40 21 38 29 57 21 62
internal_value=9.97542e-11 -0.00423174 -0.00707372 0.0327352 0.0911124 -0.0108135 -0.00767289 0.0495322 -0.011651 -0.00859476 -0.0171895 0.0114541 -0.0343523 0.0580502 -0.0251688 -0.0476698 -0.000885651 0.0121262 0.0435807 0.0719334 0.106289 0.0645118 -0.0614062 -0.0731187 -0.0230205 -0.0984018 -0.129404 0.0202515 0.0664026 0.00435072
internal_weight=3720 930 885 76 42 809 769 50 719 697 537 117 59 58 420 218 202 176 118 91 68 40 190 161 54 107 69 160 41 119
internal_count=3720 930 885 76 42 809 769 50 719 697 537 117 59 58 420 218 202 176 118 91 68 40 190 161 54 107 69 160 41 119
is_linear=0
shrinkage=0.05


Tree=199
num_leaves=31
num_cat=0
split_feature=1 7 8 5 9 8 3 1 4 4 4 7 5 0 7 4 1 8 5 7 5 5 1 1 2 7 2 2 0 7
split_gain=9.70661 59.7627 69.7025 60.104 16.9878 45.5929 96.8967 166.343 68.3234 109.742 101.434 112.339 75.3862 73.6366 69.9881 60.6337 101.199 109.744 112.019 98.3686 76.7334 167.576 101.441 196.874 86.3288 69.2045 95.4705 115.366 59.717 125.304
threshold=3.5000000000000004 0.56555386899886984 4.5000000000000009 14.856784611361913 4.5000000000000009 2.5000000000000004 5.1130086194780811 16.500000000000004 15.458577190588926 16.047465702977714 11.736031821760465 0.6063936813291716 14.626956456219714 13.500000000000002 0.48611518252852687 14.937182215204741 11.500000000000002 4.5000000000000009 14.233363705059547 0.076811225512995115 14.614777761740365 14.02487730182297 15.500000000000002 18.500000000000004 13.928571428571431 0.35892245348370139 18.214285714285719 15.357142857142859 14.500000000000002 0.31681617810221518
decision_type=2 2 2 2 2 2 2 2 2 2 2 2 2 2 2 2 2 2 2 2 2 2 2 2 2 2 2 2 2 2
left_child=1 2 3 -1 -2 6 7 -6 10 -10 -8 28 -13 -11 -15 16 17 -7 -19 -18 21 22 -21 -24 -22 -17 27 -27 29 -12
right_child=4 -3 -4 -5 5 15 8 -9 9 13 11 12 -14 14 -16 25 19 18 -20 20 24 -23 23 -25 -26 26 -28 -29 -30 -31
leaf_value=-0.070588663444089303 0.0024143953106326951 -0.072005016892217097 0.089512061672285204 0.034984353657525322 0.12834021998330569 -0.09216931948766989 0.054555235037932526 -0.036878638654947282 0.11590197044942115 0.055119802715147249 0.063235681860343271 -0.035772161644238694 0.084632759369336646 -0.10633508695120163 0.017129945196211339 -0.0010477904161002407 -0.08437141396105291 0.085518733978271491 -0.073239948228001603 0.13645497690076414 0.0056380180269479758 -0.08468855275389027 -0.10961065959806245 0.08302685566660431 0.12591234518064034 -0.001086323397854964 0.036319180577993396 -0.10907863901126423 -0.097583999728123039 -0.088793272654892827
leaf_weight=28 2712 32 20 26 39 51 37 25 27 34 23 26 26 22 24 94 20 25 20 23 25 34 21 36 37 36 23 79 62 33
leaf_count=28 2712 32 20 26 39 51 37 25 27 34 23 26 26 22 24 94 20 25 20 23 25 34 21 36 37 36 23 79 62 33
internal_value=-1.06414e-10 -0.0149133 0.00977503 -0.0197572 0.000437412 -0.00550669 0.00772865 0.0638016 -0.00370023 0.0287399 -0.0204688 -0.0367976 0.0244303 -0.000677249 -0.0419185 -0.0150543 0.000106197 -0.0419528 0.0149593 0.0207065 0.0326472 0.00829997 0.0478201 0.0120551 0.0774146 -0.0341357 -0.0566738 -0.0752723 -0.0637794 -0.0263528
internal_weight=3720 106 74 54 3614 902 378 64 314 107 207 170 52 80 46 524 292 96 45 196 176 114 80 57 62 232 138 115 118 56
internal_count=3720 106 74 54 3614 902 378 64 314 107 207 170 52 80 46 524 292 96 45 196 176 114 80 57 62 232 138 115 118 56
is_linear=0
shrinkage=0.05


Tree=200
num_leaves=31
num_cat=0
split_feature=2 4 4 9 0 1 7 7 8 4 2 7 7 5 0 4 4 5 2 4 3 4 0 3 4 5 0 1 7 8
split_gain=9.78763 108.869 85.4692 84.9981 146.098 192.083 178.439 177.501 149.888 91.3495 98.7708 136.371 90.881 78.6739 214.248 92.8575 146.154 79.9632 82.4252 75.9277 74.8548 129.112 133.823 104.154 100.695 133.202 117.134 134.514 86.0709 103.111
threshold=12.928571428571431 11.223936175546941 14.015458982930776 3.5000000000000004 9.5000000000000018 11.500000000000002 0.60260375364927665 0.52176338884580831 2.5000000000000004 12.140164658715172 10.642857142857144 0.56555386899886984 0.2794752572107948 13.249344222509469 20.500000000000004 13.078717994363478 14.494493810713779 13.452649411919372 13.071428571428573 13.360405467465238 6.2773186580969478 13.078717994363478 11.500000000000002 6.5465356968113735 12.356983091313497 13.532766798525381 12.500000000000002 13.500000000000002 0.59571365110824004 5.5000000000000009
decision_type=2 2 2 2 2 2 2 2 2 2 2 2 2 2 2 2 2 2 2 2 2 2 2 2 2 2 2 2 2 2
left_child=2 -2 3 20 7 6 8 -5 -6 10 -7 12 -12 14 15 -3 -17 19 -19 -15 21 28 -23 -22 26 -26 27 -25 29 -1
right_child=1 13 -4 4 5 9 -8 -9 -10 -11 11 -13 -14 17 -16 16 -18 18 -20 -21 23 22 -24 24 25 -27 -28 -29 -30 -31
leaf_value=-0.04047516171103685 -0.10018869334688554 0.13577131785643407 -0.057048892612818258 0.020381119844222549 0.1376692437832909 -0.036226933629562461 0.21103544747815112 -0.085070331604219979 -0.021925837222126224 -0.034493013017851376 0.055564085199781094 -0.017079260227856812 0.19771102233366533 0.016620272894700371 -0.085480931028723728 -0.04583531990647316 0.11431739219014758 0.076239032278189789 0.0010398373952064221 -0.095356804729870903 -0.11946380403824151 0.16096879156927268 -0.011864312915574937 0.14011353219930942 -0.14436905988259241 0.0049610346023525511 -0.042979255691170698 -0.011953986594171236 0.031771022171295925 0.059235612377524373
leaf_weight=191 26 39 71 106 28 30 26 64 31 69 23 27 22 24 26 28 29 37 2406 41 32 24 21 26 32 28 63 33 87 30
leaf_count=191 26 39 71 106 28 30 26 64 31 69 23 27 22 24 26 28 29 37 2406 41 32 24 21 26 32 28 63 33 87 30
internal_value=-1.16878e-10 0.00162328 -0.0040521 -0.000262806 0.0166139 0.040475 0.101905 -0.0193183 0.0538142 0.00993948 0.0399967 0.0717566 0.125058 0.00262979 0.0418393 0.0763218 0.0356459 0.000722468 0.00217875 -0.0540114 -0.0129426 0.00120253 0.0803133 -0.0362755 -0.021649 -0.0746817 0.0044326 0.0550588 -0.0103559 -0.0269398
internal_weight=3720 2656 1064 993 426 256 85 170 59 171 102 72 45 2630 122 96 57 2508 2443 65 567 353 45 214 182 60 122 59 308 221
internal_count=3720 2656 1064 993 426 256 85 170 59 171 102 72 45 2630 122 96 57 2508 2443 65 567 353 45 214 182 60 122 59 308 221
is_linear=0
shrinkage=0.05


Tree=201
num_leaves=31
num_cat=0
split_feature=3 3 2 7 5 7 7 5 1 7 5 1 3 4 2 4 8 8 7 2 0 2 3 1 7 0 0 7 2 5
split_gain=9.44456 100.717 78.8033 58.5954 86.8499 79.5079 58.4829 91.2105 129.59 178.031 100.909 76.9742 55.346 51.6724 162.316 106.665 100.886 153.482 109.543 91.0992 119.729 82.9412 76.7988 48.5659 46.7033 39.7051 37.4234 32.7975 134.215 155.222
threshold=4.9809159608975344 4.898979485566362 15.071428571428573 0.75964736878861505 14.091144628211245 0.72791224774868568 0.69170766019069529 14.988470496022531 9.5000000000000018 0.21990763771487346 15.790873342820621 14.500000000000002 5.0896720822428172 11.272171093664431 10.785714285714286 11.609680379999725 2.5000000000000004 1.5000000000000002 0.49582585643233962 12.500000000000002 13.500000000000002 13.642857142857144 4.3861253103502671 12.500000000000002 0.55148601329062019 13.500000000000002 16.500000000000004 0.3399373058190811 13.500000000000002 14.778150898082524
decision_type=2 2 2 2 2 2 2 2 2 2 2 2 2 2 2 2 2 2 2 2 2 2 2 2 2 2 2 2 2 2
left_child=1 3 -3 5 -5 6 7 13 26 11 -11 -10 24 14 22 -15 17 21 19 -18 -21 -17 23 -1 25 -2 -9 -14 29 -29
right_child=12 2 -4 4 -6 -7 -8 8 9 10 -12 -13 27 15 -16 16 18 -19 -20 20 -22 -23 -24 -25 -26 -27 -28 28 -30 -31
leaf_value=-0.047706013105132367 -0.031154183049996693 -0.019395950630020638 -0.15140975575894119 -0.021635532645242556 0.095080775606471143 -0.098542034490541983 0.07472952672590813 -0.0040821238358815506 0.058338541164994241 0.16857956018956269 0.043849524975784371 -0.069166265273916311 0.0067530634147837292 -0.1416978920499484 0.11139834629637856 -0.10269560188055038 -0.11806988902390003 0.098219789149505757 -0.13798384491739601 0.081479096093348094 -0.057236979774066381 0.026099704980850222 -0.091739175965388622 0.050100015799204513 0.1085574473653521 0.0672832815349102 -0.089938287267630757 -0.015439314991342988 0.0051649832268491069 -0.10304282469109499
leaf_weight=22 21 26 20 28 37 22 24 30 20 34 31 29 1167 21 28 25 20 35 29 28 35 25 30 30 21 20 22 521 1263 56
leaf_count=22 21 26 20 28 37 22 24 30 20 34 31 29 1167 21 28 25 20 35 29 28 35 25 30 30 21 20 22 521 1263 56
internal_value=3.82668e-11 -0.00547013 -0.0767933 -4.72095e-05 0.044803 -0.00544584 -0.00149195 -0.00519502 0.0250053 0.054842 0.109093 -0.0171235 0.00116033 -0.0204793 0.00745861 -0.0345765 -0.0231574 0.0179152 -0.0543287 -0.0250997 0.00441461 -0.0382979 -0.028033 0.00872054 0.0479215 0.0168641 -0.0404059 0.000196181 -0.00396245 -0.0239416
internal_weight=3720 651 46 605 65 540 518 494 166 114 65 49 3069 328 110 218 197 85 112 83 63 50 82 52 62 41 52 3007 1840 577
internal_count=3720 651 46 605 65 540 518 494 166 114 65 49 3069 328 110 218 197 85 112 83 63 50 82 52 62 41 52 3007 1840 577
is_linear=0
shrinkage=0.05


Tree=202
num_leaves=31
num_cat=0
split_feature=4 3 4 1 7 7 2 3 2 3 7 3 1 3 7 5 3 9 0 1 8 3 2 8 3 2 7 5 0 7
split_gain=9.06669 19.0077 15.421 112.655 60.722 52.5759 28.2783 71.5094 21.1184 18.0164 60.6657 93.9377 49.1706 64.2446 63.9079 62.3926 44.8105 92.1463 115.035 136.726 66.8237 41.774 134.466 24.2102 149.233 162.758 118.828 117.773 88.251 85.6318
threshold=8.7755174676652885 11.039964297125545 10.049380507584218 9.5000000000000018 0.57150216576176283 0.34757011741063976 10.071428571428573 5.9920582360956711 9.9285714285714306 4.0059303218556899 0.75964736878861505 3.6774675532904193 7.5000000000000009 3.4364987719369018 0.46568874096961865 14.728193832965118 4.4239607334862976 2.5000000000000004 13.500000000000002 14.500000000000002 2.5000000000000004 4.5773770821706457 14.500000000000002 1.0000000180025095e-35 8.2404345701402164 14.785714285714286 0.68554410338876903 13.894283638402309 16.500000000000004 0.38268451244590385
decision_type=2 2 2 2 2 2 2 2 2 2 2 2 2 2 2 2 2 2 2 2 2 2 2 2 2 2 2 2 2 2
left_child=-1 2 3 -2 5 8 7 -4 -5 10 11 12 -8 14 15 -14 17 -11 20 -20 -19 22 -18 24 26 -26 -23 -28 -29 -27
right_child=1 -3 6 4 -6 -7 9 -9 -10 16 -12 -13 13 -15 -16 -17 21 18 19 -21 -22 23 -24 -25 25 29 27 28 -30 -31
leaf_value=0.027376340503493947 0.070242111065558027 -0.046559259227731013 0.08611546887550503 -0.07077341171957198 0.024075695127248765 -0.12609163022041323 0.067133117746561763 -0.021335882768034938 -0.00067414336583831091 -0.05514504790306092 0.056322858138726312 -0.08007417395710946 0.041452483992491455 0.060751217140793984 -0.11199630513077691 -0.071067933060906155 -0.096744590159505608 0.17182006111199208 0.072609563028839016 -0.093958057056773792 0.053418370049733377 -0.039288063517807864 0.051075330317020419 0.0024238852300537059 0.15997612044836085 -0.064763851657509808 -0.066347567834283999 -0.0034996319264173508 0.12104265197659986 0.05639609370912825
leaf_weight=30 28 22 32 21 24 25 22 30 22 25 26 54 28 21 21 22 40 22 28 22 26 283 25 2656 24 25 23 25 33 35
leaf_count=30 28 22 32 21 24 25 22 30 22 25 26 54 28 21 21 22 40 22 28 22 26 283 25 2656 24 25 23 25 33 35
internal_value=-1.03203e-10 -0.000222572 5.53471e-05 -0.0175731 -0.0442994 -0.0684318 0.000651573 0.0341229 -0.0349087 5.62715e-05 -0.0147508 -0.0257503 -1.79231e-05 -0.0160758 -0.0387993 -0.0080565 0.000928863 0.0305389 0.052397 -0.00068019 0.107686 -0.000220406 -0.0398908 0.00061032 -0.0101415 0.0499309 -0.0240044 0.0293941 0.0673606 0.00591278
internal_weight=3720 3690 3668 120 92 68 3548 62 43 3486 194 168 114 92 71 50 3292 123 98 50 48 3169 65 3104 448 84 364 81 58 60
internal_count=3720 3690 3668 120 92 68 3548 62 43 3486 194 168 114 92 71 50 3292 123 98 50 48 3169 65 3104 448 84 364 81 58 60
is_linear=0
shrinkage=0.05


Tree=203
num_leaves=31
num_cat=0
split_feature=1 7 8 5 9 7 4 8 2 0 5 7 7 2 5 5 4 1 3 3 4 3 3 0 2 0 8 5 3 5
split_gain=9.19098 53.4396 62.9544 54.3929 16.1263 42.7501 54.5867 47.3932 90.9377 136.965 105.458 99.965 201.258 143.519 118.546 100.686 96.6187 69.427 102.768 61.79 73.617 74.9643 79.9121 129.322 124.653 110.281 103.041 90.1261 79.536 99.2523
threshold=3.5000000000000004 0.56555386899886984 4.5000000000000009 14.856784611361913 4.5000000000000009 0.84318168706366403 10.000331866990015 2.5000000000000004 10.928571428571431 17.500000000000004 13.550681937761434 0.18000428431790247 0.54832137687450644 14.214285714285717 15.531370985655849 15.339917042936726 13.56841421506452 13.500000000000002 7.4097747539828704 9.3401335771013105 16.508165416920836 8.9402779406149566 7.2899147555274757 9.5000000000000018 11.357142857142859 12.500000000000002 4.5000000000000009 14.806968296024168 4.8795003647426745 15.365516140166456
decision_type=2 2 2 2 2 2 2 2 2 2 2 2 2 2 2 2 2 2 2 2 2 2 2 2 2 2 2 2 2 2
left_child=1 2 3 -1 -2 6 -6 8 -8 10 -10 14 13 -13 -12 -14 -11 18 -18 20 21 22 23 27 -25 -24 -27 -9 -26 -30
right_child=4 -3 -4 -5 5 -7 7 19 9 16 11 12 15 -15 -16 -17 17 -19 -20 -21 -22 -23 25 24 28 26 -28 -29 29 -31
leaf_value=-0.067588531591796452 0.0023518381884220611 -0.068498809705488384 0.084613020522519955 0.032843530092101829 0.060421626036986711 -0.075869791138739817 -0.095693738460540773 -0.12193144365798597 0.12781477000178962 -0.093256846050682823 0.18032093569636345 -0.12408201384225062 0.026165233834303525 0.013767496979136658 0.012126322463154794 0.16476475309580565 0.11982215044858016 -0.040587588288682579 -0.033164001788411827 0.057455801135963873 -0.056981710660851226 -0.10129152855702811 0.086125772550702098 0.108605961004893 -0.07159593557115905 -0.093597924034353741 0.050072682706209327 0.0024931964252821424 0.034735043652887855 -0.078751394629478458
leaf_weight=28 2712 32 20 26 32 21 20 43 29 38 20 35 38 41 22 20 23 47 21 27 106 21 50 24 43 24 26 22 84 25
leaf_count=28 2712 32 20 26 32 21 20 43 29 38 20 35 38 41 22 20 23 47 21 27 106 21 50 24 43 24 26 22 84 25
internal_value=2.61293e-11 -0.0145118 0.00883396 -0.0192324 0.000425636 -0.00536578 -0.00368521 -0.00610149 0.00786783 0.0140691 0.0394683 0.0249112 0.00381471 -0.0497158 0.092219 0.0739582 -0.0262939 0.00166867 0.046806 -0.0160917 -0.0203348 -0.00960392 -0.00395747 -0.0195491 0.00270953 0.0336183 -0.0188892 -0.0798185 -0.014011 0.00870604
internal_weight=3720 106 74 54 3614 902 881 849 354 334 205 176 134 76 42 58 129 91 44 495 468 362 341 241 176 100 50 65 152 109
internal_count=3720 106 74 54 3614 902 881 849 354 334 205 176 134 76 42 58 129 91 44 495 468 362 341 241 176 100 50 65 152 109
is_linear=0
shrinkage=0.05


Tree=204
num_leaves=31
num_cat=0
split_feature=1 1 4 7 1 7 7 0 4 8 4 9 2 1 0 1 4 7 4 4 7 7 5 7 7 5 4 7 0 7
split_gain=8.73753 23.9735 41.5057 29.5848 17.6095 53.7056 97.1272 53.9704 21.5091 84.0315 71.6294 41.7486 78.6054 56.0272 44.5682 51.4339 75.8761 65.9664 56.1976 41.5181 42.0018 26.9433 26.3161 96.3508 104.875 92.0201 160.879 271.341 81.2504 75.4639
threshold=31.500000000000004 28.500000000000004 15.753780806648265 0.49582585643233962 26.500000000000004 0.20042780527416262 0.43536188261105441 17.500000000000004 11.005468809243625 5.5000000000000009 10.049380507584218 4.5000000000000009 10.928571428571431 21.500000000000004 16.500000000000004 15.500000000000002 9.6868193392815005 0.49157961408195167 10.34692074641139 11.10378243491982 0.85543657113539207 0.53615226711019826 13.315096015820664 0.19167603529873947 0.28375172070308757 13.452649411919372 13.751684704271552 0.36701249062302155 14.500000000000002 0.14262074964333624
decision_type=2 2 2 2 2 2 2 2 2 2 2 2 2 2 2 2 2 2 2 2 2 2 2 2 2 2 2 2 2 2
left_child=1 4 3 -3 8 -6 -7 -8 9 11 -11 13 -13 14 15 16 -1 18 -18 -10 22 -16 23 29 28 26 27 -24 -25 -21
right_child=-2 2 -4 -5 5 6 7 -9 19 10 -12 12 -14 -15 21 -17 17 -19 -20 20 -22 -23 25 24 -26 -27 -28 -29 -30 -31
leaf_value=-0.080999713420867925 0.025613714890046553 0.032459779796548759 -0.090010807812213905 -0.042968191177799153 -0.04959156841039658 0.13619066879153252 -0.039765426729406632 0.067775664031505589 0.059537840038537987 -0.0043683299706095743 -0.1274928836910813 -0.0092637764981814801 0.11309824245316642 -0.082234568417072301 -0.0796834659576416 0.06551409385660116 0.1138085275888443 -0.043553474774727458 0.0031739434227347377 -0.0062696954856316257 0.057437060959637166 -0.0028598930154527941 0.13073577054522253 0.14880550929478237 0.012921115712162631 -0.00022085628256037824 -0.1596638213992119 -0.091002907382475365 0.016855535302311181 -0.11084885645819748
leaf_weight=25 33 26 20 26 20 20 28 20 30 21 27 35 21 25 25 34 22 26 24 69 32 21 22 28 242 2693 25 37 20 23
leaf_count=25 33 26 20 26 20 20 28 20 30 21 27 35 21 25 25 34 22 26 24 69 32 21 22 28 242 2693 25 37 20 23
internal_value=4.31018e-11 -0.000229252 -0.0287977 -0.00525421 0.000339746 0.0224325 0.0436161 0.00504336 -0.000211477 -0.0128796 -0.0736259 -0.00157798 0.036622 -0.0121681 -0.00227167 0.0125959 -0.00595279 0.0201052 0.0560861 0.000992015 0.0004416 -0.0446118 -0.000135752 0.0121687 0.0263123 -0.00182833 -0.0533633 -0.00832069 0.0938264 -0.0324145
internal_weight=3720 3687 72 52 3615 88 68 48 3527 306 48 258 56 202 177 131 97 72 46 3221 3191 46 3159 382 290 2777 84 59 48 92
internal_count=3720 3687 72 52 3615 88 68 48 3527 306 48 258 56 202 177 131 97 72 46 3221 3191 46 3159 382 290 2777 84 59 48 92
is_linear=0
shrinkage=0.05


Tree=205
num_leaves=31
num_cat=0
split_feature=4 3 4 1 7 7 2 8 8 7 2 2 5 4 8 4 4 1 3 5 5 9 5 1 4 4 4 0 3 4
split_gain=8.45709 17.3043 15.3362 97.6648 54.6851 46.2411 25.5113 51.8995 39.2006 103.764 18.4813 17.8026 85.6153 168.049 73.2303 135.51 109.797 129.069 86.0558 82.4653 73.3182 102.031 77.6083 69.7399 86.1241 67.4282 87.5737 152.59 65.5833 72.1292
threshold=8.7755174676652885 11.039964297125545 10.049380507584218 9.5000000000000018 0.57150216576176283 0.34757011741063976 10.357142857142859 4.5000000000000009 1.0000000180025095e-35 0.41856757364393143 9.9285714285714306 12.357142857142859 12.68823578906972 11.99404619804521 3.5000000000000004 13.852950565787983 11.326143496166738 17.500000000000004 6.3919581492782198 12.906000747817185 13.69509551906698 3.5000000000000004 14.061619812856529 17.500000000000004 11.609680379999725 11.609680379999725 12.761707183731898 6.5000000000000009 7.3694993859810323 12.53219691637417
decision_type=2 2 2 2 2 2 2 2 2 2 2 2 2 2 2 2 2 2 2 2 2 2 2 2 2 2 2 2 2 2
left_child=-1 2 3 -2 5 10 7 8 -4 -10 -5 14 13 -13 15 19 17 18 -16 23 21 -21 -22 24 -8 -18 -27 -28 29 -24
right_child=1 -3 6 4 -6 -7 11 -9 9 -11 -12 12 -14 -15 16 -17 25 -19 -20 20 22 -23 28 -25 -26 26 27 -29 -30 -31
leaf_value=0.026440014007190867 0.064234590104648048 -0.044426593319936231 -0.013065561875700953 -0.06742788918671154 0.022472834525008999 -0.11939045667648317 0.033132142308903371 -0.044623253624886276 0.0039129044494724706 0.14559322943290073 -0.0018512001938440583 -0.020415334387992822 0.00045752985948940199 0.17326183347641269 0.023555358039105641 0.13390967618674041 -0.13333726958795028 0.10365310943332212 -0.1033568104559725 0.0078017478989016627 -0.072000467073586247 0.1118533837952112 -0.0042842687440237835 -0.11837340972640298 -0.083660430985468409 -0.0048567198216915132 0.013317405700683594 -0.14492415626270649 -0.058183384835720067 0.11669754705984484
leaf_weight=30 28 22 20 21 24 25 38 20 28 24 22 24 2846 21 34 20 22 29 22 62 36 38 28 22 27 81 25 39 20 22
leaf_count=30 28 22 20 21 24 25 38 20 28 24 22 24 2846 21 34 20 22 29 22 62 36 38 28 22 27 81 25 39 20 22
internal_value=-9.14737e-12 -0.000214959 5.02139e-05 -0.0175296 -0.0424144 -0.0653158 0.000644798 0.0266307 0.0464234 0.0693038 -0.033877 -4.69563e-05 0.00153949 0.0699673 -0.0081645 0.00798724 -0.028226 0.018035 -0.026303 -0.000608144 0.0166303 0.0473414 -0.0123424 -0.0414256 -0.0153817 -0.051772 -0.0393966 -0.083111 0.0183388 0.0489477
internal_weight=3720 3690 3668 120 92 68 3548 92 72 52 43 3456 2891 45 565 313 252 85 56 293 206 100 106 87 65 167 145 64 70 50
internal_count=3720 3690 3668 120 92 68 3548 92 72 52 43 3456 2891 45 565 313 252 85 56 293 206 100 106 87 65 167 145 64 70 50
is_linear=0
shrinkage=0.05


Tree=206
num_leaves=31
num_cat=0
split_feature=1 0 3 3 4 5 3 2 9 3 3 3 9 3 8 3 0 3 3 0 7 0 5 0 9 2 7 2 3 7
split_gain=8.77246 60.5606 60.9841 110.155 100.371 181.241 121.11 163.704 101.823 97.2592 88.0178 87.4678 85.4877 82.1572 79.5093 103.631 114.142 120.03 74.121 73.9839 69.9854 63.9865 56.9954 50.4767 50.3484 104.227 69.6479 46.4161 46.0047 36.6655
threshold=8.5000000000000018 24.500000000000004 8.1737093054208803 7.1514234347336147 17.2583076554304 14.820459052377052 5.698788509515901 13.500000000000002 3.5000000000000004 5.4072262055600424 8.632716948732428 6.6278630192806824 3.5000000000000004 5.0896720822428172 4.5000000000000009 7.3694993859810323 11.500000000000002 7.7336617335854454 5.1570565991016029 16.500000000000004 0.6487464738147366 9.5000000000000018 14.289641590903711 16.500000000000004 4.5000000000000009 14.500000000000002 0.42915757408335492 16.500000000000004 5.7981934789249303 0.81274868348893181
decision_type=2 2 2 2 2 2 2 2 2 2 2 2 2 2 2 2 2 2 2 2 2 2 2 2 2 2 2 2 2 2
left_child=1 2 3 4 5 6 8 19 9 -1 -4 -9 -6 -10 15 -5 22 -18 23 21 28 -8 -17 -7 25 -12 -27 -3 -20 -2
right_child=29 27 10 14 12 18 7 11 13 -11 24 -13 -14 -15 -16 16 17 -19 20 -21 -22 -23 -24 -25 -26 26 -28 -29 -30 -31
leaf_value=-0.026414714975131526 0.0027075183618236764 0.079298358824517995 -0.11182665857486428 0.10378704289533199 0.10981419517525606 0.0098918177187442783 -0.11097549234330656 -0.023074465397803581 0.14563604529414859 0.095504358073785198 0.058323087729513647 0.10643597218123349 -0.010713780839597026 0.018099445104598998 0.095952294518550252 -0.013451381772756578 -0.13754403091107423 0.025382546931505202 -0.18657067445191472 -0.16732758164405825 -0.021083204954629765 0.0010566088854550169 0.097965699884419652 -0.089682601178064952 0.040337603299745492 -0.14918243657797575 -0.030240328144282104 7.0637268455404995e-05 -0.095267720701726719 -0.021161029299949868
leaf_weight=74 2723 36 32 25 28 35 25 32 28 21 20 22 31 23 39 22 26 20 22 20 20 26 24 20 28 20 32 38 37 171
leaf_count=74 2723 36 32 25 28 35 25 32 28 21 20 22 31 23 39 22 26 20 22 20 20 26 24 20 28 20 32 38 37 171
internal_value=-5.12509e-11 -0.00454484 -0.00879184 -0.00222191 -0.0144421 -0.0233181 0.000201994 -0.0359221 0.0311301 0.000535817 -0.0396506 0.029689 0.0464859 0.0881195 0.0341254 0.0135165 -0.0110136 -0.0667064 -0.0708848 -0.0858235 -0.101913 -0.0538611 0.0446793 -0.0263171 -0.0165542 -0.0386789 -0.0759873 0.0386139 -0.129313 0.00129718
internal_weight=3720 826 752 620 464 405 271 125 146 95 132 54 59 51 156 117 92 46 134 71 79 51 46 55 100 72 52 74 59 2894
internal_count=3720 826 752 620 464 405 271 125 146 95 132 54 59 51 156 117 92 46 134 71 79 51 46 55 100 72 52 74 59 2894
is_linear=0
shrinkage=0.05


Tree=207
num_leaves=31
num_cat=0
split_feature=5 7 4 3 1 4 5 4 7 8 7 4 3 3 3 2 3 2 3 4 3 2 8 4 7 2 1 7 7 0
split_gain=8.91052 65.5634 27.3678 65.0041 82.3389 54.4829 17.6302 24.7927 158.414 87.1814 132.887 36.1154 21.6287 47.3133 49.2258 41.7454 49.9049 34.0457 140.344 99.3968 128.398 84.3619 73.1076 54.6897 37.1528 101.594 110.671 87.6793 142.598 103.993
threshold=11.647563274155504 0.46235292041081527 9.5334377140290378 5.282495802626058 12.500000000000002 9.8990604432868619 12.021048871938655 10.581361185473959 0.63659725847675264 2.5000000000000004 0.3327253615499145 10.728784271740423 3.4364987719369018 3.6774675532904193 3.7859388972001922 10.357142857142859 5.8716429111612793 11.500000000000002 4.7258156262526185 11.581462411786573 5.5248340202785045 11.071428571428573 2.5000000000000004 11.10378243491982 0.31339541316093561 12.928571428571431 23.500000000000004 0.65765687032078546 0.71855791366696176 15.500000000000002
decision_type=2 2 2 2 2 2 2 2 2 2 2 2 2 2 2 2 2 2 2 2 2 2 2 2 2 2 2 2 2 2
left_child=1 -1 3 -2 -5 -4 -7 8 9 -8 -11 -9 -13 -14 -15 16 -16 18 -17 21 -21 -20 -22 -19 -25 26 27 29 -29 -26
right_child=2 -3 5 4 -6 6 7 11 -10 10 -12 12 13 14 15 17 -18 23 19 20 22 -23 -24 24 25 -27 -28 28 -30 -31
leaf_value=0.036911533789142324 0.10743020836263895 -0.083823062106966981 -0.072439488969170129 0.07762491367757321 -0.055206008149044854 0.034537417602700154 0.077395298563200862 0.057092065044811791 -0.14296759197657757 -0.12116310161284426 0.052623271332545719 -0.02425106470839361 0.057734481917901176 -0.06713369535627188 0.096015940845012665 -0.14624197806697339 0.0010681583966699339 0.064193454603938493 0.00081107732481681396 0.13021364130757071 0.04756412259169987 -0.12782757715880871 -0.0492646756073968 0.0078086252655429553 -0.018988767230009612 0.0010621101073388019 -0.11317919910781914 0.12626291979914125 -0.015830181450828127 -0.11368294606964367
leaf_weight=23 20 22 26 20 28 37 29 28 22 22 22 89 36 27 25 20 31 34 26 22 35 25 44 1087 113 1633 36 23 76 39
leaf_count=23 20 22 26 20 28 37 29 28 22 22 22 89 36 27 25 20 31 34 26 22 35 25 44 1087 113 1633 36 23 76 39
internal_value=-1.28994e-10 -0.0221143 0.000270787 0.0316961 0.000140209 -0.00032165 0.000201964 -0.000156504 -0.0253547 0.0100902 -0.0342699 0.000537561 7.46774e-05 0.000724435 0.000101752 0.000657077 0.0434556 -8.88661e-05 -0.0217305 -0.00534739 0.0233841 -0.0622471 -0.00636584 0.00113519 0.000422194 -0.0037596 -0.0311946 -0.0194359 0.0171813 -0.0432853
internal_weight=3720 45 3675 68 48 3607 3581 3544 95 73 44 3449 3421 3332 3296 3269 56 3213 172 152 101 51 79 3041 3007 1920 287 251 99 152
internal_count=3720 45 3675 68 48 3607 3581 3544 95 73 44 3449 3421 3332 3296 3269 56 3213 172 152 101 51 79 3041 3007 1920 287 251 99 152
is_linear=0
shrinkage=0.05


Tree=208
num_leaves=31
num_cat=0
split_feature=3 3 5 2 2 4 4 0 0 0 5 3 5 7 4 3 1 4 1 3 1 9 8 3 9 8 3 3 2 1
split_gain=8.48524 97.4549 65.8141 52.6742 73.3693 40.9616 74.5712 99.1102 95.7827 66.5293 85.9842 78.0614 98.5371 48.422 56.3884 40.2877 71.0049 86.2655 82.7412 79.1794 71.2917 54.6345 115.233 163.364 42.7402 38.7677 37.3749 82.0281 82.3618 73.603
threshold=8.7858106539118186 8.9176119222137604 15.542089947645099 11.642857142857144 13.214285714285717 16.359430279893179 15.927495168057996 7.5000000000000009 12.500000000000002 17.500000000000004 16.535016453803546 10.179344164485626 16.459074711671622 0.67952592893650998 14.108016738453204 8.1998838551588875 8.5000000000000018 18.898102492529613 23.500000000000004 8.2865352631040405 6.5000000000000009 4.5000000000000009 1.5000000000000002 8.520283806481908 3.5000000000000004 2.5000000000000004 7.7120808136449526 7.6110819849777114 14.357142857142859 24.500000000000004
decision_type=2 2 2 2 2 2 2 2 2 2 2 2 2 2 2 2 2 2 2 2 2 2 2 2 2 2 2 2 2 2
left_child=15 2 -2 -3 -5 6 7 -6 -9 11 -11 12 25 14 -10 26 20 18 19 -18 -17 22 -21 -24 -25 -7 27 -1 -29 -28
right_child=1 3 -4 4 5 9 -8 8 13 10 -12 -13 -14 -15 -16 16 17 -19 -20 21 -22 -23 23 24 -26 -27 29 28 -30 -31
leaf_value=0.00028067222538639069 0.019491531627793466 -0.08133473742753268 0.12852818000316621 0.070902280211448662 0.083954665064811709 -0.043843566801828833 -0.10996582222481568 -0.097593005256993437 -0.058630732609890407 0.11934354470244475 -0.0069294762898397706 0.077492081480366848 -0.11385687100887298 0.058703528732061389 0.027101912787731958 -0.012292437084640067 -0.090787207543849946 -0.096818131953477868 0.090583905888100474 0.11725164823234083 -0.132938129901886 -0.048165474997626412 -0.084193397373766521 0.093731661436372793 6.9382786750793454e-05 0.035391351943345445 0.024779855792047615 0.017942761400571237 -0.092964189198422947 -0.051908553817442485
leaf_weight=2589 31 20 25 35 24 26 21 35 44 28 26 21 25 25 34 24 25 24 24 25 25 36 37 29 21 38 295 26 47 35
leaf_count=2589 31 20 25 35 24 26 21 35 44 28 26 21 25 25 34 24 25 24 24 25 25 36 37 29 21 38 295 26 47 35
internal_value=-9.36471e-11 0.00637294 0.0681686 -0.00223541 0.00190591 -0.00505337 -0.021316 -0.00982433 -0.0261337 0.0130933 0.0585454 -0.00921954 -0.0296796 -0.00185145 -0.0212601 -0.00089479 -0.0193923 -0.00731877 0.00358471 -0.00848455 -0.0738464 0.00541793 0.0226412 -0.00454575 0.0543935 0.00320217 0.000774436 -0.00119314 -0.0534631 0.0166462
internal_weight=3720 458 56 402 382 347 183 162 138 164 54 110 89 103 78 3262 270 221 197 173 49 148 112 87 50 64 2992 2662 73 330
internal_count=3720 458 56 402 382 347 183 162 138 164 54 110 89 103 78 3262 270 221 197 173 49 148 112 87 50 64 2992 2662 73 330
is_linear=0
shrinkage=0.05


Tree=209
num_leaves=31
num_cat=0
split_feature=7 7 2 9 1 0 4 7 4 7 4 7 5 1 5 3 7 2 7 8 7 2 2 8 9 3 7 7 5 4
split_gain=8.41159 16.7182 79.8908 60.6972 71.9058 36.7505 27.0725 27.0077 26.9446 25.8575 166.454 46.9116 77.4911 107.972 55.324 28.3487 27.6451 66.578 49.8491 39.1258 37.6147 44.6009 61.0421 56.2311 30.6236 81.8546 86.6211 93.4872 109.93 53.5806
threshold=0.0033648496547645005 0.040506361211769308 12.642857142857144 2.5000000000000004 20.500000000000004 16.500000000000004 14.771306808755488 0.050315332460686611 15.498894984979 0.065758681759227611 14.240840132370948 0.099120481556777815 13.417928062306226 10.500000000000002 15.339917042936726 5.9841059323447565 0.10805101752054216 14.928571428571431 0.11758336274351622 2.5000000000000004 0.12348188893391697 20.357142857142858 20.071428571428573 2.5000000000000004 2.5000000000000004 2.8743499452978107 0.19167603529873947 0.17259510097495093 13.726329287863278 17.948171698864105
decision_type=2 2 2 2 2 2 2 2 2 2 2 2 2 2 2 2 2 2 2 2 2 2 2 2 2 2 2 2 2 2
left_child=-1 2 -2 -4 5 6 -5 8 -3 10 -9 12 -11 -14 15 -15 17 -13 19 -18 -20 22 24 -23 25 -22 27 28 -27 -28
right_child=1 7 3 4 -6 -7 -8 9 -10 11 -12 16 13 14 -16 -17 18 -19 20 -21 21 23 -24 -25 -26 26 29 -29 -30 -31
leaf_value=-0.023403865098953248 0.082848807445594252 -0.0043695482611656195 0.073441635207696407 -0.053962737917900086 0.056661658167839052 -0.077164054772741089 0.023414245964242863 -0.062684994635100549 -0.082231807922944433 0.058814698315802078 0.10537583284518298 0.093945027530193334 -0.12034669721170384 -0.089348854195503966 0.042680464588504823 -0.014109074474582751 -0.10429643668234348 -0.028447946459054949 0.056547352373600007 -0.010470478385686875 0.086900150200182755 -0.0027516413193482622 -0.08344237960197709 0.10457453157590785 0.0031066545460469649 0.056755950480051665 -0.0019657870250540427 -0.15107685781660535 -0.08477829773636425 -0.060854973927390102
leaf_weight=38 35 25 22 20 25 37 26 26 20 21 34 25 34 21 28 31 20 20 30 25 22 26 22 23 2278 23 667 21 34 41
leaf_count=38 35 25 22 20 25 37 26 26 20 21 34 25 34 21 28 31 20 20 30 25 22 26 22 23 2278 23 667 21 34 41
internal_value=-5.8289e-11 0.000241539 0.0157964 -0.00225613 -0.017676 -0.0400669 -0.0102279 -0.000488219 -0.038975 1.0602e-05 0.0325495 -0.000561594 -0.0294469 -0.0457056 -0.0139832 -0.0444944 0.000628372 0.0395482 8.64815e-05 -0.0521709 0.000824349 0.00029483 -0.000451381 0.047626 0.000140259 -0.00822292 -0.0108854 -0.0608935 -0.027668 -0.00537604
internal_weight=3720 3682 165 130 108 83 46 3517 45 3472 60 3412 135 114 80 52 3277 45 3232 45 3187 3157 3108 49 3086 808 786 78 57 708
internal_count=3720 3682 165 130 108 83 46 3517 45 3472 60 3412 135 114 80 52 3277 45 3232 45 3187 3157 3108 49 3086 808 786 78 57 708
is_linear=0
shrinkage=0.05


Tree=210
num_leaves=31
num_cat=0
split_feature=5 7 4 0 0 4 9 1 4 5 8 5 2 1 2 0 3 5 7 2 7 7 4 4 4 8 2 7 7 4
split_gain=8.61117 57.8813 24.1505 60.866 82.0217 49.5785 16.0673 52.8643 43.5439 49.8742 57.2193 42.5298 103.05 88.4308 87.4813 59.0389 157.165 82.0151 50.1995 46.1789 149.186 128.666 112.692 49.7173 78.5687 64.8293 63.0615 91.9048 113.075 62.8715
threshold=11.647563274155504 0.46235292041081527 9.5334377140290378 15.500000000000002 8.5000000000000018 9.8990604432868619 4.5000000000000009 4.5000000000000009 19.458840530335202 16.112453377900579 1.5000000000000002 15.659357055125772 14.928571428571431 13.500000000000002 17.214285714285719 7.5000000000000009 7.2506157373997331 14.289641590903711 0.59571365110824004 11.642857142857144 0.27426826952026812 0.58310205670426696 11.326143496166738 12.140164658715172 12.761707183731898 3.5000000000000004 14.214285714285717 0.53615226711019826 0.31681617810221518 14.298441961023643
decision_type=2 2 2 2 2 2 2 2 2 2 2 2 2 2 2 2 2 2 2 2 2 2 2 2 2 2 2 2 2 2
left_child=1 -1 3 4 -2 -4 -7 -8 9 11 -11 15 -13 -14 -15 16 18 -18 -9 20 -17 -22 -21 -24 25 -25 27 28 -26 -28
right_child=2 -3 5 -5 -6 6 7 8 -10 10 -12 12 13 14 -16 19 17 -19 -20 22 21 -23 23 24 26 -27 29 -29 -30 -31
leaf_value=0.033720424447370612 0.06041457922685714 -0.079720576107501995 -0.069085710810927251 0.088079191551164351 -0.081067539453506476 0.0021525394903645742 0.047889350422404033 -0.1198767358095062 0.064607766345143314 0.028688527345657352 -0.067519891916548239 0.12252823486480685 0.060937251390091013 -0.097718631029129033 0.031892112383375998 -0.067223535613580188 0.07456605597849815 -0.040448062987096856 -0.025875986106693744 -0.11903169507330114 0.1845537792146206 0.0052035950124263769 0.059075815727313366 -0.1279579631984234 0.043994835855030438 -0.013724096450540756 -0.053223277074950087 0.090412097317831855 -0.096519589271735068 0.0030313853746312754
leaf_weight=23 21 22 26 27 20 2679 44 49 20 20 68 21 35 30 23 22 31 31 20 22 20 20 30 23 41 27 70 42 22 171
leaf_count=23 21 22 26 27 20 2679 44 49 20 20 68 21 35 30 23 22 31 31 20 22 20 20 30 23 41 27 70 42 22 171
internal_value=1.34848e-10 -0.0217396 0.0002662 0.0297867 -0.00860109 -0.000290327 0.000209165 -0.00556279 -0.00830392 -0.0100441 -0.0456543 -0.00586579 0.0230079 -0.000741324 -0.0414725 -0.0107757 -0.0407162 0.017059 -0.0926301 -0.00308505 0.0373585 0.0948787 -0.00868215 -0.00298335 -0.0076848 -0.0662717 0.000781511 0.0331206 -0.00507369 -0.0133081
internal_weight=3720 45 3675 68 41 3607 3581 902 858 838 88 750 109 88 53 641 131 62 69 510 62 40 448 426 396 50 346 105 63 241
internal_count=3720 45 3675 68 41 3607 3581 902 858 838 88 750 109 88 53 641 131 62 69 510 62 40 448 426 396 50 346 105 63 241
is_linear=0
shrinkage=0.05


Tree=211
num_leaves=31
num_cat=0
split_feature=1 4 7 0 9 3 3 2 3 7 7 2 5 3 1 3 3 3 3 4 3 2 2 7 1 4 7 7 7 1
split_gain=8.91896 51.9307 64.5571 65.5964 14.6044 36.4041 101.817 153.388 40.8185 38.0083 53.2439 68.0101 42.0416 40.1158 77.48 55.9076 139.228 50.0736 115.713 116.472 100.09 96.7954 121.096 161.598 93.8655 78.5165 61.8788 82.9904 98.8897 66.5328
threshold=3.5000000000000004 12.582888572752969 0.56909947381703241 17.500000000000004 4.5000000000000009 4.3861253103502671 3.4364987719369018 14.214285714285717 4.7056197405715974 0.83955413393916645 0.7346427192240329 14.500000000000002 15.437822171648167 5.1570565991016029 17.500000000000004 5.4160256030906444 5.563486402641872 7.0643302516772204 7.4097747539828704 14.545648438279873 7.631388814501288 11.214285714285717 14.500000000000002 0.32003592499342454 6.5000000000000009 12.957133205317712 0.39194000381101007 0.50708339050671414 0.59276329513865866 14.500000000000002
decision_type=2 2 2 2 2 2 2 2 2 2 2 2 2 2 2 2 2 2 2 2 2 2 2 2 2 2 2 2 2 2
left_child=1 -1 3 -3 -2 6 -6 -8 -7 10 13 -12 -13 14 -10 -15 -17 21 19 -19 -20 -18 23 -23 -22 -25 -26 -28 -29 -30
right_child=4 2 -4 -5 5 8 7 -9 9 -11 11 12 -14 15 -16 16 17 18 20 -21 24 22 -24 25 26 -27 27 28 29 -31
leaf_value=0.056113689521416314 0.0022523456383982017 0.034799551438444702 -0.09919594997167587 -0.074808826936142783 -0.059828361220981764 -0.06640809897718758 0.14062561437487603 -0.030998795058416285 0.077050489623631757 -0.069360036953635837 0.081617097451518739 -0.049280236840800004 0.037420510458920538 -0.078140255568488956 -0.044432381788889572 0.11718108072167351 0.059543053662547696 0.11847932442194886 -0.092041897290461777 -0.018899181650744546 0.080654097297068295 -0.00052443246889327254 -0.0090748325724280994 -0.08593413044105877 0.013818379491567612 -0.20340701031684874 -0.10209365805258622 0.067984484250728908 -0.11962155458473026 0.0011006217002868651
leaf_weight=21 2712 39 25 21 23 29 30 23 35 23 39 27 29 31 21 21 26 36 37 27 29 35 118 33 96 25 37 26 21 25
leaf_count=21 2712 39 25 21 23 29 30 23 35 23 39 27 29 31 21 21 26 36 37 27 29 35 118 33 96 25 37 26 21 25
internal_value=-3.24562e-11 -0.0142954 -0.0316906 -0.00356338 0.00041929 -0.00509207 0.0280229 0.0661471 -0.00813897 -0.00601877 -0.00413653 0.0309231 -0.00438164 -0.00904178 0.0314944 -0.0126855 -0.00925796 -0.0139081 -0.00143546 0.0596028 -0.0156252 -0.0314855 -0.0427023 -0.0853694 -0.00354219 -0.136569 -0.0154529 -0.0412331 -0.00995751 -0.0540117
internal_weight=3720 106 85 60 3614 902 76 53 826 797 774 95 56 679 56 623 592 571 334 63 271 237 211 93 234 58 205 109 72 46
internal_count=3720 106 85 60 3614 902 76 53 826 797 774 95 56 679 56 623 592 571 334 63 271 237 211 93 234 58 205 109 72 46
is_linear=0
shrinkage=0.05


Tree=212
num_leaves=31
num_cat=0
split_feature=5 5 0 0 5 4 4 0 2 5 3 3 2 2 3 2 4 3 4 7 9 8 7 2 7 7 0 5 3 5
split_gain=9.06252 42.7612 85.0147 86.202 64.2401 60.8034 70.1584 58.4671 52.605 52.0187 128.388 111.268 56.6253 76.0338 85.1009 75.386 50.6529 112.819 99.8617 65.2434 49.7104 46.2868 241.243 168.412 156.778 126.437 143.653 102.546 80.3174 183.998
threshold=14.894500689213002 14.483575977798775 4.5000000000000009 8.5000000000000018 14.554050132928563 17.095583060955651 16.069169918940464 15.500000000000002 16.071428571428573 14.382378130677905 7.8437108762113441 6.9710282727036583 15.785714285714286 16.214285714285719 6.9006555934235445 15.357142857142859 13.986592323369248 7.1746909672954198 13.227173792428646 0.38907274732114289 3.5000000000000004 5.5000000000000009 0.52905150949594704 11.214285714285717 0.25385127026782267 0.64486619353600794 11.500000000000002 13.315096015820664 9.1078197694278646 13.775092319049152
decision_type=2 2 2 2 2 2 2 2 2 2 2 2 2 2 2 2 2 2 2 2 2 2 2 2 2 2 2 2 2 2
left_child=1 9 -3 -4 7 6 8 -5 16 12 11 -11 15 -14 -15 21 18 20 19 -6 -18 28 23 -23 -25 -24 -27 -26 -1 -30
right_child=-2 2 3 4 5 -7 -8 -9 -10 10 -12 -13 13 14 -16 -17 17 -19 -20 -21 -22 22 25 24 27 26 -28 -29 29 -31
leaf_value=-0.0070472891116932701 0.0028097979580540854 0.081617587946710146 -0.073331783778631865 -0.0086294329414765055 0.039008512049913409 0.080901143451531737 -0.071239758776249107 -0.10734374557932219 0.064719804316215837 0.026818354082880198 -0.060899579868866849 0.15440400367975238 -0.10782341962414128 0.065027343978484475 -0.055864058278903776 0.067481927012669904 -0.028734548525376755 0.030271216991700624 0.09397683653359612 -0.060214876725866985 -0.12998530872993999 -0.047983083004752798 -0.14152139198780062 0.018359303522655475 0.23022159039974213 0.09578757683436076 -0.075925722358555631 0.094577326527551603 -0.020730350086012404 0.15283353762844434
leaf_weight=1177 1620 21 67 30 30 21 37 30 30 54 26 25 28 24 37 42 22 38 30 37 27 27 25 42 22 21 29 38 37 26
leaf_count=1177 1620 21 67 30 30 21 37 30 30 54 26 25 28 24 37 42 22 38 30 37 27 27 25 42 22 21 29 38 37 26
internal_value=-1.26791e-10 -0.00216756 -0.0164373 -0.0215981 -0.0111578 -0.000827941 -0.00766583 -0.0579866 0.00332592 0.00139987 0.0354753 0.0671936 -0.000871822 -0.0396109 -0.00830023 0.00144835 -0.00668395 -0.0343846 0.0181609 -0.0157865 -0.0845258 -0.000472293 0.0215981 0.0630571 0.09245 -0.0497112 -0.00380614 0.144314 -0.00410323 0.0508992
internal_weight=3720 2100 420 399 332 272 251 60 214 1680 105 79 1575 89 61 1486 184 87 97 67 49 1444 204 129 102 75 50 60 1240 63
internal_count=3720 2100 420 399 332 272 251 60 214 1680 105 79 1575 89 61 1486 184 87 97 67 49 1444 204 129 102 75 50 60 1240 63
is_linear=0
shrinkage=0.05


Tree=213
num_leaves=31
num_cat=0
split_feature=7 7 3 7 3 8 7 7 4 8 9 1 8 7 3 3 7 5 4 2 7 1 7 7 7 7 7 4 4 5
split_gain=9.14883 78.1596 82.686 59.2342 93.8915 90.8621 174.656 108.366 90.6907 87.5646 153.13 87.4763 86.2379 196.706 76.7864 65.5432 76.3456 74.0718 241.941 64.4734 64.1512 62.0875 134.068 74.3198 73.3041 77.6012 70.2385 130.182 244.787 121.03
threshold=0.41856757364393143 0.42915757408335492 6.7753052997456846 0.3399373058190811 4.2983939414844778 1.5000000000000002 0.37874175196992149 0.39470850881489089 14.710903959651864 5.5000000000000009 2.5000000000000004 13.500000000000002 5.5000000000000009 0.30242799912791579 8.4346225252145715 4.8452234702013941 0.080612020321306863 14.155188953057248 12.356983091313497 14.928571428571431 0.030478349190098102 23.500000000000004 0.24190402353663734 0.14262074964333624 0.27015960959192747 0.2794752572107948 0.13223914543186535 14.655120353839704 15.044981300916469 15.254076892893094
decision_type=2 2 2 2 2 2 2 2 2 2 2 2 2 2 2 2 2 2 2 2 2 2 2 2 2 2 2 2 2 2
left_child=3 2 -2 12 -5 6 19 9 -9 10 -7 -8 15 -14 -12 16 20 18 -18 -6 -1 24 23 -23 26 -26 -17 -28 -29 -30
right_child=1 -3 -4 4 5 7 11 8 -10 -11 14 -13 13 -15 -16 21 17 -19 -20 -21 -22 22 -24 -25 25 -27 27 28 29 -31
leaf_value=-0.030410844385623931 0.0012397052801173666 0.0008417550297568732 0.13682637770067563 0.069493158992666462 -0.0027386279060290413 -0.1104822303567614 0.015565722033381463 -0.16948038289516137 -0.031080630719661714 -0.095449190526395236 0.04578011864547929 0.15227021034806967 0.014015588108701883 0.16616173274815083 -0.064482513144612313 -0.010438169393287558 -0.075697368806124571 -0.073201634417823028 0.11588738589332655 -0.11903950080952862 0.096229555606842043 0.04141420086747722 0.12505512613532763 -0.048858154854908784 -0.10536241921885262 -0.016714502395276564 -0.0099990476638224385 0.20641016580841762 0.097140917805549898 0.0011784329686475837
leaf_weight=20 23 1867 22 26 26 28 25 29 20 37 75 22 185 24 20 381 45 94 26 22 20 57 31 38 29 166 179 22 46 115
leaf_count=20 23 1867 22 26 26 28 25 29 20 37 75 22 185 24 20 381 45 94 26 22 20 57 31 38 29 166 179 22 46 115
internal_value=-5.92091e-12 0.00241122 0.0675265 -0.00254992 -0.0217029 -0.0295026 0.0110423 -0.0479321 -0.112991 -0.0280079 -0.00772068 0.0795551 0.00172647 0.0314869 0.0225669 -0.00317498 -0.0290629 -0.0440864 -0.00553957 -0.0560432 0.0329094 0.00181282 0.0347675 0.00530526 -0.00261393 -0.029898 0.00454677 0.0203182 0.0499728 0.0285963
internal_weight=3720 1912 45 1808 330 304 95 209 49 160 123 47 1478 209 95 1269 205 165 71 48 40 1064 126 95 938 195 743 362 183 161
internal_count=3720 1912 45 1808 330 304 95 209 49 160 123 47 1478 209 95 1269 205 165 71 48 40 1064 126 95 938 195 743 362 183 161
is_linear=0
shrinkage=0.05


Tree=214
num_leaves=31
num_cat=0
split_feature=7 7 3 7 3 3 4 8 4 4 3 3 8 7 4 2 9 2 3 7 2 4 5 4 4 7 4 5 0 7
split_gain=8.25682 70.539 74.6241 53.4589 87.0634 100.412 91.3059 164.855 100.627 130.771 90.811 96.6833 77.8297 177.528 60.2122 79.7349 125.151 115.205 59.1527 68.9019 68.9176 89.5307 139.825 76.8639 58.4917 76.775 84.9351 75.035 135.972 115.474
threshold=0.41856757364393143 0.42915757408335492 6.7753052997456846 0.3399373058190811 5.9401779675119455 6.414269805898182 15.884582723572414 3.5000000000000004 13.469162894687928 14.156439406523704 5.5032457955023437 4.2983939414844778 5.5000000000000009 0.30242799912791579 11.10378243491982 15.785714285714286 3.5000000000000004 16.642857142857149 4.8452234702013941 0.080612020321306863 15.642857142857144 12.582888572752969 14.02487730182297 11.160519023970393 18.679293013975805 0.080612020321306863 19.577981262407199 14.828526163035525 7.5000000000000009 0.050315332460686611
decision_type=2 2 2 2 2 2 2 2 2 2 2 2 2 2 2 2 2 2 2 2 2 2 2 2 2 2 2 2 2 2
left_child=3 2 -2 12 10 -6 8 -8 -7 -10 11 -5 18 14 -14 16 -16 -17 19 -1 21 23 -23 -21 27 -26 -27 28 -20 -29
right_child=1 -3 -4 4 5 6 7 -9 9 -11 -12 -13 13 -15 15 17 -18 -19 24 20 -22 22 -24 -25 25 26 -28 29 -30 -31
leaf_value=0.031263887621462344 0.0011777184579683387 0.00079966731938539964 0.12998505854471162 0.066018498946840948 -0.12621949162848037 0.0029741152816889238 0.10487481801500242 -0.055698554285547958 -0.18814130807700366 -0.042641603819867396 0.082750234226970115 -0.050015332678268701 -0.066399953767125097 0.15785364583134653 0.10515419644339441 -0.11955812085419892 -0.0068064783450002622 0.025170315802097321 0.036518589134758979 -0.016040182610352834 -0.099006049111485486 0.11855320537632162 -0.034177750856318377 -0.1334968796429726 0.027153658259797982 -0.14784093654674033 -0.015936002020652481 -0.036479699614180905 -0.02137765757330834 0.032050746255977584
leaf_weight=40 23 1867 22 26 29 49 31 33 23 47 34 58 21 24 52 20 48 44 134 30 40 22 47 26 27 23 26 74 417 363
leaf_count=40 23 1867 22 26 29 49 31 33 23 47 34 58 21 24 52 20 48 44 134 30 40 22 47 26 27 23 26 74 417 363
internal_value=-2.5724e-12 0.00229066 0.0641502 -0.00242242 -0.0206178 -0.0397782 -0.0260798 0.0220792 -0.0519805 -0.0904486 0.0138059 -0.0141001 0.00164015 0.0299126 0.0133148 0.0235222 0.0514131 -0.0200573 -0.00301623 -0.0276097 -0.0418821 -0.0236025 0.0145191 -0.0705736 0.00172218 -0.0405464 -0.0778506 0.00497361 -0.00729763 0.020446
internal_weight=3720 1912 45 1808 330 212 183 64 119 70 118 84 1478 209 185 164 100 64 1269 205 165 125 69 56 1064 76 49 988 551 437
internal_count=3720 1912 45 1808 330 212 183 64 119 70 118 84 1478 209 185 164 100 64 1269 205 165 125 69 56 1064 76 49 988 551 437
is_linear=0
shrinkage=0.05


Tree=215
num_leaves=31
num_cat=0
split_feature=0 0 7 1 7 1 3 4 5 4 5 7 5 1 1 3 3 3 3 0 8 1 3 2 7 7 7 7 5 3
split_gain=8.44285 49.1609 148.468 117.771 176.085 202.756 155.814 127.091 109.726 127.555 69.6017 192.377 180.114 87.7255 191.135 138.867 52.4103 46.8613 90.9893 42.6296 120.705 130.697 112.738 95.2628 91.1691 77.1021 69.0816 131.326 162.492 81.1922
threshold=13.500000000000002 11.500000000000002 0.36351628482193138 15.500000000000002 0.56909947381703241 21.500000000000004 7.6749437720912281 14.40785398969893 15.051173405337753 13.018793629486407 13.564993993474966 0.19167603529873947 14.155188953057248 9.5000000000000018 14.500000000000002 5.9841059323447565 5.4598098693566106 2.8743499452978107 3.3058370287123595 9.5000000000000018 2.5000000000000004 10.500000000000002 7.3029674334022161 14.071428571428573 0.64486619353600794 0.42915757408335492 0.11758336274351622 0.24190402353663734 15.007739222948139 7.3872476993416631
decision_type=2 2 2 2 2 2 2 2 2 2 2 2 2 2 2 2 2 2 2 2 2 2 2 2 2 2 2 2 2 2
left_child=1 19 10 6 5 -5 7 16 9 -6 11 -3 -12 -14 -15 -16 -4 -2 -19 -1 26 23 24 -22 25 -23 -21 -28 29 -29
right_child=17 2 3 4 8 -7 -8 -9 -10 -11 12 -13 13 14 15 -17 -18 18 -20 20 21 22 -24 -25 -26 -27 27 28 -30 -31
leaf_value=-0.0032114492084688584 -0.067183521824578443 -0.10158103871702527 -0.064505210444331176 0.22990692364559934 -0.043981035928363388 0.021781580924987793 0.079176998031990867 -0.11510388772205815 -0.10543473068624737 0.12867197562009097 -0.18156814153852135 0.098615259677171718 -0.1273440195755525 0.11856892973184585 -0.14896160626411439 0.010596872557265064 0.038673518324503678 0.094260505959391602 0.001826917194835169 -0.030558383938941086 0.096373389079803376 0.00043306757949969989 -0.10622851303437862 -0.019778176733563024 0.072762096773546489 -0.11420725387605755 0.18301400378346444 0.034205316111445429 0.12995982294281325 -0.082949918595009622
leaf_weight=994 24 24 20 22 23 25 28 46 20 20 29 24 22 20 25 30 32 27 1911 22 41 44 41 31 26 22 20 50 36 21
leaf_count=994 24 24 20 22 23 25 28 46 20 20 29 24 22 20 25 30 32 27 1911 22 41 44 41 31 26 22 20 50 36 21
internal_value=7.58233e-11 -0.00251642 -0.0176773 0.00815804 0.0459607 0.119202 -0.0248442 -0.0545646 -0.00867967 0.0363227 -0.0527183 -0.00148289 -0.0722365 -0.0395497 -0.0137967 -0.0619297 -0.00101061 0.00225477 0.00311469 0.00209482 0.0169943 -0.00789694 -0.0372711 0.0463637 -0.00654011 -0.0377804 0.0512407 0.0654106 0.0434287 -0.000446232
internal_weight=3720 1758 410 236 110 47 126 98 63 43 174 48 126 97 75 55 52 1962 1938 1348 354 205 133 72 92 66 149 127 107 71
internal_count=3720 1758 410 236 110 47 126 98 63 43 174 48 126 97 75 55 52 1962 1938 1348 354 205 133 72 92 66 149 127 107 71
is_linear=0
shrinkage=0.05


Tree=216
num_leaves=31
num_cat=0
split_feature=2 5 5 2 2 4 5 0 3 3 4 0 4 4 4 2 2 8 5 7 7 4 9 1 2 3 5 4 3 1
split_gain=8.40609 58.6668 19.9472 25.8017 21.6062 39.486 17.9722 67.4733 82.8873 23.3984 92.191 57.4482 27.0931 108.878 107.411 71.1603 97.6846 143.824 141.85 123.262 133.225 112.461 92.2631 133.383 123.044 90.1719 122.394 132.723 160.729 90.4855
threshold=20.785714285714288 17.414868073586483 17.749745411860165 20.214285714285719 19.500000000000004 18.810705281048129 16.812504006790494 12.500000000000002 7.3872476993416631 10.179344164485626 15.134308845767416 14.500000000000002 15.884582723572414 15.927495168057996 15.774032689425779 15.071428571428573 16.071428571428573 5.5000000000000009 14.426181197444178 0.45089556694876659 0.16126320448096124 16.188403794015269 2.5000000000000004 9.5000000000000018 16.928571428571434 6.414269805898182 16.057855167196909 17.289398909768494 5.2417736002416664 12.500000000000002
decision_type=2 2 2 2 2 2 2 2 2 2 2 2 2 2 2 2 2 2 2 2 2 2 2 2 2 2 2 2 2 2
left_child=2 -2 3 4 6 -6 9 -8 -9 12 11 -11 14 -14 -1 -15 18 21 -17 20 -20 -18 23 -23 -25 26 27 28 -24 -27
right_child=1 -3 -4 -5 5 -7 7 8 -10 10 -12 -13 13 15 -16 16 17 -19 19 -21 -22 22 25 24 -26 29 -28 -29 -30 -31
leaf_value=-0.00066663693552504704 -0.079459949921477924 0.03601023608987982 -0.043379811333635679 0.049267672043707633 -0.070880462948618259 0.014866597414016726 -0.038141558138710084 -0.0011508330702781678 0.10651824952978078 -0.032907661814242602 -0.08033610663842411 0.086934079304337497 0.10710516936594137 -0.031275605882421648 -0.085373699821923915 0.169812976308167 0.10101328311544476 -0.057245518296454738 -0.022667618481015478 -0.019659660937530656 0.12161154827723902 0.061520424307408665 -0.016867168806493284 -0.17622954425486653 -0.026139343509243598 -0.0036133556930201777 0.046553997652461904 0.021056283742953569 -0.18950964209551996 0.061139426606768459
leaf_weight=2468 22 22 26 27 29 25 33 39 33 20 40 20 27 116 38 20 33 89 24 70 48 22 28 22 36 89 52 39 26 137
leaf_count=2468 22 22 26 27 29 25 33 39 33 20 40 20 27 116 38 20 33 89 24 70 48 22 28 22 36 89 52 39 26 137
internal_value=7.03562e-11 -0.0217249 0.000260036 0.000570896 0.000207988 -0.0311827 0.000682939 0.0210624 0.0481975 6.52027e-05 -0.0266614 0.0270132 0.000697038 0.0082554 -0.0019511 0.00511915 0.0108631 0.00117095 0.0451445 0.0275856 0.0735185 0.0119128 0.00539328 -0.0433077 -0.0830701 0.0158948 -0.0148795 -0.0492294 -0.0999913 0.0356394
internal_weight=3720 44 3676 3650 3623 54 3569 105 72 3464 80 40 3384 878 2506 851 735 573 162 142 72 484 451 80 58 371 145 93 54 226
internal_count=3720 44 3676 3650 3623 54 3569 105 72 3464 80 40 3384 878 2506 851 735 573 162 142 72 484 451 80 58 371 145 93 54 226
is_linear=0
shrinkage=0.05


Tree=217
num_leaves=31
num_cat=0
split_feature=5 8 7 2 4 5 5 5 9 7 0 6 2 7 0 4 7 0 7 8 4 4 4 4 2 2 7 7 8 0
split_gain=7.98152 40.8013 37.1838 31.9822 29.5142 23.5956 55.3358 32.7074 90.4173 20.416 51.959 28.3983 91.4199 66.0887 132.727 85.7128 84.8839 91.8498 71.9231 61.1395 52.4743 24.4269 89.2892 71.0397 70.9307 127.43 167.025 185.538 114.849 110.609
threshold=17.294418306914732 1.5000000000000002 0.32932882441735312 20.642857142857149 20.308126986563448 17.139208010326506 17.034473924761382 16.737414395340434 3.5000000000000004 0.85079024139261561 10.500000000000002 1.0000000180025095e-35 17.642857142857149 0.59571365110824004 11.500000000000002 14.156439406523704 0.45089556694876659 11.500000000000002 0.21570941858817763 2.5000000000000004 14.298441961023643 15.884582723572414 15.774032689425779 15.927495168057996 14.642857142857144 16.071428571428573 0.49157961408195167 0.16126320448096124 5.5000000000000009 7.5000000000000009
decision_type=2 2 2 2 2 2 2 2 2 2 2 2 2 2 2 2 2 2 2 2 2 2 2 2 2 2 2 2 2 2
left_child=3 -2 -3 4 5 6 7 9 -9 11 -11 21 13 16 -15 -16 17 18 -13 -18 -19 22 -1 -23 -25 26 27 -26 -27 -29
right_child=1 2 -4 -5 -6 -7 -8 8 -10 10 -12 12 -14 14 15 -17 19 20 -20 -21 -22 23 -24 24 25 28 -28 29 -30 -31
leaf_value=0.00018386909061189391 0.035394221185534085 0.0048755145989931546 -0.076205066327125801 -0.061173743790104276 0.051844379731587002 0.054467440145090223 -0.080918113106773021 0.098662097876270616 -0.023101992280252517 0.019915100514888765 -0.08104009678444038 -0.012841296816865603 -0.11326275650750509 -0.072703392803668984 0.15953794929198922 0.022971242721433995 -0.13942219453013463 -0.086222394322976473 0.10719065958490739 -0.021421771860193641 0.0029850237509783579 0.091873321801424032 -0.078112232685089114 -0.042209981560059222 -0.00034576870966702701 0.0089806960628149995 -0.0086512734078698691 0.034642035290598873 -0.051033964859864993 0.1733797282564874
leaf_weight=2296 27 26 31 21 28 20 21 30 31 25 26 24 22 20 20 27 23 32 26 21 34 25 37 69 40 470 81 20 96 51
leaf_count=2296 27 26 31 21 28 20 21 30 31 25 26 24 22 20 20 27 23 32 26 21 34 25 37 69 40 470 81 20 96 51
internal_value=2.55989e-11 -0.0152375 -0.0392209 0.000352021 0.000709432 0.000310275 6.61816e-06 0.000485868 0.036782 -0.000149444 -0.0315523 0.000316934 -0.015945 -0.00651327 0.0351778 0.0810847 -0.0239714 -0.00154189 0.0495753 -0.0831038 -0.0402671 0.00158827 -0.00105786 0.00883408 0.00632382 0.0107418 0.0459407 0.0857782 -0.00119847 0.134299
internal_weight=3720 84 57 3636 3615 3587 3567 3546 61 3485 51 3434 249 227 67 47 160 116 50 44 66 3185 2333 852 827 758 192 111 566 71
internal_count=3720 84 57 3636 3615 3587 3567 3546 61 3485 51 3434 249 227 67 47 160 116 50 44 66 3185 2333 852 827 758 192 111 566 71
is_linear=0
shrinkage=0.05


Tree=218
num_leaves=31
num_cat=0
split_feature=7 7 3 7 3 3 3 3 4 7 5 8 0 8 7 4 1 4 4 3 7 2 4 5 4 7 1 7 7 7
split_gain=8.37735 59.1422 65.191 52.9387 80.6104 89.1249 83.7789 85.4177 81.2294 125.506 141.114 111.648 100.454 74.6336 155.709 56.5526 75.6025 54 66.9754 53.3845 63.0324 64.3095 80.2955 125.234 67.3946 57.097 56.091 117.147 65.968 69.0154
threshold=0.41856757364393143 0.42915757408335492 6.7753052997456846 0.3399373058190811 5.9401779675119455 6.414269805898182 5.5032457955023437 4.2983939414844778 17.948171698864105 0.37116367046161153 14.155188953057248 2.5000000000000004 9.5000000000000018 5.5000000000000009 0.30242799912791579 11.10378243491982 19.500000000000004 13.181933661273421 16.069169918940464 4.8452234702013941 0.080612020321306863 15.642857142857144 12.582888572752969 14.02487730182297 11.160519023970393 0.030478349190098102 23.500000000000004 0.25806115405533631 0.27015960959192747 0.2794752572107948
decision_type=2 2 2 2 2 2 2 2 2 2 2 2 2 2 2 2 2 2 2 2 2 2 2 2 2 2 2 2 2 2
left_child=3 2 -2 13 6 -6 7 -5 9 12 -11 -12 -7 19 15 -15 17 -17 -19 20 25 22 24 -24 -22 -1 28 -28 -21 -30
right_child=1 -3 -4 4 5 8 -8 -9 -10 10 11 -13 -14 14 -16 16 -18 18 -20 26 21 -23 23 -25 -26 -27 27 -29 29 -31
leaf_value=-0.029747946038842201 9.1673563355984896e-05 0.00094207597566727625 0.12048288861458951 0.061079321493609597 -0.1204215054946213 -0.17144837789237499 0.078797902736593706 -0.04798502672849031 0.066445064402761919 0.087181930183883649 0.022716445764226299 -0.11258988251288733 -0.045260299887994064 -0.063510164441097347 0.14910997860133648 0.092972587287808078 -0.030735901732038225 -0.022143471524828956 0.070116992616975626 0.0041297956241964093 -0.015732402962942919 -0.095152796693146233 0.11224452128464527 -0.032297702411070786 -0.12571637865442495 0.089726949799805888 0.0088812128483954055 0.12977102822065353 -0.099713365836390136 -0.016113151466271965
leaf_weight=20 23 1867 22 26 29 24 34 58 21 31 31 30 46 21 24 39 46 42 37 743 30 40 22 47 26 20 101 25 29 166
leaf_count=20 23 1867 22 26 29 24 34 58 21 31 31 30 46 21 24 39 46 42 37 743 30 40 22 47 26 20 101 25 29 166
internal_value=2.84654e-11 0.00230732 0.0589496 -0.00244004 -0.0205467 -0.0389833 0.0125768 -0.014227 -0.0260778 -0.0380715 0.000316882 -0.0438277 -0.0885248 0.00160271 0.0292886 0.0137442 0.0236365 0.0448325 0.0210671 -0.00295705 -0.0263207 -0.0399717 -0.0223137 0.0137882 -0.0667964 0.0299895 0.0015444 0.0328673 -0.00266315 -0.028546
internal_weight=3720 1912 45 1808 330 212 118 84 183 162 92 61 70 1478 209 185 164 118 79 1269 205 165 125 69 56 40 1064 126 938 195
internal_count=3720 1912 45 1808 330 212 118 84 183 162 92 61 70 1478 209 185 164 118 79 1269 205 165 125 69 56 40 1064 126 938 195
is_linear=0
shrinkage=0.05


Tree=219
num_leaves=31
num_cat=0
split_feature=3 3 4 7 3 2 8 4 1 5 3 7 0 5 8 0 4 5 7 7 5 5 7 0 5 4 4 2 7 1
split_gain=8.55102 75.3234 160.663 61.633 55.7493 89.2592 140.893 133.139 97.0802 173.226 136.719 86.5289 149.432 63.6069 57.683 91.9739 87.0194 173.262 157.642 87.9534 76.8326 151.654 145.794 102.446 103.355 75.6483 126.61 185.706 116.039 115.183
threshold=7.3872476993416631 7.4817235944894174 12.556942897831636 0.0033648496547645005 7.0845229123514875 13.214285714285717 4.5000000000000009 11.581462411786573 6.5000000000000009 15.339917042936726 7.2899147555274757 0.70692751227672546 18.500000000000004 14.465370902369409 1.5000000000000002 9.5000000000000018 14.298441961023643 14.168292145751762 0.28375172070308757 0.62288580046435371 13.69509551906698 13.550681937761434 0.41856757364393143 5.5000000000000009 13.752833182006231 13.301115901108743 13.81198749746663 13.642857142857144 0.63659725847675264 12.500000000000002
decision_type=2 2 2 2 2 2 2 2 2 2 2 2 2 2 2 2 2 2 2 2 2 2 2 2 2 2 2 2 2 2
left_child=3 2 -2 -1 14 6 7 -6 -7 10 13 12 -11 -10 15 16 17 18 -5 -20 21 -16 -23 -22 -25 -17 -27 -28 29 -29
right_child=1 -3 -4 4 5 8 -8 -9 9 11 -12 -13 -14 -15 20 25 -18 -19 19 -21 23 22 -24 24 -26 26 27 28 -30 -31
leaf_value=-0.07633226633071899 0.066770025491714485 -0.00038106238743311374 -0.10043792023560871 0.05440669839198773 0.12475721403956413 -0.057887324350886053 -0.12657501287758352 -0.044150273927620484 0.02099234515335411 0.12489116908982396 0.21209801293747579 -0.083880294646535611 -0.055516283586621286 0.12743473276495934 0.011403376237480063 -0.03164148814574206 -0.096150996644388545 0.1100820282208068 -0.14328580461442472 -0.02512973753203239 0.076406057464191698 0.01292056067570768 0.17184497483315009 -0.11493535843633472 -0.0028719735283298364 0.1086422307657138 -0.13394658627069517 -0.0048441313127035738 -0.043551444260447172 0.073849181157927365
leaf_weight=25 20 1238 51 26 20 20 22 28 32 24 23 21 22 25 404 139 55 21 36 28 40 27 31 21 1017 31 23 93 64 93
leaf_count=25 20 1238 51 26 20 20 22 28 32 24 23 21 22 25 404 139 55 21 36 28 40 27 31 21 1017 31 23 93 64 93
internal_value=5.57354e-11 -0.00325339 -0.0533371 0.00176636 0.00258466 0.025599 -0.0217959 0.0262278 0.0454651 0.0595267 0.109198 0.000217069 0.0386093 0.0676776 4.65493e-05 -0.0129799 -0.0447225 -0.0192399 -0.049415 -0.0915925 0.00519793 0.0222576 0.0978629 -0.00211336 -0.00513915 -0.00108544 0.0128859 0.00201248 0.0145207 0.0345025
internal_weight=3720 1309 71 2411 2386 237 70 48 167 147 80 67 46 57 2149 609 166 111 90 64 1540 462 58 1078 1038 443 304 273 250 186
internal_count=3720 1309 71 2411 2386 237 70 48 167 147 80 67 46 57 2149 609 166 111 90 64 1540 462 58 1078 1038 443 304 273 250 186
is_linear=0
shrinkage=0.05


Tree=220
num_leaves=31
num_cat=0
split_feature=7 7 7 2 9 1 7 0 7 4 7 1 7 5 1 5 2 7 2 7 8 7 2 2 8 9 7 7 5 3
split_gain=9.03119 29.5831 16.5386 66.3824 30.7461 33.1033 30.7522 28.9941 24.2871 24.596 22.6579 155.753 42.3452 70.8611 95.7064 46.626 26.1277 26.5485 61.7864 44.3132 36.4119 32.2716 41.2723 53.8379 50.3963 29.9194 66.625 81.5559 103.463 61.8406
threshold=1.0000000180025095e-35 0.0078373048667990525 0.040506361211769308 11.785714285714286 2.5000000000000004 9.5000000000000018 0.027250961960885303 18.500000000000004 0.050315332460686611 15.498894984979 0.065758681759227611 15.500000000000002 0.099120481556777815 13.417928062306226 10.500000000000002 15.339917042936726 8.5000000000000018 0.10805101752054216 14.928571428571431 0.11758336274351622 2.5000000000000004 0.12348188893391697 20.357142857142858 20.071428571428573 2.5000000000000004 2.5000000000000004 0.19167603529873947 0.17259510097495093 13.71096735550047 3.50509832753866
decision_type=2 2 2 2 2 2 2 2 2 2 2 2 2 2 2 2 2 2 2 2 2 2 2 2 2 2 2 2 2 2
left_child=-1 -2 3 -3 -5 -6 7 -7 9 -4 11 -10 13 -12 -15 -16 -14 18 -18 20 -19 -21 23 25 -24 26 27 28 -23 -28
right_child=1 2 8 4 5 6 -8 -9 10 -11 12 -13 16 14 15 -17 17 19 -20 21 -22 22 24 -25 -26 -27 29 -29 -30 -31
leaf_value=0.031234312446221064 -0.049643805126349139 0.10127194296568631 -0.0039171877503395083 0.05452545279016098 -0.062745730951428422 -0.054489333762062921 0.040249471245585262 0.024939303472638133 0.11100772929921127 -0.078308733189478522 0.056412151101089658 -0.050109684877097604 0.056177127928960895 -0.11381073918412715 -0.041680770424696117 0.038348424275006565 0.09076738381385803 -0.099861606359481825 -0.027139128688722848 0.052004176775614419 -0.0093481490463018426 0.062176805216333147 -0.0022657359520403242 -0.078762507794255573 0.099339628608330441 0.0026584830412657579 0.07051978242342119 -0.13364277610724623 -0.072866643965244296 -0.0066252112859023771
leaf_weight=23 30 20 25 24 22 27 37 20 30 20 21 30 21 34 52 28 25 20 20 30 25 23 26 22 23 2270 27 22 37 686
leaf_count=23 30 20 25 24 22 27 37 20 30 20 21 30 21 34 52 28 25 20 20 30 25 23 26 22 23 2270 27 22 37 686
internal_value=-1.01876e-10 -0.000194317 0.000210233 0.0164697 0.00342315 -0.00814718 0.00615243 -0.0206899 -0.000483231 -0.0369801 -1.02014e-05 0.030449 -0.000545827 -0.0279893 -0.0435369 -0.0136706 0.00058474 0.00022619 0.0383645 -0.000308293 -0.0495764 0.00039198 -0.000101759 -0.000824431 0.0454266 -0.000265006 -0.00861258 -0.0512944 -0.0211 -0.00370387
internal_weight=3720 3697 3667 150 130 106 84 47 3517 45 3472 60 3412 135 114 80 3277 3256 45 3211 45 3166 3136 3087 49 3065 795 82 60 713
internal_count=3720 3697 3667 150 130 106 84 47 3517 45 3472 60 3412 135 114 80 3277 3256 45 3211 45 3166 3136 3087 49 3065 795 82 60 713
is_linear=0
shrinkage=0.05


Tree=221
num_leaves=31
num_cat=0
split_feature=5 5 3 7 4 4 4 3 7 1 3 3 4 3 1 3 5 5 0 7 2 1 0 3 5 5 9 4 1 5
split_gain=8.61568 42.3014 126.89 81.4341 71.0164 119.36 86.3211 66.3966 59.4678 56.3241 70.3814 182.731 105.078 97.3668 93.7482 137.282 112.604 145.004 77.0495 125.542 105.545 77.0361 62.4974 61.0238 73.0526 57.3657 55.0531 54.8373 127.658 93.6698
threshold=14.894500689213002 15.007739222948139 7.1080094473407138 0.53158523097013355 13.145131676426344 12.556942897831636 13.643606093397915 8.3380933893703837 0.013162775036022301 16.500000000000004 7.4097747539828704 7.6749437720912281 19.964664922053675 7.1280799525204452 12.500000000000002 4.6521877213394225 16.561232523093434 15.293161913695547 9.5000000000000018 0.39761387002279153 15.071428571428573 12.500000000000002 13.500000000000002 9.4327190609795597 16.020390956454992 15.542089947645099 3.5000000000000004 16.539768811771065 8.5000000000000018 15.790873342820621
decision_type=2 2 2 2 2 2 2 2 2 2 2 2 2 2 2 2 2 2 2 2 2 2 2 2 2 2 2 2 2 2
left_child=-1 2 3 -2 5 -3 -6 -4 -8 10 13 -12 18 14 27 -16 17 -17 19 -13 -20 23 -15 24 25 -22 -19 28 29 -10
right_child=1 4 7 -5 6 -7 8 -9 9 -11 11 12 -14 22 15 16 -18 26 20 -21 21 -23 -24 -25 -26 -27 -28 -29 -30 -31
leaf_value=-0.0021134454175563799 -0.059712343299761418 0.021769157143309712 0.14199455896658558 0.052670179279866051 0.067068519577384009 -0.12984858462931934 -0.070645985180704765 0.029887756586074832 -0.030631189468174669 -0.01074317981426744 -0.098979627047764501 -0.090789546415601913 -0.093022731443246215 0.01983612078940496 0.16751447600268185 0.11969924684613945 0.13126269504427909 0.017012181723939961 -0.067186443378096039 0.036118933744728569 -0.018750567308494025 0.096893010105726859 0.13394257694114156 0.088236147697482795 -0.048656800428503441 0.090570900376353958 -0.075557186863281667 0.020511361085359128 0.028292219535164212 -0.14958733781848266
leaf_weight=2100 40 25 28 27 50 27 29 25 59 546 47 38 24 20 21 20 21 29 23 40 21 53 30 28 38 28 36 155 69 23
leaf_count=2100 40 25 28 27 50 27 29 25 59 546 47 38 24 20 21 20 21 29 23 40 21 53 30 28 38 28 36 155 69 23
internal_value=1.47561e-10 0.00273965 0.0313054 -0.0144239 0.000454396 -0.0569554 0.00251607 0.089114 0.000207332 0.00170824 0.00996885 -0.00745857 0.00722228 0.0222366 0.014608 0.0507213 0.027583 0.00196799 0.0161661 -0.0257083 0.0332666 0.0470191 0.0883 0.0240337 0.00337086 0.0437188 -0.034257 -0.000380147 -0.0218251 -0.0639969
internal_weight=3720 1620 120 67 1500 52 1448 53 1398 1369 823 340 293 483 433 127 106 85 269 78 191 168 50 115 87 49 65 306 151 82
internal_count=3720 1620 120 67 1500 52 1448 53 1398 1369 823 340 293 483 433 127 106 85 269 78 191 168 50 115 87 49 65 306 151 82
is_linear=0
shrinkage=0.05


Tree=222
num_leaves=31
num_cat=0
split_feature=7 7 7 2 9 1 7 0 7 7 4 7 5 1 5 8 3 7 7 2 7 2 2 8 9 3 7 7 5 2
split_gain=8.62384 25.2933 16.0543 59.2399 28.4785 28.4987 26.7305 25.86 21.7737 36.799 177.884 38.312 64.2602 85.3781 41.1903 35.8481 25.6271 23.7679 76.7396 56.4614 29.956 36.1175 48.6123 46.1699 24.7433 68.6763 72.5087 70.3846 85.4042 51.5921
threshold=1.0000000180025095e-35 0.0078373048667990525 0.040506361211769308 11.785714285714286 2.5000000000000004 9.5000000000000018 0.027250961960885303 18.500000000000004 0.053857989274094055 0.065758681759227611 14.858027099328728 0.099120481556777815 13.417928062306226 10.500000000000002 15.339917042936726 2.5000000000000004 5.9841059323447565 0.10997748931255542 0.11758336274351622 14.928571428571431 0.12348188893391697 20.357142857142858 20.071428571428573 2.5000000000000004 2.5000000000000004 2.8743499452978107 0.19167603529873947 0.17259510097495093 13.726329287863278 9.071428571428573
decision_type=2 2 2 2 2 2 2 2 2 2 2 2 2 2 2 2 2 2 2 2 2 2 2 2 2 2 2 2 2 2
left_child=-1 -2 3 -3 -5 -6 7 -7 15 10 -10 12 -11 -14 16 -4 -15 19 -19 -13 -20 22 24 -23 25 -22 27 28 -27 -26
right_child=1 2 8 4 5 6 -8 -9 9 11 -12 17 13 14 -16 -17 -18 18 20 -21 21 23 -24 -25 29 26 -28 -29 -30 -31
leaf_value=0.030521773903266242 -0.045913730859756474 0.096314016394317151 -0.071677852528435851 0.053060896197954815 -0.057915530438450248 -0.050934614185933716 0.037800847990690056 0.024078401885926724 -0.061335360631346703 0.05369721608502525 0.1379288973286748 0.074097063688232628 -0.10785655342042447 -0.082247969827481685 0.035618904818381585 0.0057905253575881947 -0.01071087573805163 -0.079674118061860408 0.05039746910333634 -0.023783221353705114 0.07966634510084987 -0.0028587754099414901 -0.074535079232671039 0.09439285267954288 0.080728558699289965 0.047586311059801475 -0.0048617833630230523 -0.13390665778091976 -0.07716456813847318 0.0019944329652347259
leaf_weight=23 30 20 28 24 22 27 37 20 21 21 24 34 34 21 28 32 31 30 30 26 22 26 22 23 21 23 708 21 34 2257
leaf_count=23 30 20 28 24 22 27 37 20 21 21 24 34 34 21 28 32 31 30 30 26 22 26 22 23 21 23 708 21 34 2257
internal_value=-2.77582e-11 -0.000189884 0.000184186 0.0162038 0.00387911 -0.00725639 0.00601149 -0.0190142 -0.000499049 1.92447e-05 0.0449389 -0.000573189 -0.026677 -0.0414828 -0.0132739 -0.0303614 -0.0396009 0.000502189 -7.93478e-05 0.0316823 0.000669897 0.000197351 -0.000474154 0.0427899 5.38243e-05 -0.00746365 -0.00990241 -0.0556558 -0.0268265 0.00272025
internal_weight=3720 3697 3667 150 130 106 84 47 3517 3457 45 3412 135 114 80 60 52 3277 3217 60 3187 3157 3108 49 3086 808 786 78 57 2278
internal_count=3720 3697 3667 150 130 106 84 47 3517 3457 45 3412 135 114 80 60 52 3277 3217 60 3187 3157 3108 49 3086 808 786 78 57 2278
is_linear=0
shrinkage=0.05


Tree=223
num_leaves=31
num_cat=0
split_feature=5 7 4 3 1 4 3 7 1 1 7 5 0 0 7 1 1 1 2 4 2 5 7 3 4 4 3 7 4 3
split_gain=8.67286 52.6826 21.3992 59.7081 67.6248 40.9096 16.8402 26.7881 56.5875 63.4884 48.5443 37.387 31.2725 30.8348 20.7411 53.3239 18.575 95.565 179.935 105.004 107.206 79.0369 78.423 65.9929 50.9682 75.7409 87.9193 86.378 81.2686 112.891
threshold=11.647563274155504 0.46235292041081527 9.5334377140290378 5.282495802626058 12.500000000000002 9.8990604432868619 11.039964297125545 0.83589943869142747 7.5000000000000009 13.500000000000002 0.81560440812257118 14.554050132928563 18.500000000000004 10.500000000000002 0.80441415073514488 13.500000000000002 9.5000000000000018 10.500000000000002 13.071428571428573 14.240840132370948 15.642857142857144 15.452011366629909 0.78411548783517437 7.1746909672954198 10.805421097268455 12.761707183731898 5.5506327395643664 0.15221362765975241 13.145131676426344 6.414269805898182
decision_type=2 2 2 2 2 2 2 2 2 2 2 2 2 2 2 2 2 2 2 2 2 2 2 2 2 2 2 2 2 2
left_child=1 -1 3 -2 -5 -4 7 10 -9 -10 14 -11 13 -12 16 -16 22 18 -18 -20 -21 -22 24 -23 -7 26 -26 -28 29 -27
right_child=2 -3 5 4 -6 6 -8 8 9 11 12 -13 -14 -15 15 -17 17 -19 19 20 21 23 -24 -25 25 28 27 -29 -30 -31
leaf_value=0.031093523197847868 0.10063867781311274 -0.077133263918486517 -0.062748839491261893 0.068033041283488277 -0.052345687204173631 -0.061162310637332296 -0.043413815918293873 0.087753232223568137 -0.053198461458086967 0.089522448111148123 -0.053240889658530556 -0.00017560330721048208 -0.077759604007005698 0.015839194384004388 0.085094138112268417 -0.013779799823338788 0.1438044076841889 -0.00018759949674439854 -0.065578501741401854 0.11367074545705691 -0.072566446597161507 -0.020467293113470078 -0.1039607198536396 0.10797814570367337 0.094820642285048967 0.00096367917334040014 0.090306645072996627 -0.018165599330304524 -0.0035190136779007781 -0.15777754783630371
leaf_weight=23 20 22 26 20 28 37 22 27 30 21 30 26 30 35 25 30 33 2283 32 32 23 20 20 20 40 24 24 78 618 21
leaf_count=23 20 22 26 20 28 37 22 27 30 21 30 26 30 35 25 30 33 2283 32 32 23 20 20 20 40 24 24 78 618 21
internal_value=1.21419e-10 -0.0218174 0.000267151 0.0280552 -0.00218788 -0.000256716 0.000197011 0.000466592 0.0254691 0.00362925 -0.000286017 0.0399022 -0.0355331 -0.0160439 0.000710552 0.0311629 0.00020378 0.00243037 0.0397855 0.012757 0.0391437 0.00128871 -0.00610661 0.0437554 -0.00378229 -0.00114495 0.0319948 0.00735728 -0.00824276 -0.0731156
internal_weight=3720 45 3675 68 48 3607 3581 3559 104 77 3455 47 95 65 3360 55 3305 2443 160 127 95 63 862 40 842 805 142 102 663 45
internal_count=3720 45 3675 68 48 3607 3581 3559 104 77 3455 47 95 65 3360 55 3305 2443 160 127 95 63 862 40 842 805 142 102 663 45
is_linear=0
shrinkage=0.05


Tree=224
num_leaves=31
num_cat=0
split_feature=2 5 5 2 2 4 5 0 3 7 0 1 7 9 7 5 4 4 7 7 3 3 3 7 3 5 5 3 5 2
split_gain=8.54919 46.7692 16.1635 21.9265 17.6547 32.6145 15.5806 58.4595 75.3026 21.8578 47.5572 21.2393 89.4941 60.4927 32.0051 21.7352 40.2658 23.0993 20.9066 204.989 100.548 119.443 115.599 102.675 90.4236 83.8343 80.5978 78.2577 65.4984 120.901
threshold=20.785714285714288 17.414868073586483 17.749745411860165 20.214285714285719 19.500000000000004 18.810705281048129 16.812504006790494 12.500000000000002 7.3872476993416631 0.85079024139261561 10.500000000000002 3.5000000000000004 0.56555386899886984 4.5000000000000009 0.29745207974185994 16.681526771271628 19.577981262407199 19.094209991429775 0.70353679262213464 0.71855791366696176 7.8709834806319448 7.5922891596811164 8.081430667864316 0.76183052268658635 7.1280799525204452 15.096075002343236 13.293683305632028 4.3861253103502671 15.496290301695408 14.071428571428573
decision_type=2 2 2 2 2 2 2 2 2 2 2 2 2 2 2 2 2 2 2 2 2 2 2 2 2 2 2 2 2 2
left_child=2 -2 3 4 6 -6 9 -8 -9 11 -11 12 13 14 -1 16 17 18 -13 24 21 23 -22 25 -20 26 -21 -25 29 -24
right_child=1 -3 -4 -5 5 -7 7 8 -10 10 -12 15 -14 -15 -16 -17 -18 -19 19 20 22 -23 28 27 -26 -27 -28 -29 -30 -31
leaf_value=-0.07083706288110643 -0.073458407074213028 0.029640420729463754 -0.039021264604077892 0.045433173570092078 -0.064246453498971887 0.013683241363381969 -0.035495749700137157 -0.0021667094566883184 0.10045798910979294 0.017581238642334938 -0.078122287105630961 -0.00040484320581020254 -0.10178435364594828 0.07547396164048803 0.012892532706260682 -0.049490472709848771 0.063516250768533122 -0.043379615157328806 0.050090054435034594 0.01225568535072463 0.14309865453502757 -0.12528721307489007 0.068162690103054049 0.090082064990339605 0.18536763514081639 0.020555130158151899 -0.10155652285863957 0.0026532343631490655 0.09921204539015889 -0.050081093924549916
leaf_weight=21 22 22 26 27 29 25 33 39 33 25 27 2675 26 22 25 21 26 29 30 21 22 22 37 29 21 35 60 218 20 52
leaf_count=21 22 22 26 27 29 25 33 39 33 25 27 2675 26 22 25 21 26 29 30 21 22 22 37 29 21 35 60 218 20 52
internal_value=-1.70702e-10 -0.021909 0.00026224 0.000542068 0.000207522 -0.0281679 0.00063685 0.0196119 0.0448696 6.16819e-05 -0.032111 0.000552004 -0.0228854 0.0072818 -0.0253318 0.00121599 0.00153897 0.00104633 0.00144372 0.0101649 0.000713348 -0.0121614 0.0385513 -0.00530525 0.105793 -0.0441086 -0.0720497 0.0129182 0.0174499 -0.000923566
internal_weight=3720 44 3676 3650 3623 54 3569 105 72 3464 52 3412 94 68 46 3318 3297 3271 3242 567 516 385 131 363 51 116 81 247 109 89
internal_count=3720 44 3676 3650 3623 54 3569 105 72 3464 52 3412 94 68 46 3318 3297 3271 3242 567 516 385 131 363 51 116 81 247 109 89
is_linear=0
shrinkage=0.05


Tree=225
num_leaves=31
num_cat=0
split_feature=3 8 4 2 4 7 2 1 3 9 4 1 3 2 7 0 8 3 2 7 3 7 7 5 0 3 4 2 4 1
split_gain=8.60014 46.1317 89.5186 122.321 70.3351 126.755 68.5101 54.3191 36.4496 74.3966 93.0246 26.965 25.7582 221.296 52.0456 36.9596 24.1257 113.222 133.316 100.757 107.129 82.7618 93.9511 86.0918 116.409 77.5852 75.568 88.5237 126.46 84.1122
threshold=4.0059303218556899 1.0000000180025095e-35 12.911293469759967 12.071428571428573 14.966326695630132 0.37463955187973802 14.357142857142859 13.500000000000002 4.3861253103502671 3.5000000000000004 14.267647798219096 16.500000000000004 4.5773770821706457 15.500000000000002 0.54832137687450644 10.500000000000002 1.0000000180025095e-35 8.2404345701402164 17.500000000000004 0.68554410338876903 6.0670852812140286 0.30242799912791579 0.36351628482193138 15.466273577182184 9.5000000000000018 7.5023805745719327 17.202787520125771 12.785714285714286 14.353892941482075 14.500000000000002
decision_type=2 2 2 2 2 2 2 2 2 2 2 2 2 2 2 2 2 2 2 2 2 2 2 2 2 2 2 2 2 2
left_child=1 -1 3 7 6 -6 -4 -3 9 11 -11 -2 13 14 15 -10 17 19 -19 21 -21 26 -23 24 -24 -22 27 -14 -29 -30
right_child=8 2 4 -5 5 -7 -8 -9 12 10 -12 -13 16 -15 -16 -17 -18 18 -20 20 25 22 23 -25 -26 -27 -28 28 29 -31
leaf_value=0.049424802383472181 -0.038288309630986894 -0.065638815585909213 -0.046135083886070384 0.12168666351247917 -0.096314506880615075 0.058604302858152706 -0.16155351936817169 0.026311393118359977 -0.092194753997027881 0.11950083604880742 -0.0015940791574017756 0.033437882401049134 0.052814734329779948 0.11109151945195415 -0.13459726842966946 -0.0017858772323681759 0.002138004240577078 0.075170392614296255 -0.066430860419165003 -0.048909788665672145 0.11490013167700347 -0.14646693399319283 -0.086688140997799437 -0.11459108928684146 0.02122546563623473 -0.0092084494791924969 0.082925349846482282 -0.12841673072788024 0.071102280331694565 -0.049456568979299988
leaf_weight=29 38 29 36 22 23 31 20 36 20 35 29 20 30 22 22 26 2802 68 22 30 34 26 41 32 64 20 20 31 23 39
leaf_count=29 38 29 36 22 23 31 20 36 20 35 29 20 30 22 22 26 2802 68 22 30 34 26 41 32 64 20 20 31 23 39
internal_value=4.32959e-11 -0.00945276 -0.01812 0.0197792 -0.0480949 -0.00737963 -0.087356 -0.0147125 0.000611426 0.0274599 0.0646297 -0.0135551 -0.000359958 -0.0267495 -0.0713451 -0.0410941 0.000363704 -0.00999378 0.0405568 -0.0216593 0.0268469 -0.0349747 -0.0593303 -0.0427934 -0.0209122 0.068934 -0.00721275 -0.0218694 -0.045961 -0.00473312
internal_weight=3720 226 197 87 110 54 56 65 3494 122 64 58 3372 90 68 46 3282 480 90 390 84 306 163 137 105 54 143 123 93 62
internal_count=3720 226 197 87 110 54 56 65 3494 122 64 58 3372 90 68 46 3282 480 90 390 84 306 163 137 105 54 143 123 93 62
is_linear=0
shrinkage=0.05


Tree=226
num_leaves=31
num_cat=0
split_feature=4 3 8 4 3 4 9 4 7 5 5 3 0 5 2 5 3 5 7 3 5 7 7 1 7 8 7 7 2 2
split_gain=8.08986 62.466 84.5828 33.3879 24.1666 20.1741 118.99 24.3037 39.6975 25.9686 96.5049 45.8319 43.8388 26.7707 92.0261 57.4933 52.2933 34.8789 56.6357 22.2431 18.2775 81.5645 66.7322 105.5 101.127 141.041 74.7093 74.6018 62.8455 127.834
threshold=19.964664922053675 9.0079330116768244 2.5000000000000004 19.577981262407199 7.0373146921905123 19.094209991429775 3.5000000000000004 18.898102492529613 0.85828653656682741 16.981978212425521 16.737414395340434 7.1080094473407138 16.500000000000004 16.498026898258573 17.928571428571434 16.387244095790944 6.2373681873657283 16.291758455811983 0.37116367046161153 6.7998599425352291 14.894500689213002 0.027250961960885303 0.76991215837875371 13.500000000000002 0.70353679262213464 4.5000000000000009 0.82006998554388677 0.72791224774868568 16.071428571428573 15.928571428571431
decision_type=2 2 2 2 2 2 2 2 2 2 2 2 2 2 2 2 2 2 2 2 2 2 2 2 2 2 2 2 2 2
left_child=3 2 -2 5 -4 7 -7 8 9 10 13 -11 -13 15 16 17 -15 20 -19 -17 -1 -22 24 26 28 27 -24 -26 29 -23
right_child=1 -3 4 -5 -6 6 -8 -9 -10 11 -12 12 -14 14 -16 19 -18 18 -20 -21 21 22 23 -25 25 -27 -28 -29 -30 -31
leaf_value=-0.0019342789355351756 -0.049253306641346882 -0.090614154792967305 0.018314611131236665 0.054771212767809635 0.095111815484706319 0.045719035245754103 -0.10014157331195371 0.046829426847398284 -0.06272020556777716 -0.083915503621101395 0.08894729950735647 -0.052237726464158009 0.046683659295861921 -0.006526865307241678 0.059380120225250722 0.020531385269991698 -0.11238386482000351 -0.10642622128129005 0.0014943914067360663 0.091705277548728356 -0.060798849893564537 0.012211255631008812 -0.13142978576322398 0.016114094321216858 0.089033336392962015 0.1644867212176323 -0.010122420960529285 -0.021483210917260197 -0.0080830939645914601 0.10984467400444881
leaf_weight=2084 36 21 21 28 20 27 29 28 25 25 31 21 24 20 20 21 28 20 31 23 44 488 30 63 26 25 22 37 366 36
leaf_count=2084 36 21 21 28 20 27 29 28 25 25 31 21 24 20 20 21 28 20 31 23 44 488 30 63 26 25 22 37 366 36
internal_value=7.56893e-11 -0.0141752 0.00667174 0.000383538 0.0557767 -4.01838e-05 -0.0298159 0.000431111 6.09821e-05 0.000511349 0.00112929 -0.0296353 0.000520346 0.00032481 -0.0307306 0.000961653 -0.0682768 0.000198185 -0.0408274 0.0577359 0.000847767 0.00594696 0.00863389 -0.0273948 0.0128704 0.0640018 -0.0801074 0.0241268 0.00781471 0.0189189
internal_weight=3720 98 77 3622 41 3594 56 3538 3510 3485 3415 70 45 3384 68 3316 48 3272 51 44 3221 1137 1093 115 978 88 52 63 890 524
internal_count=3720 98 77 3622 41 3594 56 3538 3510 3485 3415 70 45 3384 68 3316 48 3272 51 44 3221 1137 1093 115 978 88 52 63 890 524
is_linear=0
shrinkage=0.05


Tree=227
num_leaves=31
num_cat=0
split_feature=7 7 7 2 1 9 1 7 4 7 4 7 5 3 5 3 2 5 3 3 5 4 7 2 7 4 4 3 5 0
split_gain=8.47968 22.8406 14.9349 51.5042 26.2296 78.5978 64.842 20.0201 33.3724 32.6693 161.74 35.8272 59.5268 72.7015 82.3978 58.576 21.2998 21.613 68.1066 98.6724 78.5092 111.899 81.6448 66.7974 64.9358 153.148 91.7956 79.6518 63.2532 252.099
threshold=1.0000000180025095e-35 0.0078373048667990525 0.040506361211769308 11.785714285714286 14.500000000000002 3.5000000000000004 22.500000000000004 0.053857989274094055 15.774032689425779 0.065758681759227611 14.858027099328728 0.099120481556777815 14.02487730182297 7.5671594595926281 15.068807265785582 6.152814630930604 8.5000000000000018 12.951608688134103 4.5773770821706457 4.1604706010168817 12.820273303241324 12.857556959421261 0.67122532536049118 11.928571428571431 0.49919894374383444 10.805421097268455 11.382655915535119 5.8145957563294024 13.249344222509469 9.5000000000000018
decision_type=2 2 2 2 2 2 2 2 2 2 2 2 2 2 2 2 2 2 2 2 2 2 2 2 2 2 2 2 2 2
left_child=-1 -2 3 -3 5 -5 -6 8 -4 10 -9 12 15 14 -14 -11 -13 18 19 -18 21 22 24 -22 26 -26 27 -20 29 -19
right_child=1 2 7 4 6 -7 -8 9 -10 11 -12 16 13 -15 -16 -17 17 28 20 -21 23 -23 -24 -25 25 -27 -28 -29 -30 -31
leaf_value=0.030265592232994409 -0.043638703127702079 0.090315003525465731 0.0013204704750225775 0.084028815321864625 -0.050886809453368188 -0.027680540364235642 0.05514764093926975 -0.05900782657166323 -0.074796705724050602 0.074519454936186474 0.13099939106420305 0.050680949432509281 -0.15075583952665328 0.012723026568851166 -0.03117971858557533 -0.03982646986842156 -0.0084056497957461923 -0.056266350221802611 0.091353490538895132 -0.13565497216582298 -0.11753350005795558 0.098145723808556795 -0.054646305739879608 -0.0092316181744847969 -0.03083678605881604 0.15004437211155894 -0.065547036174684756 -0.013826123277346294 -0.00015050896840757398 0.077717007922295189
leaf_weight=23 30 20 36 31 46 32 21 21 24 24 24 21 25 31 34 21 39 53 30 25 24 32 55 35 22 25 40 45 2727 104
leaf_count=23 30 20 36 31 46 32 21 21 24 24 24 21 25 31 34 21 39 53 30 25 24 32 55 35 22 25 40 45 2727 104
internal_value=-1.81351e-10 -0.00018829 0.000167181 0.0156182 0.00412633 0.0272876 -0.0176521 -0.000491803 -0.0291264 5.18152e-06 0.0423294 -0.000553021 -0.0257962 -0.0492733 -0.0818476 0.021158 0.000486901 0.000163167 -0.0111794 -0.0581124 -0.0014271 0.0108609 -0.00201059 -0.0532866 0.0158596 0.0653766 -0.00437785 0.0282457 0.00162622 0.032487
internal_weight=3720 3697 3667 150 130 63 67 3517 60 3457 45 3412 135 90 59 45 3277 3256 372 64 308 249 217 59 162 47 115 75 2884 157
internal_count=3720 3697 3667 150 130 63 67 3517 60 3457 45 3412 135 90 59 45 3277 3256 372 64 308 249 217 59 162 47 115 75 2884 157
is_linear=0
shrinkage=0.05


Tree=228
num_leaves=31
num_cat=0
split_feature=3 3 4 7 3 8 5 4 4 3 7 8 7 4 5 1 5 7 3 3 1 0 0 9 4 2 4 1 5 2
split_gain=7.95152 66.9993 140.201 50.7768 47.2842 112.778 182.552 106.777 167.223 75.9712 118.793 87.7945 93.6951 64.1293 76.9776 112.336 68.4911 68.4662 66.9191 49.2924 43.4536 43.2056 58.7756 41.8935 45.8699 112.859 72.7205 59.3221 120.29 139.215
threshold=7.3872476993416631 7.4817235944894174 12.556942897831636 0.0033648496547645005 6.8660656232559525 4.5000000000000009 15.068807265785582 16.830384385516528 17.666244232755616 6.7188434378884914 0.26406676534111551 1.5000000000000002 0.6487464738147366 15.701852789321551 15.339917042936726 11.500000000000002 13.659177539888379 0.51743663576415433 7.1080094473407138 6.6939916200667469 14.500000000000002 8.5000000000000018 15.500000000000002 1.5000000000000002 18.810705281048129 17.642857142857149 18.49255432513057 6.5000000000000009 14.614777761740365 15.785714285714286
decision_type=2 2 2 2 2 2 2 2 2 2 2 2 2 2 2 2 2 2 2 2 2 2 2 2 2 2 2 2 2 2
left_child=3 2 -2 -1 9 7 21 13 -9 19 -11 -12 -13 14 15 17 -17 -6 -18 -5 -4 -7 -23 -3 26 -26 27 28 -25 -30
right_child=1 23 20 4 5 6 -8 8 -10 10 11 12 -14 -15 -16 16 18 -19 -20 -21 -22 22 -24 24 25 -27 -28 -29 29 -31
leaf_value=-0.069184089899063106 0.061825955659151083 0.054305671032189452 -0.043449088283207107 0.00054949490320578694 -0.048693844396620993 -0.13227181739427826 0.064602049054681435 -0.14338510978966953 0.034441500510542823 0.046446371078491214 -0.16258858939011891 0.020679414648163533 -0.11395170123626788 0.10383259554139593 -0.051108563217249783 0.13701250234411821 -0.017457837643830673 0.053580839845041445 0.08909849873403225 0.066242143306238899 -0.1362014237990869 0.01458780694575537 -0.098878739416599276 -0.0092677755396307262 -0.12390622141269536 -0.0038093290505400281 0.080588063597679144 -0.0055437981021884443 0.18046613264343014 0.020220478172555116
leaf_weight=25 20 34 23 1862 36 22 36 20 39 27 21 28 24 44 22 36 23 30 41 29 28 21 25 81 26 79 28 934 23 33
leaf_count=25 20 34 23 1862 36 22 36 20 39 27 21 28 24 44 22 36 23 30 41 29 28 21 25 81 26 79 28 934 23 33
internal_value=-1.8826e-11 -0.00313727 -0.0503725 0.00170331 0.00244606 0.0182487 -0.0264416 0.0342205 -0.0258387 -0.000689073 -0.0431613 -0.0763038 -0.041458 0.0494942 0.0367767 0.0484241 0.0818396 -0.00220535 0.0508048 0.00155694 -0.0943719 -0.0746412 -0.0470788 -0.000428304 -0.00197395 -0.0335476 0.00104264 -0.00103698 0.0296884 0.0860357
internal_weight=3720 1309 71 2411 2386 395 104 291 59 1991 100 73 52 232 188 166 100 66 64 1891 51 68 46 1238 1204 105 1099 1071 137 56
internal_count=3720 1309 71 2411 2386 395 104 291 59 1991 100 73 52 232 188 166 100 66 64 1891 51 68 46 1238 1204 105 1099 1071 137 56
is_linear=0
shrinkage=0.05


Tree=229
num_leaves=31
num_cat=0
split_feature=7 7 7 2 9 1 7 0 4 3 3 3 2 5 4 0 4 1 2 0 2 4 0 2 2 5 5 0 9 7
split_gain=8.96064 19.0899 13.7391 46.0898 24.3556 27.4846 23.4237 24.1952 19.2626 116.636 45.9553 21.2286 83.4349 56.305 50.9899 98.3882 93.0913 60.442 113.516 55.0894 55.5768 78.3516 67.4126 49.7852 47.0433 82.8593 36.292 32.6817 75.1912 105.799
threshold=1.0000000180025095e-35 0.0078373048667990525 0.040506361211769308 11.785714285714286 2.5000000000000004 9.5000000000000018 0.027250961960885303 18.500000000000004 20.136743845965263 8.2404345701402164 6.2373681873657283 8.7858106539118186 18.785714285714288 16.459074711671622 16.359430279893179 17.500000000000004 14.912685315578861 8.5000000000000018 16.071428571428573 4.5000000000000009 13.071428571428573 14.40785398969893 13.500000000000002 16.785714285714288 15.071428571428573 14.382378130677905 15.676366089844999 19.500000000000004 2.5000000000000004 0.11758336274351622
decision_type=2 2 2 2 2 2 2 2 2 2 2 2 2 2 2 2 2 2 2 2 2 2 2 2 2 2 2 2 2 2
left_child=-1 -2 3 -3 -5 -6 7 -7 11 10 -10 27 13 14 16 23 19 -18 -19 -13 -21 22 -22 26 25 -24 -16 -4 -29 -30
right_child=1 2 8 4 5 6 -8 -9 9 -11 -12 12 -14 -15 15 -17 17 18 -20 20 21 -23 24 -25 -26 -27 -28 28 29 -31
leaf_value=0.031112059173376668 -0.039916589657465619 0.085612534284591688 0.0013677383435006013 0.049562515256305534 -0.055967704003507451 -0.047490860604577599 0.036569876206182954 0.025067435353994375 -0.030450309338894761 -0.11074370673069588 0.06959574827924371 -0.050776711354653038 0.086976769543958443 -0.055405676189345998 0.021054256137679608 0.13394960510459814 0.026884032189846044 -0.012725564418360591 -0.15657601685573658 0.094218520341174949 -0.0852456706762314 0.10515493575483562 0.05184230925920217 0.081254235696978871 0.069183908855276449 -0.08552817645527068 -0.062546060695534658 -0.042061367644438227 -0.074511453165146332 0.0048963501611176659
leaf_weight=23 30 20 2365 24 22 27 37 20 22 26 24 24 33 36 34 22 20 32 24 28 20 20 23 20 28 21 21 152 46 476
leaf_count=23 30 20 2365 24 22 27 37 20 22 26 24 24 33 36 34 22 20 32 24 28 20 20 23 20 28 21 21 152 46 476
internal_value=1.02007e-10 -0.000193556 0.000131421 0.0149509 0.00407994 -0.00621801 0.00681168 -0.016615 -0.000500632 -0.0260965 0.0217476 3.43174e-05 0.0107727 0.00403078 0.0103801 0.0409727 -0.00198445 -0.0477284 -0.0743758 0.019214 0.0312124 0.0154609 -0.00403785 0.0136995 0.0185199 -0.0137209 -0.0108659 -0.00140029 -0.011113 -0.00210127
internal_weight=3720 3697 3667 150 130 106 84 47 3517 72 46 3445 406 373 337 97 240 76 56 164 140 112 92 75 72 44 55 3039 674 522
internal_count=3720 3697 3667 150 130 106 84 47 3517 72 46 3445 406 373 337 97 240 76 56 164 140 112 92 75 72 44 55 3039 674 522
is_linear=0
shrinkage=0.05


Tree=230
num_leaves=31
num_cat=0
split_feature=7 7 3 3 2 2 3 1 5 0 5 2 0 9 8 1 1 9 5 2 5 1 5 2 7 2 8 7 5 2
split_gain=8.08697 17.2287 12.4128 81.6128 106.932 87.5264 66.2168 69.173 77.9649 89.8699 90.1295 71.8638 104.129 63.8077 53.8669 98.5116 90.5492 75.2506 52.6775 70.7144 66.8639 85.4556 68.9091 111.487 144.901 162.894 98.2623 172.108 135.799 98.4695
threshold=1.0000000180025095e-35 0.0078373048667990525 7.3872476993416631 7.6749437720912281 12.500000000000002 11.500000000000002 7.9041881604748268 6.5000000000000009 16.112453377900579 22.500000000000004 15.324396605496306 12.928571428571431 11.500000000000002 1.5000000000000002 1.0000000180025095e-35 7.5000000000000009 16.500000000000004 3.5000000000000004 16.498026898258573 18.071428571428573 15.48230648446158 22.500000000000004 15.007739222948139 15.214285714285717 0.3327253615499145 16.642857142857149 1.5000000000000002 0.35404186965611922 14.894500689213002 11.214285714285717
decision_type=2 2 2 2 2 2 2 2 2 2 2 2 2 2 2 2 2 2 2 2 2 2 2 2 2 2 2 2 2 2
left_child=-1 -2 -3 4 5 -4 7 -5 9 10 11 -9 -13 -8 -6 -16 -17 -18 20 -20 22 -22 26 -24 -25 -26 27 -15 29 -28
right_child=1 2 3 6 14 -7 13 8 -10 -11 -12 12 -14 18 15 16 17 -19 19 -21 21 -23 23 24 25 -27 28 -29 -30 -31
leaf_value=0.02955645685610564 -0.037920759568611781 0.002267889004603963 -0.031688546072691684 0.10560518067616682 -0.11323124457288672 0.11623577386140825 0.070780016927580749 -0.068486942705653961 0.099154298403300353 0.080572944507002836 -0.10202260911464692 0.12483950452435584 -0.02761709423114856 -0.038074014465822731 0.050017885063533433 -0.098888697298090966 -0.064680785028373489 0.043965477918585148 -0.083832692999082303 -0.0014642904038753427 0.03542351243956076 -0.055654140611489614 -0.097252727167991312 0.08469822005978947 0.024373743765883978 -0.16130043899729141 -0.12637870948423038 0.090098582363840371 0.094593461889487057 -0.016341110420371615
leaf_weight=23 30 2377 20 26 27 20 28 21 24 27 26 21 24 43 27 61 34 30 48 57 182 30 54 29 27 21 22 67 26 268
leaf_count=23 30 2377 20 26 27 20 28 21 24 27 26 21 24 43 27 61 34 30 48 57 182 30 54 29 27 21 22 67 26 268
internal_value=-5.64974e-11 -0.000183878 0.00012485 -0.00382399 -0.0316357 0.0422736 0.00186299 0.0305853 0.0169453 0.000365338 -0.0231739 0.00788778 0.0435293 -0.00351846 -0.0481517 -0.0365915 -0.0552991 -0.0137528 -0.00589873 -0.0391184 -0.00136289 0.0225352 -0.0104587 -0.0421726 -0.00354506 -0.0568587 -0.000706331 0.0399947 -0.0148744 -0.0246888
internal_weight=3720 3697 3667 1290 219 40 1071 169 143 119 92 66 45 902 179 152 125 64 874 105 769 212 557 131 77 48 426 110 316 290
internal_count=3720 3697 3667 1290 219 40 1071 169 143 119 92 66 45 902 179 152 125 64 874 105 769 212 557 131 77 48 426 110 316 290
is_linear=0
shrinkage=0.05


Tree=231
num_leaves=31
num_cat=0
split_feature=3 0 8 0 2 9 4 1 3 3 9 1 0 7 4 3 4 8 4 1 5 2 5 2 5 5 2 1 3 8
split_gain=8.05793 45.3745 75.9223 69.4167 74.8272 54.2495 62.0966 48.8313 55.0974 33.0651 67.3198 83.8598 94.6151 27.2633 23.3122 120.311 109.045 97.0936 79.6088 112.918 73.7595 123.1 72.9942 67.3602 70.4956 59.8956 48.7273 170.77 136.238 80.1389
threshold=4.0059303218556899 17.500000000000004 3.5000000000000004 14.500000000000002 14.071428571428573 3.5000000000000004 11.672347023524869 11.500000000000002 3.4364987719369018 4.3861253103502671 3.5000000000000004 12.500000000000002 13.500000000000002 0.45089556694876659 14.324538393890881 4.4801077021290761 14.214972572343266 3.5000000000000004 14.545648438279873 9.5000000000000018 14.806968296024168 14.357142857142859 15.861016332347925 12.928571428571431 13.204267203419748 13.581554809909809 14.785714285714286 8.5000000000000018 6.3433504741654705 2.5000000000000004
decision_type=2 2 2 2 2 2 2 2 2 2 2 2 2 2 2 2 2 2 2 2 2 2 2 2 2 2 2 2 2 2
left_child=1 3 -3 5 -5 7 -7 -1 -9 10 13 -12 -13 -2 15 -11 22 -18 19 -16 21 -21 26 -20 -25 -26 -17 -28 -29 -30
right_child=9 2 -4 4 -6 6 -8 8 -10 14 11 12 -14 -15 18 16 17 -19 23 20 -22 -23 -24 24 25 -27 27 28 29 -31
leaf_value=-0.047152379596674884 -0.045970097469786808 -0.12313992891992842 0.012980099320411682 0.10972341200193535 -0.0044729386689141394 0.0056256628817036042 -0.10727077614644479 -0.010232474149337837 0.095505278896201751 -0.11367287464812399 0.1464135242253542 0.09966614246368409 -0.047126059493292932 0.022631433160443391 -0.056609515574845407 0.0012341802008819019 -0.017227123528718951 -0.15740518413838889 -0.065898412687552949 0.12178479395806791 0.12505319489993982 -0.033929860666394238 0.079383232284869473 0.093338544418414437 -0.061752664277682438 0.0025800214192651235 -0.11615202245188923 -0.098450876993161671 -0.019409803995624822 0.070272101440800816
leaf_weight=27 30 21 20 26 32 21 29 28 22 25 20 21 23 28 22 1262 30 21 37 22 36 30 28 21 37 1633 41 27 47 53
leaf_count=27 30 21 20 26 32 21 29 28 22 25 20 21 23 28 22 1262 30 21 37 22 36 30 28 21 37 1633 41 27 47 53
internal_value=-4.30001e-11 -0.00914992 -0.0567399 0.00139705 0.0467185 -0.019301 -0.0598543 0.00703237 0.0362921 0.000591838 0.0261634 0.0615213 0.0229339 -0.0128521 -0.00033335 -0.00488404 -0.00308171 -0.0749475 0.00346467 0.044708 0.0700373 0.0319494 -0.000567888 0.000839233 0.00229949 0.00115469 -0.00213336 -0.02743 0.0012125 0.0281216
internal_weight=3720 226 41 185 58 127 50 77 50 3494 122 64 44 58 3372 1534 1509 51 1838 110 88 52 1458 1728 1691 1670 1430 168 127 100
internal_count=3720 226 41 185 58 127 50 77 50 3494 122 64 44 58 3372 1534 1509 51 1838 110 88 52 1458 1728 1691 1670 1430 168 127 100
is_linear=0
shrinkage=0.05


Tree=232
num_leaves=31
num_cat=0
split_feature=5 7 2 4 3 8 7 8 8 0 7 1 2 5 7 1 9 4 9 5 1 4 5 4 8 4 4 4 3 7
split_gain=8.06542 48.6072 21.0426 12.5193 47.1846 126.954 96.4669 74.8123 44.0071 43.9049 24.6644 51.8402 59.6996 29.1638 23.77 35.007 91.632 17.451 86.6055 70.8337 75.9296 56.2651 46.1102 42.4614 305.682 89.1747 55.1593 71.791 70.4438 40.0326
threshold=11.647563274155504 0.46235292041081527 8.9285714285714306 10.581361185473959 6.9333543135894393 4.5000000000000009 0.46235292041081527 2.5000000000000004 3.5000000000000004 12.500000000000002 0.83589943869142747 7.5000000000000009 14.357142857142859 15.820092460196117 0.81861465225589847 13.500000000000002 3.5000000000000004 11.326143496166738 2.5000000000000004 13.452649411919372 17.500000000000004 11.005468809243625 12.271820427177964 11.581462411786573 3.5000000000000004 11.672347023524869 11.807206169235227 11.948291405317837 5.9401779675119455 0.35404186965611922
decision_type=2 2 2 2 2 2 2 2 2 2 2 2 2 2 2 2 2 2 2 2 2 2 2 2 2 2 2 2 2 2
left_child=1 -1 -2 4 5 6 7 -4 -6 -7 14 -12 -13 -14 17 -16 -17 18 21 20 29 -5 -19 24 -24 -25 28 -28 -27 -20
right_child=2 -3 3 10 8 9 -8 -9 -10 -11 11 12 13 -15 15 16 -18 22 19 -21 -22 -23 23 25 -26 26 27 -29 -30 -31
leaf_value=0.029783695709446202 0.038841667100787167 -0.074172754264013332 0.06767266270305429 0.018594367553790413 -0.000343378023667769 0.024610359221696854 -0.096364187975140181 -0.051326924577355382 -0.094122493517552988 0.12937785357236861 0.08416488496931615 0.050221382950743049 -0.081224775463342669 0.0041623118519783023 -0.062805516630209779 -0.060970034435391431 0.08261687853373588 -0.072474080899899651 -0.070509876239867444 -0.064121914106244987 0.083612673344283281 0.12686207038350403 0.066014371582252138 0.093239996539285552 -0.14760746423042181 0.021845698840916156 0.070341581710287038 0.00025382231546999297 -0.098513850521656787 0.024973908001961916
leaf_weight=23 35 22 28 24 22 20 34 25 29 20 27 36 20 20 37 25 20 22 21 37 29 24 34 26 33 20 37 2916 31 23
leaf_count=23 35 22 28 24 22 20 34 25 29 20 27 36 20 20 37 25 20 22 21 37 29 24 34 26 33 20 37 2916 31 23
internal_value=-1.11576e-10 -0.0210395 0.000257626 -0.000113374 -0.0130453 0.00326806 -0.030629 0.0115408 -0.0536688 0.0769941 0.000551525 0.0246522 0.00350948 -0.0385312 -0.000187494 -0.026777 0.00284637 0.000477853 0.0166893 -0.0077641 0.0208008 0.0727282 -0.000343372 0.000169019 -0.0392024 0.00103961 0.000241601 0.001132 -0.051314 -0.0205979
internal_weight=3720 45 3675 3640 178 127 87 53 51 40 3462 103 76 40 3359 82 45 3277 158 110 73 48 3119 3097 67 3030 3004 2953 51 44
internal_count=3720 45 3675 3640 178 127 87 53 51 40 3462 103 76 40 3359 82 45 3277 158 110 73 48 3119 3097 67 3030 3004 2953 51 44
is_linear=0
shrinkage=0.05


Tree=233
num_leaves=31
num_cat=0
split_feature=1 1 0 2 3 0 0 7 4 4 1 4 9 1 7 7 1 4 4 3 3 8 0 2 4 5 5 8 2 4
split_gain=7.91123 49.9125 71.5941 76.3651 36.3199 35.6558 57.1854 84.2302 50.1267 124.736 88.8827 94.8403 80.706 69.9455 51.6436 132.529 84.2942 89.6224 155.489 84.0561 65.901 65.2515 80.6973 69.4926 117.18 101.663 51.0085 31.5571 21.8639 20.8333
threshold=21.500000000000004 20.500000000000004 8.5000000000000018 12.642857142857144 7.1746909672954198 24.500000000000004 22.500000000000004 0.37463955187973802 12.664107451848221 13.018793629486407 29.500000000000004 11.10378243491982 3.5000000000000004 24.500000000000004 0.71027590819666775 0.61362618585383211 25.500000000000004 16.508165416920836 14.879960130557428 6.4697085957258951 6.1314952764820871 5.5000000000000009 5.5000000000000009 16.357142857142858 14.574255401834838 15.339917042936726 16.043660705057096 1.5000000000000002 15.214285714285717 8.7755174676652885
decision_type=2 2 2 2 2 2 2 2 2 2 2 2 2 2 2 2 2 2 2 2 2 2 2 2 2 2 2 2 2 2
left_child=1 29 -3 -4 28 6 8 -8 10 -10 11 12 -2 -13 15 16 21 18 19 -18 -16 22 -11 24 -24 -26 -25 -7 -5 -1
right_child=5 2 3 4 -6 27 7 -9 9 14 -12 13 -14 -15 20 -17 17 -19 -20 -21 -22 -23 23 26 25 -27 -28 -29 -30 -31
leaf_value=0.048224030706015504 -0.050508693297361511 0.097902640099487001 -0.071248801983892926 0.097198321508324678 -0.0093258485929774391 -0.085574426750342047 0.12581364264090855 -0.017560598552227021 0.10365600059258527 0.072650378445784244 0.057521072526772826 -0.036170257369263305 0.07648950328373097 -0.13543475253241405 -0.1024076276591846 0.094643154471284824 -0.061561890204365435 -0.04045025834015438 0.14259649342106237 0.074780832193791877 -0.00013118245535426672 -0.10856387997451036 0.020583070241487946 -0.034850428812205791 -0.044090838134288796 -0.19331929775930587 0.071853975273136583 -0.013702329604642556 0.026633707824207487 -0.00061519066381460989
leaf_weight=22 29 31 22 23 28 24 21 20 29 21 24 36 22 35 28 36 26 35 31 20 36 23 26 24 25 21 21 42 21 2918
leaf_count=22 29 31 22 23 28 24 21 20 29 21 24 36 22 35 28 36 26 35 31 20 36 23 26 24 25 21 21 42 21 2918
internal_value=7.09351e-11 0.00106592 0.03201 0.0102795 0.0351909 -0.00498787 -0.0010828 0.055875 -0.00534424 0.0037691 -0.0304371 -0.0477404 0.00427484 -0.0851035 -0.00399691 0.00447019 -0.00742075 0.0258905 0.0560454 -0.00228245 -0.0448771 -0.0305938 -0.0175988 -0.0337974 -0.0642613 -0.112217 0.014945 -0.0398376 0.0635198 -0.000249727
internal_weight=3720 3065 125 94 72 655 589 41 548 402 146 122 51 71 373 309 273 112 77 46 64 161 138 117 72 46 45 66 44 2940
internal_count=3720 3065 125 94 72 655 589 41 548 402 146 122 51 71 373 309 273 112 77 46 64 161 138 117 72 46 45 66 44 2940
is_linear=0
shrinkage=0.05


Tree=234
num_leaves=31
num_cat=0
split_feature=2 5 5 2 2 4 5 5 5 9 7 0 1 7 9 7 5 4 4 7 7 3 3 3 7 3 5 5 3 5
split_gain=7.77795 40.5786 13.6486 18.0637 17.3074 30.0362 15.4837 15.2787 27.0049 120.992 18.5686 42.0928 19.7275 79.0993 51.1799 25.0159 19.0573 36.0962 19.0678 17.327 171.529 84.6327 103.101 98.9621 96.7415 76.1704 71.8049 70.1111 68.4957 66.2984
threshold=20.785714285714288 17.414868073586483 17.749745411860165 20.214285714285719 19.500000000000004 18.810705281048129 17.209439227361155 17.034473924761382 16.812504006790494 3.5000000000000004 0.85079024139261561 10.500000000000002 3.5000000000000004 0.56555386899886984 4.5000000000000009 0.29745207974185994 16.681526771271628 19.577981262407199 19.094209991429775 0.70353679262213464 0.71855791366696176 7.8709834806319448 7.5922891596811164 8.081430667864316 0.76183052268658635 7.1280799525204452 15.096075002343236 13.293683305632028 4.3861253103502671 14.116701564672532
decision_type=2 2 2 2 2 2 2 2 2 2 2 2 2 2 2 2 2 2 2 2 2 2 2 2 2 2 2 2 2 2
left_child=2 -2 3 4 6 -6 7 8 10 -10 12 -12 13 14 15 -1 17 18 19 -14 25 22 24 -23 26 -21 27 -22 -26 -29
right_child=1 -3 -4 -5 5 -7 -8 -9 9 -11 11 -13 16 -15 -16 -17 -18 -19 -20 20 21 23 -24 -25 28 -27 -28 29 -30 -31
leaf_value=-0.063946084110509782 -0.068914123353633019 0.027119297601959927 -0.035848113349997081 0.041252726440628371 -0.062514477313078687 0.012271564096212387 0.032805599755532037 -0.040327556271348958 0.11922627415346064 -0.04478684866970236 0.017154856264591217 -0.072882697786445974 -0.00033605959998861515 -0.096253492396611434 0.069007016024128953 0.010078671753406526 -0.046330385974475315 0.06013282139140827 -0.039377565155255388 0.045637653954327111 0.010303943852583569 0.13208696977658704 -0.11627401700243355 0.015830959355749123 0.085078375507949 0.16979655495711737 0.017377902907984598 -0.16250884869824286 0.0032841334572284047 -0.054407219885772955
leaf_weight=21 22 22 26 27 29 25 37 23 23 22 25 27 2675 26 22 25 21 26 29 30 21 22 22 109 29 21 35 23 218 37
leaf_count=21 22 22 26 27 29 25 37 23 23 22 25 27 2675 26 22 25 21 26 29 30 21 22 22 109 29 21 35 23 218 37
internal_value=-2.11707e-11 -0.0208974 0.000250132 0.00050727 0.000203619 -0.0278913 0.000628704 0.00029163 0.000557871 0.0390421 5.79322e-05 -0.0295954 0.000509859 -0.0220781 0.00628314 -0.0237152 0.00114978 0.0014522 0.000985772 0.00134683 0.00928637 0.000640528 -0.0111714 0.0353549 -0.00480151 0.0967619 -0.0424669 -0.0683258 0.0128875 -0.0958462
internal_weight=3720 44 3676 3650 3623 54 3569 3532 3509 45 3464 52 3412 94 68 46 3318 3297 3271 3242 567 516 385 131 363 51 116 81 247 60
internal_count=3720 44 3676 3650 3623 54 3569 3532 3509 45 3464 52 3412 94 68 46 3318 3297 3271 3242 567 516 385 131 363 51 116 81 247 60
is_linear=0
shrinkage=0.05


Tree=235
num_leaves=31
num_cat=0
split_feature=5 7 4 0 0 4 9 1 4 5 8 2 2 4 4 3 4 8 1 3 2 5 8 1 4 7 0 4 8 7
split_gain=7.62626 44.1839 19.2546 55.277 68.8084 36.1458 14.9074 43.5075 38.1879 39.5139 47.1846 37.6125 96.7836 95.1724 95.0978 63.2318 60.5488 85.6354 41.3684 44.1632 71.8351 111.173 65.0789 45.5168 78.9376 78.8073 147.775 114.919 100.308 70.592
threshold=11.647563274155504 0.46235292041081527 9.5334377140290378 15.500000000000002 8.5000000000000018 9.8990604432868619 4.5000000000000009 4.5000000000000009 19.458840530335202 16.112453377900579 1.5000000000000002 10.928571428571431 11.357142857142859 11.581462411786573 12.140164658715172 6.3658303099171851 12.761707183731898 3.5000000000000004 28.500000000000004 5.563486402641872 15.071428571428573 15.314633149065839 3.5000000000000004 19.500000000000004 13.773943201303686 0.57958117373634621 17.500000000000004 13.541205301222666 3.5000000000000004 0.065758681759227611
decision_type=2 2 2 2 2 2 2 2 2 2 2 2 2 2 2 2 2 2 2 2 2 2 2 2 2 2 2 2 2 2
left_child=1 -1 3 4 -2 -4 -7 -8 9 11 -11 15 -13 -14 -15 -9 17 -16 19 20 21 22 -18 25 -25 27 28 -21 -27 -29
right_child=2 -3 5 -5 -6 6 7 8 -10 10 -12 12 13 14 16 -17 18 -19 -20 23 -22 -23 -24 24 -26 26 -28 29 -30 -31
leaf_value=0.027996872948563619 0.053239183198838004 -0.071116665716875679 -0.058987393115575493 0.082161175321649627 -0.07634677663445473 0.0020519917477972139 0.043111925521357494 0.00083243725476441562 0.060414109230041507 0.026317499876022339 -0.061048440681770448 0.089947493208779233 -0.084554749485608705 0.079291063837487907 -0.12502623659372331 -0.11646532401442529 0.062786299799169817 -0.0023434065275289343 -0.068667485006153592 -0.13997752463202115 -0.02494246890632118 0.15836535179987551 -0.048550911744435626 0.10910279605360258 -0.00010976275572409998 0.028657611632129043 0.097734673125179194 0.06054567788606105 -0.088455578221967729 -0.033485120960468094
leaf_weight=23 21 22 26 27 20 2679 44 27 20 20 68 27 37 34 25 20 35 33 22 23 41 20 21 21 78 41 38 23 33 151
leaf_count=23 21 22 26 27 20 2679 44 27 20 20 68 27 37 34 25 20 35 33 22 23 41 20 21 21 78 41 38 23 33 151
internal_value=1.03528e-10 -0.0204586 0.000250514 0.0266094 -0.00997348 -0.00024641 0.000180082 -0.00537962 -0.00786636 -0.00949597 -0.0411925 -0.0057769 -0.00288172 -0.00658939 -0.00207496 -0.0490815 -0.0066476 -0.0552239 -0.00149691 0.00131786 0.0283984 0.0571745 0.0210348 -0.0064479 0.0230565 -0.0159008 0.0175879 -0.03494 -0.0235685 -0.0210558
internal_weight=3720 45 3675 68 41 3607 3581 902 858 838 88 750 703 676 639 47 605 58 547 525 117 76 56 408 99 309 112 197 74 174
internal_count=3720 45 3675 68 41 3607 3581 902 858 838 88 750 703 676 639 47 605 58 547 525 117 76 56 408 99 309 112 197 74 174
is_linear=0
shrinkage=0.05


Tree=236
num_leaves=31
num_cat=0
split_feature=5 8 7 2 5 4 5 5 8 6 8 5 7 4 9 4 7 3 7 4 4 4 2 4 2 7 7 5 0 0
split_gain=7.66307 39.0884 33.4813 22.5848 25.8511 20.1736 44.3839 23.2482 81.7517 15.3327 68.9241 93.8641 56.3916 57.2584 82.1114 66.7311 73.1628 54.0129 32.313 24.0327 20.6463 72.9177 65.3026 102.095 137.672 127.789 152.617 116.679 97.7163 90.6315
threshold=17.294418306914732 1.5000000000000002 0.32932882441735312 20.642857142857149 17.139208010326506 20.308126986563448 17.034473924761382 16.737414395340434 3.5000000000000004 1.0000000180025095e-35 1.5000000000000002 15.418808269111151 0.10805101752054216 13.909566044065995 3.5000000000000004 15.095849167072556 0.52905150949594704 6.4475909122267234 0.85079024139261561 13.986592323369248 15.884582723572414 15.774032689425779 14.642857142857144 15.995030624743313 16.071428571428573 0.49157961408195167 0.16126320448096124 15.096075002343236 7.5000000000000009 13.500000000000002
decision_type=2 2 2 2 2 2 2 2 2 2 2 2 2 2 2 2 2 2 2 2 2 2 2 2 2 2 2 2 2 2
left_child=3 -2 -3 4 5 6 7 9 -9 18 11 17 -12 14 -14 -15 -17 -11 20 -20 21 -1 -22 -24 25 26 -25 -27 -28 -29
right_child=1 2 -4 -5 -6 -7 -8 8 -10 10 12 -13 13 15 -16 16 -18 -19 19 -21 22 -23 23 24 -26 27 28 29 -30 -31
leaf_value=0.00011039582128648304 0.034627131510663919 0.0034384213961087744 -0.073499584870953719 -0.051357460589635945 0.05236510291385154 0.045987371169030671 -0.072483271147523606 0.076054580725337328 -0.043379326747811364 0.032652062074891457 -0.070439917629673374 -0.13519709188005199 0.0048944858885887595 -0.084357003258033247 0.12150280734953972 -0.029757767835178889 0.077367527909518688 -0.062280341886704976 -0.0022281582297926598 -0.073881968826055522 -0.036149735249407393 -0.070644580834620704 0.094639890268445021 0.00078747949599729564 -0.0039023226474188136 -0.082410723793095553 0.032433367967605591 -0.021543735964223744 0.16358234674802849 0.11895472028038719
leaf_weight=2296 27 26 31 21 24 24 21 38 23 29 21 23 36 22 26 37 28 31 22 25 76 37 36 38 558 29 20 24 49 22
leaf_count=2296 27 26 31 21 24 24 21 38 23 29 21 23 36 22 26 37 28 31 22 25 76 37 36 38 558 29 20 24 49 22
internal_value=1.38603e-11 -0.0149304 -0.0384051 0.000344927 0.000645273 0.00029961 -7.79283e-06 0.000421419 0.0310221 -0.000114203 -0.0119679 -0.049317 0.00626727 0.0170783 0.0537947 -0.00908736 0.0163885 -0.0163963 0.000813701 -0.0403419 0.00142102 -0.00101174 0.00808255 0.0124146 0.00841442 0.0461768 0.0812535 -0.00386609 0.125568 0.0456512
internal_weight=3720 84 57 3636 3615 3591 3567 3546 61 3485 253 83 170 149 62 87 65 60 3232 47 3185 2333 852 776 740 182 107 75 69 46
internal_count=3720 84 57 3636 3615 3591 3567 3546 61 3485 253 83 170 149 62 87 65 60 3232 47 3185 2333 852 776 740 182 107 75 69 46
is_linear=0
shrinkage=0.05


Tree=237
num_leaves=31
num_cat=0
split_feature=3 8 4 2 4 7 2 2 3 9 0 1 2 3 2 4 5 8 3 7 2 0 7 7 4 2 5 5 5 1
split_gain=7.55877 43.1412 74.2787 106.594 62.3734 109.038 58.3465 49.5642 30.0166 63.0567 63.6291 98.3719 65.7566 27.6256 89.7285 40.7398 26.1502 22.7823 102.319 119.04 94.4882 90.5414 85.2671 115.574 91.2689 147.039 78.8739 69.5878 62.1965 47.6013
threshold=4.0059303218556899 1.0000000180025095e-35 12.911293469759967 12.071428571428573 14.966326695630132 0.37463955187973802 14.357142857142859 10.928571428571431 4.4239607334862976 2.5000000000000004 13.500000000000002 14.500000000000002 12.642857142857144 4.5773770821706457 14.500000000000002 12.470380020785448 12.754271047234429 1.0000000180025095e-35 6.0808047693839553 0.68277881680822305 10.785714285714286 16.500000000000004 0.43907863847878786 0.38532528887812006 14.353892941482075 12.928571428571431 14.791615773296838 15.555068591720476 16.003217087141039 10.500000000000002
decision_type=2 2 2 2 2 2 2 2 2 2 2 2 2 2 2 2 2 2 2 2 2 2 2 2 2 2 2 2 2 2
left_child=1 -1 3 7 6 -6 -4 16 9 -2 12 -12 -11 14 15 -10 -3 18 20 22 -15 -21 23 24 25 -20 -24 -26 -29 -22
right_child=8 2 4 -5 5 -7 -8 -9 13 10 11 -13 -14 17 -16 -17 -18 -19 19 21 29 -23 26 -25 27 -27 -28 28 -30 -31
leaf_value=0.048075206731927805 -0.040395405273884535 -0.021465153417860469 -0.043479696950978704 0.11241010891442949 -0.088692309448252557 0.054992880630156685 -0.14999330580234527 -0.080411035269498832 -0.029276221756951822 0.02533112221530506 0.064421414690358308 -0.075134294480085378 0.13469154520167245 0.052314099953288132 0.047435143232345586 -0.11950685503807934 0.054935697927361443 0.0020548773996575506 0.027067769550043964 0.0012563220817934384 -0.018116293624043465 0.11378688924492171 -0.012504834058479623 0.10904968112707139 0.06900383457541466 -0.12837740760296584 -0.11044137290514566 -0.085000235773622992 0.028831201493740084 -0.084919155647512526
leaf_weight=29 30 24 36 22 23 31 20 20 29 28 28 23 27 21 25 22 21 2802 29 33 40 39 52 25 45 32 34 20 30 80
leaf_count=29 30 24 36 22 23 31 20 20 29 28 28 23 27 21 25 22 21 2802 29 33 40 39 52 25 45 32 34 20 30 80
internal_value=1.66803e-10 -0.00886199 -0.0172436 0.0172792 -0.044548 -0.00620637 -0.0815203 -0.014919 0.000573214 0.0236014 0.0417137 0.00148453 0.0790171 -0.000359434 -0.0301616 -0.0681992 0.0141886 0.000330683 -0.0097343 0.00515376 -0.045529 0.0622104 -0.0102323 0.00924439 -0.00675005 -0.0544772 -0.0512239 0.0238958 -0.0167014 -0.0626515
internal_weight=3720 226 197 87 110 54 56 65 3494 136 106 51 55 3358 76 51 45 3282 480 339 141 72 267 181 156 61 86 95 50 120
internal_count=3720 226 197 87 110 54 56 65 3494 136 106 51 55 3358 76 51 45 3282 480 339 141 72 267 181 156 61 86 95 50 120
is_linear=0
shrinkage=0.05


Tree=238
num_leaves=31
num_cat=0
split_feature=4 0 7 3 4 4 9 4 7 5 5 3 0 5 2 5 3 5 7 3 1 2 8 5 5 4 4 3 1 4
split_gain=7.44626 52.8582 90.0492 67.548 26.3005 15.8736 107.796 23.2901 31.0826 22.7027 81.8097 41.3381 42.8667 21.5576 81.2373 50.611 44.9418 32.7256 47.8624 18.6341 17.4207 18.6874 131.309 126.457 55.061 35.057 86.6396 236.081 69.9138 62.2444
threshold=19.964664922053675 12.500000000000002 0.2794752572107948 7.1080094473407138 19.577981262407199 19.094209991429775 3.5000000000000004 18.898102492529613 0.85828653656682741 16.981978212425521 16.737414395340434 7.1580790187099312 16.500000000000004 16.498026898258573 17.928571428571434 16.387244095790944 6.2373681873657283 16.291758455811983 0.37116367046161153 6.7998599425352291 2.5000000000000004 17.928571428571434 1.5000000000000002 16.094188440819046 15.732438912210188 17.289398909768494 17.009895004831453 7.9162280580252782 7.5000000000000009 17.444833100412477
decision_type=2 2 2 2 2 2 2 2 2 2 2 2 2 2 2 2 2 2 2 2 2 2 2 2 2 2 2 2 2 2
left_child=4 -2 -3 -4 5 7 -7 8 9 10 13 -11 -13 15 16 17 -15 20 -19 -17 -1 25 -23 24 -24 26 -22 -28 -27 -30
right_child=1 2 3 -5 -6 6 -8 -9 -10 11 -12 12 -14 14 -16 19 -18 18 -20 -21 21 22 23 -25 -26 28 27 -29 29 -31
leaf_value=-0.034833109411684902 0.050880073010921484 0.034195012111088323 -0.021487348588804404 -0.14427854844502039 0.048639096971601251 0.045474057430746381 -0.093356275764004945 0.045830405290637699 -0.055505271300673488 -0.076230739333011499 0.081879764699166829 -0.048391439836649675 0.051480433464299008 -0.0056164314597845081 0.057079075202345855 0.020069877111486029 -0.103751003369689 -0.099904910102486616 -0.00069467050413931578 0.08521419134314942 0.0019519963578852519 -0.094377260817549172 0.012367959650233389 0.11966756358742714 -0.081109024535702623 0.093483623486633111 -0.13215330890738047 0.072689976509321824 0.083669390497000326 -0.0068475553236149872
leaf_weight=34 24 29 24 21 28 27 29 28 25 27 31 21 22 20 20 21 28 20 31 23 2830 39 50 22 23 30 39 22 23 109
leaf_count=34 24 29 24 21 28 27 29 28 25 27 31 21 22 20 20 21 28 20 31 23 2830 39 50 22 23 30 39 22 23 109
internal_value=-2.14218e-11 -0.0135997 -0.034512 -0.0787899 0.000367965 -8.10407e-06 -0.0264202 0.000409951 4.76225e-05 0.000446137 0.00102391 -0.0277412 0.0027058 0.000283214 -0.0275849 0.000854695 -0.0628616 0.000138379 -0.0396006 0.0541226 0.000767591 0.00114739 -0.0171279 0.014585 -0.0170837 0.00194952 0.0006812 -0.0582754 0.0245835 0.00892434
internal_weight=3720 98 74 45 3622 3594 56 3538 3510 3485 3415 70 43 3384 68 3316 48 3272 51 44 3221 3187 134 95 73 3053 2891 61 162 132
internal_count=3720 98 74 45 3622 3594 56 3538 3510 3485 3415 70 43 3384 68 3316 48 3272 51 44 3221 3187 134 95 73 3053 2891 61 162 132
is_linear=0
shrinkage=0.05


Tree=239
num_leaves=31
num_cat=0
split_feature=3 3 1 5 0 5 7 3 2 9 1 1 4 3 8 5 2 7 0 4 1 7 5 5 5 5 1 4 0 7
split_gain=7.81622 80.967 137.841 99.2042 79.1795 97.9655 75.0204 57.8629 70.0179 56.707 47.5098 70.4438 70.8246 58.1236 70.8888 95.3567 78.5914 67.0158 56.9368 121.519 174.905 116.335 120.405 115.239 92.7292 188.134 92.4365 76.4344 60.3624 56.7703
threshold=7.9041881604748268 7.7120808136449526 6.5000000000000009 15.980903400726087 20.500000000000004 15.293161913695547 0.39470850881489089 7.6110819849777114 14.357142857142859 1.5000000000000002 9.5000000000000018 13.500000000000002 17.820580980611748 8.7150663194482352 1.5000000000000002 13.894283638402309 14.928571428571431 0.39194000381101007 7.5000000000000009 16.287316383117929 14.500000000000002 0.21296351519888773 15.365516140166456 16.227120826509598 15.007739222948139 13.775092319049152 19.500000000000004 15.658689860371426 12.500000000000002 0.59571365110824004
decision_type=2 2 2 2 2 2 2 2 2 2 2 2 2 2 2 2 2 2 2 2 2 2 2 2 2 2 2 2 2 2
left_child=1 7 -3 4 5 6 -4 -1 -9 -2 13 12 -12 17 -15 -16 -17 -11 24 20 -20 -21 -23 -24 25 -13 -26 28 -22 -30
right_child=9 2 3 -5 -6 -7 -8 8 -10 10 11 18 -14 14 15 16 -18 -19 19 21 27 22 23 -25 26 -27 -28 -29 29 -31
leaf_value=0.00056303270334895242 0.066037367370777908 0.15615361730257671 0.080864389631897224 0.11134766884472058 0.067770739325455256 -0.12541985005140305 -0.041858543726530945 0.021262402202074343 -0.080996314170671269 -0.1099374942895439 0.041522330020073078 -0.03053741998067408 -0.041543889769743526 0.056044021429760116 -0.11856946340677413 0.081983279898053124 -0.031167574321622388 -0.022187592472711751 -0.18374466031789782 0.0928491272636362 -0.067902942217058601 -0.11733948105857486 0.093091731572583811 -0.028272472610169987 0.033383579522371296 0.13264909123903829 -0.10550882877862973 -0.11878463753632136 -0.024428058175862521 0.044747368743022285
leaf_weight=2589 28 21 20 23 28 20 33 26 47 36 149 33 31 35 22 21 57 55 20 37 45 21 31 53 25 38 23 21 87 45
leaf_count=2589 28 21 20 23 28 20 33 26 47 36 149 33 31 35 22 21 57 55 20 37 45 21 31 53 25 38 23 21 87 45
internal_value=6.93535e-11 0.00130711 0.0376922 0.0176301 -0.00371149 -0.0311293 0.004452 -0.000674798 -0.0445754 -0.00401867 -0.00623514 0.000549108 0.0272165 -0.0260175 -0.00519919 -0.0266343 -0.000703883 -0.0569018 -0.00947203 -0.0193831 -0.0428285 0.0166105 -0.0102545 0.0165167 0.0205111 0.0568018 -0.033169 -0.0285945 -0.017894 -0.000845526
internal_weight=3720 2807 145 124 101 73 53 2662 73 913 885 659 180 226 135 100 78 91 479 360 218 142 105 84 119 71 48 198 177 132
internal_count=3720 2807 145 124 101 73 53 2662 73 913 885 659 180 226 135 100 78 91 479 360 218 142 105 84 119 71 48 198 177 132
is_linear=0
shrinkage=0.05


Tree=240
num_leaves=31
num_cat=0
split_feature=2 4 4 2 4 4 4 9 0 7 1 7 8 4 2 7 1 7 3 0 3 4 0 3 4 5 0 1 7 8
split_gain=7.46763 82.0504 78.9927 75.202 123.733 69.4383 66.5667 59.5238 113.827 143.024 127.864 146.614 115.385 72.4499 82.3804 102.007 67.0329 66.7068 66.5708 81.1747 61.3892 110.138 115.668 90.3851 77.5034 121.176 95.5481 113.128 72.4727 73.2359
threshold=12.928571428571431 11.223936175546941 11.533208611452681 13.071428571428573 13.541205301222666 11.866310293411541 14.015458982930776 3.5000000000000004 9.5000000000000018 0.52176338884580831 11.500000000000002 0.60260375364927665 2.5000000000000004 12.140164658715172 10.642857142857144 0.56555386899886984 11.500000000000002 0.2794752572107948 4.9617585208318564 14.500000000000002 6.2773186580969478 13.078717994363478 11.500000000000002 6.5465356968113735 12.356983091313497 13.532766798525381 12.500000000000002 13.500000000000002 0.59571365110824004 5.5000000000000009
decision_type=2 2 2 2 2 2 2 2 2 2 2 2 2 2 2 2 2 2 2 2 2 2 2 2 2 2 2 2 2 2
left_child=6 -2 -3 4 -4 -5 7 20 9 -9 11 12 -10 14 -12 17 -11 -16 -15 -20 21 28 -23 -22 26 -26 27 -25 29 -1
right_child=1 2 3 5 -6 -7 -8 8 10 16 13 -13 -14 18 15 -17 -18 -19 19 -21 23 22 -24 24 25 -27 -28 -29 -30 -31
leaf_value=-0.035296554193485784 -0.086968916539962471 0.10128160521388055 -0.010305080390893498 -0.088076038015159702 0.15080949738621713 0.0011375228524085237 -0.050310042091238676 0.017847240190812439 0.11509047323571785 -0.14751341983633623 -0.032768748924136164 0.1840303742613357 -0.024936099110111114 -0.10374453124545871 0.052409956021153406 -0.010982991699819212 -0.039775611460208894 0.17419277863069016 0.073676567050543693 -0.056821163514485733 -0.1094312645494938 0.15005545193950337 -0.010626620409034547 0.12829575343773916 -0.13130442710244097 0.011124859271304948 -0.038250239767015928 -0.011160371339682377 0.029984367694491629 0.048736613268653556
leaf_weight=191 26 20 26 22 22 2540 71 106 28 22 30 26 31 21 23 27 42 22 22 26 32 24 21 26 32 28 63 33 87 30
leaf_count=191 26 20 26 22 22 2540 71 106 28 22 30 26 31 21 23 27 42 22 22 26 32 24 21 26 32 28 63 33 87 30
internal_value=6.76742e-11 0.0014179 0.00229169 0.00153315 0.0635391 0.000371442 -0.00353943 -0.000195306 0.0139277 -0.0177886 0.0349893 0.0851095 0.0415172 0.0100758 0.0368438 0.065849 -0.0768105 0.111948 -0.0294942 0.0029903 -0.0108063 0.00200359 0.0750705 -0.0319365 -0.0183111 -0.0648374 0.00457076 0.0502949 -0.00867176 -0.0238893
internal_weight=3720 2656 2630 2610 48 2562 1064 993 426 170 256 85 59 171 102 72 64 45 69 48 567 353 45 214 182 60 122 59 308 221
internal_count=3720 2656 2630 2610 48 2562 1064 993 426 170 256 85 59 171 102 72 64 45 69 48 567 353 45 214 182 60 122 59 308 221
is_linear=0
shrinkage=0.05


Tree=241
num_leaves=31
num_cat=0
split_feature=7 7 7 2 1 9 1 4 3 8 5 5 7 7 7 1 3 3 5 9 3 4 3 5 1 0 0 9 4 1
split_gain=7.33357 15.4584 13.4453 40.3064 25.1539 66.4664 56.6388 17.2674 106.204 51.9631 20.056 49.6886 45.9502 110.941 88.9456 68.1306 63.8621 161.764 101.786 46.4639 70.6685 83.6135 99.8195 93.4017 121.334 80.3706 85.4685 68.6775 62.5942 153.801
threshold=1.0000000180025095e-35 0.0078373048667990525 0.040506361211769308 11.785714285714286 14.500000000000002 3.5000000000000004 22.500000000000004 19.964664922053675 8.2404345701402164 2.5000000000000004 14.945246942698981 14.988470496022531 0.072912235634577174 0.053857989274094055 0.099120481556777815 5.5000000000000009 5.214446791510122 6.2773186580969478 15.645247480547985 2.5000000000000004 8.8653954391235512 16.139052709972425 5.6778600932125114 15.437822171648167 15.500000000000002 18.500000000000004 9.5000000000000018 4.5000000000000009 15.927495168057996 8.5000000000000018
decision_type=2 2 2 2 2 2 2 2 2 2 2 2 2 2 2 2 2 2 2 2 2 2 2 2 2 2 2 2 2 2
left_child=-1 -2 3 -3 5 -5 -6 10 9 -9 -4 -12 13 -13 -14 16 -16 -18 -19 20 21 22 -17 -24 -25 26 -23 28 29 -21
right_child=1 2 7 4 6 -7 -8 8 -10 -11 11 12 14 -15 15 19 17 18 -20 27 -22 25 23 24 -26 -27 -28 -29 -30 -31
leaf_value=0.028146017504775009 -0.035920695364475251 0.080857235658913854 -0.0031024831322985424 0.07947165277456085 -0.047777140417399451 -0.023255564179271462 0.05132335081164327 -0.03281989901398237 -0.098444747030735025 0.06452501863241196 0.068335582489768662 -0.021688479078667507 -0.072017426788806918 0.12036025152990111 -0.026780446308354539 -0.074909343614297755 0.18056168535893613 0.099451651999896223 -0.043171050494279842 -0.10133689557867392 0.041804759660735727 -0.10996119328167127 -0.038037757598089451 0.15108212785174449 -0.0063102747797966 -0.13564885623496156 0.012778141873108374 -0.012360411873437564 0.028574460261590679 0.013213947215634916
leaf_weight=23 30 20 2046 31 46 32 21 26 30 29 30 28 40 27 24 34 22 22 29 35 40 23 33 24 25 29 37 339 365 180
leaf_count=23 30 20 2046 31 46 32 21 26 30 29 30 28 40 27 24 34 22 22 29 35 40 23 33 24 25 29 37 339 365 180
internal_value=9.80142e-12 -0.000175104 0.000117334 0.0147775 0.00461142 0.0272927 -0.0167158 -0.000507924 -0.0227698 0.0185074 4.34344e-05 0.00468741 0.00327926 0.0480445 0.0013868 0.00371525 0.0439753 0.0672374 0.0183525 0.000360245 -0.0189873 -0.0308492 -0.00287887 0.0269874 0.0707799 -0.0673049 -0.0342719 0.00551819 0.0159679 -0.00543386
internal_weight=3720 3697 3667 150 130 63 67 3517 85 55 3432 1386 1356 55 1301 1261 97 73 51 1164 245 205 116 82 49 89 60 919 580 215
internal_count=3720 3697 3667 150 130 63 67 3517 85 55 3432 1386 1356 55 1301 1261 97 73 51 1164 245 205 116 82 49 89 60 919 580 215
is_linear=0
shrinkage=0.05


Tree=242
num_leaves=31
num_cat=0
split_feature=0 0 0 5 3 8 1 2 4 2 4 5 5 3 7 3 3 3 1 2 3 4 0 4 1 8 0 9 5 5
split_gain=7.14747 18.7467 42.2152 41.7831 13.9639 16.2597 84.9946 78.6072 143.53 75.2188 121.312 133.143 114.323 71.3482 67.9529 56.6589 63.2815 57.7555 69.2428 54.868 81.7142 60.5208 54.5051 73.065 76.37 58.0972 79.5359 53.3361 51.6441 94.5553
threshold=31.500000000000004 29.500000000000004 28.500000000000004 15.42565256174097 10.889049979098727 3.5000000000000004 25.500000000000004 12.500000000000002 13.260898392475641 13.357142857142859 11.905087281127644 14.778150898082524 13.564993993474966 3.4364987719369018 0.83955413393916645 7.1580790187099312 7.5922891596811164 4.5773770821706457 17.500000000000004 11.928571428571431 6.4475909122267234 16.478442720983832 5.5000000000000009 12.295586401759406 16.500000000000004 4.5000000000000009 11.500000000000002 3.5000000000000004 13.293683305632028 13.961244473129893
decision_type=2 2 2 2 2 2 2 2 2 2 2 2 2 2 2 2 2 2 2 2 2 2 2 2 2 2 2 2 2 2
left_child=1 2 4 -3 5 14 7 8 15 10 -9 12 -12 -11 -1 17 -17 18 -7 -8 -21 -22 -19 24 25 -24 -27 -18 -15 -30
right_child=-2 3 -4 -5 -6 6 19 9 -10 13 11 -13 -14 28 -16 16 27 22 -20 20 21 -23 23 -25 -26 26 -28 -29 29 -31
leaf_value=0.0013587691675091282 -0.02430676713585854 -0.017428572564607576 -0.062477981878651515 0.081172971049090853 0.034246007055044179 -0.088727696377195811 0.11382314613088967 -0.069855817099628237 -0.11804423286364629 -0.094401480985636069 -0.0013522409730487399 -0.050801447681758718 0.12222313436328387 0.050205208906947185 0.057195228930296639 -0.12911115998313541 -0.078199944985301598 0.083870101471742009 0.026210536109283568 -0.044708889126777653 0.096295798838966426 -0.012184298783540727 -0.013877243365693306 -0.061589215734066109 -0.034664716032591268 0.14840946769849822 0.026399609753314186 0.029479213787809662 -0.056325052975721303 -0.0004578682714498711
leaf_weight=2020 30 21 27 22 30 38 20 23 39 22 27 23 61 43 56 21 23 21 20 30 36 20 28 39 47 22 34 23 84 770
leaf_count=2020 30 21 27 22 30 38 20 23 39 22 27 23 61 43 56 21 23 21 20 30 36 20 28 39 47 22 34 23 84 770
internal_value=-4.04277e-11 0.000197616 -0.000189362 0.0330187 0.000275222 -8.6566e-06 -0.00394896 -0.00719949 -0.0275465 -0.000339875 0.0346566 0.0563123 0.084308 -0.00544273 0.00286495 -0.0163774 -0.0571927 -0.00539501 -0.0490938 0.0392279 0.0218802 0.0575529 0.00787478 -0.00151288 0.0163724 0.044929 0.0743321 -0.0243604 -0.00326091 -0.005953
internal_weight=3720 3690 3647 43 3620 3590 1514 1408 355 1053 134 111 88 919 2076 316 67 249 58 106 86 56 191 170 131 84 56 46 897 854
internal_count=3720 3690 3647 43 3620 3590 1514 1408 355 1053 134 111 88 919 2076 316 67 249 58 106 86 56 191 170 131 84 56 46 897 854
is_linear=0
shrinkage=0.05


Tree=243
num_leaves=31
num_cat=0
split_feature=1 1 0 2 3 0 0 7 4 4 4 0 9 7 7 1 4 4 3 8 0 2 4 5 3 5 7 2 5 4
split_gain=7.25851 45.9069 62.8527 64.2744 33.1415 33.051 50.917 73.567 43.7646 109.039 79.1621 49.3711 76.7176 46.9551 122.377 75.7522 79.53 139.034 72.5005 57.4769 69.8956 62.8636 102.854 89.2175 56.4449 43.505 36.139 28.3089 30.0389 21.0811
threshold=21.500000000000004 20.500000000000004 8.5000000000000018 12.642857142857144 7.0373146921905123 24.500000000000004 22.500000000000004 0.37463955187973802 12.664107451848221 13.018793629486407 11.905087281127644 10.500000000000002 3.5000000000000004 0.71027590819666775 0.61362618585383211 25.500000000000004 16.508165416920836 14.879960130557428 6.4697085957258951 5.5000000000000009 5.5000000000000009 16.357142857142858 14.574255401834838 15.339917042936726 6.1314952764820871 16.043660705057096 0.37116367046161153 15.500000000000002 16.127563391103511 8.7755174676652885
decision_type=2 2 2 2 2 2 2 2 2 2 2 2 2 2 2 2 2 2 2 2 2 2 2 2 2 2 2 2 2 2
left_child=1 29 -3 -4 -5 6 8 -8 10 -10 11 -2 -13 14 15 19 17 18 -17 20 -11 22 -22 -24 -15 -23 -12 -7 -29 -1
right_child=5 2 3 4 -6 27 7 -9 9 13 26 12 -14 24 -16 16 -18 -19 -20 -21 21 25 23 -25 -26 -27 -28 28 -30 -31
leaf_value=0.04852046153762124 0.048794158804230395 0.092436531546615797 -0.06445953696966171 0.061861024300257361 -0.0069467305143674218 -0.086265807066644939 0.11808950276601882 -0.015902455672621729 0.096866844658707763 0.067083423052515301 -0.027439407557249069 -0.078691439089529663 0.031008777040988207 -0.096008267892258511 0.090939561877813602 -0.057362148108390666 -0.038052963444164825 0.13469072561110221 0.069262336901156227 -0.10228281622023688 0.018530261803131838 -0.031612168167096874 -0.042067541122436526 -0.18186336500304087 -0.0013535685319867399 0.066931922214904002 -0.1142089234071318 0.022252369926233466 -0.059632415271231115 -0.00060838096675934115
leaf_weight=22 32 31 22 42 30 21 21 20 29 21 20 34 30 28 36 26 35 31 20 23 26 24 25 21 36 21 30 24 21 2918
leaf_count=22 32 31 22 42 30 21 21 20 29 21 20 34 30 28 36 26 35 31 20 23 26 24 25 21 36 21 30 24 21 2918
internal_value=-6.94737e-13 0.001021 0.0306975 0.0103367 0.0331911 -0.00477768 -0.00101795 0.0527276 -0.00503906 0.00347633 -0.0284855 -0.00191492 -0.0272695 -0.00378459 0.00428902 -0.00713743 0.024441 0.0528473 -0.00230802 -0.029105 -0.0169087 -0.0319842 -0.0609588 -0.105887 -0.042765 0.0143751 -0.0795011 -0.0383304 -0.0159605 -0.00024075
internal_weight=3720 3065 125 94 72 655 589 41 548 402 146 96 64 373 309 273 112 77 46 161 138 117 72 46 64 45 50 66 45 2940
internal_count=3720 3065 125 94 72 655 589 41 548 402 146 96 64 373 309 273 112 77 46 161 138 117 72 46 64 45 50 66 45 2940
is_linear=0
shrinkage=0.05


Tree=244
num_leaves=31
num_cat=0
split_feature=5 7 4 0 0 4 7 7 5 4 3 1 0 1 0 0 9 0 5 5 5 7 0 3 5 2 3 4 7 3
split_gain=7.06725 38.376 17.0362 51.2981 57.7446 33.0019 15.5255 97.7099 75.793 89.0197 169.718 126.576 77.2222 69.8651 62.5687 75.2409 105.25 62.1727 61.9068 128.943 54.5024 44.1269 38.956 138.052 157.962 97.3718 71.2437 73.5814 132.956 144.787
threshold=11.647563274155504 0.46235292041081527 9.5334377140290378 15.500000000000002 8.5000000000000018 9.8990604432868619 0.60907250044297279 0.59571365110824004 12.78901861878987 11.948291405317837 5.1130086194780811 15.500000000000002 16.500000000000004 13.500000000000002 4.5000000000000009 6.5000000000000009 3.5000000000000004 6.5000000000000009 13.249344222509469 13.488134550659803 12.578170000187608 0.75516464203108058 11.500000000000002 8.9402779406149566 15.89383194328604 19.785714285714288 9.9343062309097618 14.710903959651864 0.78087021789081945 5.9641787843280305
decision_type=2 2 2 2 2 2 2 2 2 2 2 2 2 2 2 2 2 2 2 2 2 2 2 2 2 2 2 2 2 2
left_child=1 -1 3 4 -2 -4 7 -7 17 10 -10 12 -12 -9 21 16 -16 -8 -17 -20 -19 -11 23 24 -21 26 27 28 29 -24
right_child=2 -3 5 -5 -6 6 8 13 9 14 11 -13 -14 -15 15 18 -18 20 19 22 -22 -23 25 -25 -26 -27 -28 -29 -30 -31
leaf_value=0.025464095681419843 0.047701570107823332 -0.066905864632942458 -0.056354524997564465 0.078550229214683742 -0.071009945273399364 0.00085717041869289598 0.019324222132563591 0.13487292711177598 0.16199300489995794 0.10700692623853683 0.11281944581403816 -0.064032888178314484 -0.013078149301665171 0.019858536172297696 -0.14178790402412417 0.059408568037407739 -0.0017939477645117661 -0.036803165188542118 -0.10232672945729325 0.012306680065458236 -0.14154423141609068 0.0019749391824007037 -0.030255839301318657 -0.086412138850600631 0.15097972678393126 -0.095112951268129117 0.084970947350597098 -0.023884693702377405 -0.04361542442103758 0.085057813858176456
leaf_weight=23 21 22 26 27 20 2470 20 23 23 20 29 35 21 31 25 35 29 27 35 115 23 20 41 27 25 32 21 311 62 81
leaf_count=23 21 22 26 27 20 2470 20 23 23 20 29 35 21 31 25 35 29 27 35 115 23 20 41 27 25 32 21 311 62 81
internal_value=-2.00615e-10 -0.0196946 0.000241158 0.0250352 -0.0102065 -0.000226265 0.000181257 0.00231177 -0.00490617 -0.00134053 0.0414982 0.00889378 0.0599425 0.0688461 -0.006604 -0.00951675 -0.066606 -0.0551817 -0.00558959 -0.00862284 -0.0849841 0.0544909 -0.00403593 0.0171056 0.0370697 -0.0104787 -0.00523006 -0.00905677 0.0160056 0.0463049
internal_weight=3720 45 3675 68 41 3607 3581 2524 1057 987 108 85 50 54 879 839 54 70 785 750 50 40 715 167 140 548 516 495 184 122
internal_count=3720 45 3675 68 41 3607 3581 2524 1057 987 108 85 50 54 879 839 54 70 785 750 50 40 715 167 140 548 516 495 184 122
is_linear=0
shrinkage=0.05


Tree=245
num_leaves=31
num_cat=0
split_feature=7 7 7 1 1 4 3 4 7 4 7 4 7 5 3 3 0 1 7 7 2 1 7 7 4 7 7 1 2 3
split_gain=7.02118 14.2547 11.7695 39.7 50.5061 44.7301 46.8321 17.2758 15.6252 31.9925 25.182 129.302 28.8824 51.5177 64.2892 44.8725 40.7009 48.173 20.1738 64.0978 53.8582 25.3425 70.4511 96.4773 49.6958 35.872 98.3679 77.5798 52.9854 45.9872
threshold=1.0000000180025095e-35 0.0078373048667990525 0.040506361211769308 8.5000000000000018 12.500000000000002 12.470380020785448 6.4253960411568629 16.069169918940464 0.053857989274094055 14.710903959651864 0.065758681759227611 14.858027099328728 0.099120481556777815 14.02487730182297 7.8437108762113441 6.152814630930604 16.500000000000004 14.500000000000002 0.10997748931255542 0.11758336274351622 14.928571428571431 28.500000000000004 0.33664445031849827 0.51975123447133098 14.138390172764355 0.27015960959192747 0.2794752572107948 25.500000000000004 14.642857142857144 4.8452234702013941
decision_type=2 2 2 2 2 2 2 2 2 2 2 2 2 2 2 2 2 2 2 2 2 2 2 2 2 2 2 2 2 2
left_child=-1 -2 3 -3 -5 -6 -7 -8 9 -4 11 -10 13 15 16 -12 17 -15 20 -20 -14 25 -23 -24 -25 27 28 29 -27 -21
right_child=1 2 8 4 5 6 7 -9 10 -11 12 -13 18 14 -16 -17 -18 -19 19 21 -22 22 23 24 -26 26 -28 -29 -30 -31
leaf_value=0.027540032112080122 -0.034496967693169914 -0.045112813885013266 0.018943538703024388 0.08046839780384496 0.067671891917353094 -0.071280963111506862 -0.016360423163227413 0.043128485218263596 -0.053484432966936203 -0.055583307912780183 0.067194376761714622 0.11640363673989972 0.070558646058335034 -0.15566634334623816 0.029263094304637478 -0.03288651475948947 -0.019903833872208801 -0.048447793518955062 -0.07287244419256847 -0.021065338911625361 -0.025038602897592896 -0.093192844699930277 0.094268048051744713 0.018457014645848955 -0.086865408966938659 -0.12537746801972391 -1.9299644810121875e-05 0.094944953697699092 -0.016625029238916577 0.014862730388493265
leaf_weight=23 30 24 24 31 23 23 23 26 21 36 24 24 34 20 22 21 26 22 30 109 26 27 20 21 24 24 2427 27 21 487
leaf_count=23 30 24 24 31 23 23 23 26 21 36 24 24 34 20 22 21 26 22 30 109 26 27 20 21 24 24 2427 27 21 487
internal_value=3.27903e-11 -0.000171334 0.000109487 0.0138257 0.0250521 0.00696887 -0.0124224 0.0152051 -0.000475509 -0.0257726 -3.64514e-05 0.0371225 -0.000526532 -0.0231914 -0.0450321 0.02049 -0.0690688 -0.0995042 0.000407176 -0.00012859 0.0291332 0.000556165 -0.0253045 0.00289521 -0.0377149 0.00132488 -0.00137744 0.0120474 -0.0746263 0.00829199
internal_weight=3720 3697 3667 150 126 95 72 49 3517 60 3457 45 3412 135 90 45 68 42 3277 3217 60 3187 92 65 45 3095 2472 623 45 596
internal_count=3720 3697 3667 150 126 95 72 49 3517 60 3457 45 3412 135 90 45 68 42 3277 3217 60 3187 92 65 45 3095 2472 623 45 596
is_linear=0
shrinkage=0.05


Tree=246
num_leaves=31
num_cat=0
split_feature=5 7 4 3 1 4 3 7 5 0 5 3 4 4 5 8 5 7 5 1 4 4 4 0 5 4 4 5 7 3
split_gain=6.48554 34.3911 15.1725 50.3181 52.4095 30.0983 14.242 25.8814 22.2477 61.9612 20.8486 35.8669 26.2019 19.6979 95.0765 82.1312 44.525 54.6028 47.5141 106.476 64.9716 46.547 62.0501 24.5968 19.6302 41.9178 20.8317 72.0261 126.956 125.639
threshold=11.647563274155504 0.46235292041081527 9.5334377140290378 5.282495802626058 12.500000000000002 9.8990604432868619 11.039964297125545 0.85543657113539207 12.08014476930733 9.5000000000000018 12.347545727132077 6.7506613432632312 10.275147806865018 10.805421097268455 12.951608688134103 3.5000000000000004 12.578170000187608 0.35404186965611922 12.78901861878987 11.500000000000002 12.53219691637417 11.10378243491982 11.005468809243625 2.5000000000000004 12.85204994546015 11.223936175546941 12.793446320290638 14.233363705059547 0.31681617810221518 5.5891050480461777
decision_type=2 2 2 2 2 2 2 2 2 2 2 2 2 2 2 2 2 2 2 2 2 2 2 2 2 2 2 2 2 2
left_child=1 -1 3 -2 -5 -4 7 8 9 -7 11 -10 -12 14 -14 -16 17 -15 19 -18 -21 22 -20 -23 -25 -26 27 -27 29 -29
right_child=2 -3 5 4 -6 6 -8 -9 10 -11 12 -13 13 16 15 -17 18 -19 21 20 -22 23 -24 24 25 26 -28 28 -30 -31
leaf_value=0.023883201221368559 0.090261629074811944 -0.063559606637467042 -0.053812364144967151 0.057684739800170061 -0.048289843834936619 -0.026069605951620774 -0.039926559376445687 0.042606820025119105 -0.078049600513085071 0.090099785337224611 0.041835897174235942 0.010251886008874229 -0.089624613196109287 0.11108638605102897 0.094137790941056759 -0.042627793096977735 0.052430969960987575 0.00024579882621765135 -0.0021475075019730464 -0.14217100714643796 -0.020149190798401835 0.047051586155538207 0.11097426102920012 0.044169409573078161 -0.071626890730112788 0.022224552588607258 -0.0024949533497788858 -0.043618783873060479 -0.052835082699253105 0.11286545678459366
leaf_weight=23 20 22 26 20 28 22 22 36 23 24 37 23 33 20 21 23 20 25 27 24 20 27 22 24 21 323 2613 23 99 29
leaf_count=23 20 22 26 20 28 22 22 36 23 24 37 23 33 20 21 23 20 25 27 24 20 27 22 24 21 323 2613 23 99 29
internal_value=-8.09603e-11 -0.0188666 0.00023102 0.0236296 -0.00413377 -0.000210095 0.000179086 0.000427 -4.01762e-06 0.0345405 -0.000461035 -0.0338989 -1.27281e-05 -0.000468945 -0.0254696 0.0226467 0.000111414 0.0495083 -0.000567944 -0.0432261 -0.0867065 0.000283091 0.0486419 -0.000467013 -0.000876657 -0.0012245 -0.000745575 0.00889815 -0.019608 0.0436513
internal_weight=3720 45 3675 68 48 3607 3581 3559 3523 46 3477 46 3431 3394 77 44 3317 45 3272 64 44 3208 49 3159 3132 3108 3087 474 151 52
internal_count=3720 45 3675 68 48 3607 3581 3559 3523 46 3477 46 3431 3394 77 44 3317 45 3272 64 44 3208 49 3159 3132 3108 3087 474 151 52
is_linear=0
shrinkage=0.05


Tree=247
num_leaves=31
num_cat=0
split_feature=2 4 4 2 4 4 4 9 0 7 1 5 4 4 2 7 7 1 3 0 9 3 4 0 3 7 8 5 2 4
split_gain=6.80295 72.0327 73.721 66.2596 111.225 62.3314 55.8881 50.0587 103.431 130.54 111.969 130.245 92.7301 64.2614 73.4989 88.9291 61.216 60.5136 56.264 73.2008 53.9891 53.9369 101.334 106.157 80.293 68.4966 136.622 94.9815 83.5557 92.6581
threshold=12.928571428571431 11.223936175546941 11.533208611452681 13.071428571428573 13.541205301222666 11.866310293411541 14.015458982930776 3.5000000000000004 9.5000000000000018 0.52176338884580831 11.500000000000002 12.969418179675055 12.53219691637417 12.140164658715172 10.642857142857144 0.56555386899886984 0.2794752572107948 11.500000000000002 4.9617585208318564 15.500000000000002 4.5000000000000009 6.2773186580969478 13.078717994363478 11.500000000000002 6.5465356968113735 0.26189852928807206 1.5000000000000002 13.629626797488271 12.214285714285717 12.088152283535379
decision_type=2 2 2 2 2 2 2 2 2 2 2 2 2 2 2 2 2 2 2 2 2 2 2 2 2 2 2 2 2 2
left_child=6 -2 -3 4 -4 -5 7 21 9 20 11 -10 -13 14 -12 16 -16 -11 -15 -20 -9 22 25 -24 -23 27 -27 -1 29 -28
right_child=1 2 3 5 -6 -7 -8 8 10 17 13 12 -14 18 15 -17 -18 -19 19 -21 -22 24 23 -25 -26 26 28 -29 -30 -31
leaf_value=-0.013113204866621486 -0.0814622686459468 0.09780175876803697 -0.010370384271328267 -0.083450296690518219 0.14238382191820578 0.0010746148682573415 -0.046233535505516427 0.057995096113946702 -0.0063914748294086297 -0.14115981312299317 -0.031142465360462668 0.074317278021148278 0.20721901044959115 -0.096127005169789004 0.048015307667462724 -0.0097304186887211264 0.16467841430143879 -0.038795051422147529 0.054182655896459313 -0.071060636043548592 -0.014199505520404363 -0.10289141341891082 0.14388394194344681 -0.010050529028688159 -0.017008838915665233 -0.06004958643323996 0.039582097847738029 -0.12481483742594719 0.12190951823510908 -0.05901510441495527
leaf_weight=71 26 20 26 22 22 2540 71 45 29 22 30 35 21 21 23 27 22 42 28 20 61 32 24 21 182 55 103 26 22 31
leaf_count=71 26 20 26 22 22 2540 71 45 29 22 30 35 21 21 23 27 22 42 28 20 61 32 24 21 182 55 103 26 22 31
internal_value=-4.42222e-11 0.00135333 0.00217204 0.00143924 0.059642 0.000348796 -0.00337824 -0.000314063 0.0126375 -0.0175959 0.0327143 0.0796159 0.124155 0.00940068 0.0346106 0.0620077 0.105051 -0.0739829 -0.0278662 0.00199795 0.0164491 -0.0100449 0.00196232 0.0720479 -0.0298511 -0.00827745 0.00770981 -0.0430538 0.0315993 0.0167723
internal_weight=3720 2656 2630 2610 48 2562 1064 993 426 170 256 85 56 171 102 72 45 64 69 48 106 567 353 45 214 308 211 97 156 134
internal_count=3720 2656 2630 2610 48 2562 1064 993 426 170 256 85 56 171 102 72 45 64 69 48 106 567 353 45 214 308 211 97 156 134
is_linear=0
shrinkage=0.05


Tree=248
num_leaves=31
num_cat=0
split_feature=9 1 3 3 8 3 3 2 3 3 7 7 2 3 3 2 2 7 2 7 3 5 8 7 7 2 4 5 7 3
split_gain=6.50278 33.2003 32.5534 76.0733 112.234 42.1907 45.0949 92.1435 53.5691 53.2735 37.0745 71.3745 60.2087 38.3981 96.0266 86.9257 97.1167 139.802 66.706 54.5135 53.44 69.0701 51.2466 73.9024 64.5288 51.8548 51.7329 104.202 49.8959 48.6652
threshold=4.5000000000000009 4.5000000000000009 4.3861253103502671 3.4364987719369018 3.5000000000000004 4.8452234702013941 5.1570565991016029 13.928571428571431 5.3363086938623168 5.563486402641872 0.83589943869142747 0.7346427192240329 14.500000000000002 7.0643302516772204 7.1580790187099312 11.214285714285717 14.500000000000002 0.32003592499342454 12.785714285714286 0.67122532536049118 6.517376042257383 15.378322375108199 3.5000000000000004 0.51518881545919804 0.56329881469711995 15.071428571428573 16.428423758279553 14.743600531677483 0.41568951044423103 8.004461797259939
decision_type=2 2 2 2 2 2 2 2 2 2 2 2 2 2 2 2 2 2 2 2 2 2 2 2 2 2 2 2 2 2
left_child=-1 -2 3 -3 -5 -4 7 -7 -8 -10 11 13 -13 15 -15 -11 17 -17 -19 22 21 -18 23 28 26 -25 27 -24 29 -16
right_child=1 2 5 4 -6 6 8 -9 9 10 -12 12 -14 14 19 16 20 18 -20 -21 -22 -23 24 25 -26 -27 -28 -29 -30 -31
leaf_value=0.0012069446980416205 0.038274427652359014 -0.050401062550752065 -0.058755630850791933 0.12724163889984735 -0.018512461952865124 -0.022818471988042197 -0.086097947304899058 0.11337040759946988 0.051527817265407463 0.056370398631462683 -0.075497027592999602 0.093716404548492935 0.0034844020125912689 0.1001962703153757 -0.059894732211250815 0.0015873014598208315 0.080440972800608038 -0.070602441685540349 -0.17790911664565406 -0.071030106553525638 -0.050990404454158977 -0.0225491851931665 0.019590307385660709 0.092612379532130001 -0.050233727644967002 -0.019882295429706574 -0.021582855148748917 0.15506663037972018 -0.10281426140666008 0.010249349564386934
leaf_weight=2790 45 23 40 28 25 27 22 23 37 26 21 29 51 21 48 34 27 28 30 33 47 41 40 21 23 20 22 22 25 51
leaf_count=2790 45 23 40 28 25 27 22 23 37 26 21 29 51 21 48 34 27 28 30 33 47 41 40 21 23 20 22 22 25 51
internal_value=-8.12333e-11 -0.00362083 -0.0057511 0.0255359 0.0584897 -0.0086903 -0.00608612 0.0398284 -0.00927907 -0.00685437 -0.0101273 -0.00797901 0.0361935 -0.0143007 -0.00322198 -0.0298013 -0.0406248 -0.0789149 -0.126106 -0.0103426 -0.00999269 0.018344 -0.00297975 -0.0204568 0.0239708 0.0377369 0.0442888 0.0676626 -0.0396983 -0.0237599
internal_weight=3720 930 885 76 53 809 769 50 719 697 660 639 80 559 326 233 207 92 58 305 115 68 272 165 107 41 84 62 124 99
internal_count=3720 930 885 76 53 809 769 50 719 697 660 639 80 559 326 233 207 92 58 305 115 68 272 165 107 41 84 62 124 99
is_linear=0
shrinkage=0.05


Tree=249
num_leaves=31
num_cat=0
split_feature=1 4 4 0 2 1 9 5 5 5 5 0 5 1 3 1 4 3 0 8 5 5 4 5 0 0 5 7 7 4
split_gain=7.00089 44.9591 52.4154 56.7245 14.7125 12.0508 76.1907 45.1813 18.0471 20.8538 54.294 96.1072 56.9283 41.5233 41.8993 59.7183 50.2044 47.6698 45.7583 38.797 35.8638 33.9056 56.1493 36.1381 116.934 100.248 86.5701 110.056 91.9823 90.3078
threshold=3.5000000000000004 12.582888572752969 17.2583076554304 16.500000000000004 14.214285714285717 4.5000000000000009 3.5000000000000004 14.791615773296838 11.494123187890848 12.493241519892832 12.65415813906198 11.500000000000002 12.78901861878987 6.5000000000000009 4.4801077021290761 14.500000000000002 10.855392144112175 7.1280799525204452 9.5000000000000018 2.5000000000000004 12.85204994546015 12.951608688134103 12.120126370213166 13.315096015820664 20.500000000000004 9.5000000000000018 13.452649411919372 0.36701249062302155 0.53936024712837305 13.018793629486407
decision_type=2 2 2 2 2 2 2 2 2 2 2 2 2 2 2 2 2 2 2 2 2 2 2 2 2 2 2 2 2 2
left_child=1 -1 3 4 -3 6 7 -2 -7 13 11 -11 19 -10 -15 16 -16 18 -17 -12 -14 22 -22 24 25 -23 27 29 -29 -25
right_child=5 2 -4 -5 -6 8 -8 -9 9 10 12 -13 20 14 15 17 -18 -19 -20 -21 21 23 -24 26 -26 -27 -28 28 -30 -31
leaf_value=0.052847411323870934 0.016344360420198153 -0.048584165535867217 0.041932598657440395 -0.11593158458444207 0.010052435618379842 0.040620739385485653 -0.037832289450877424 0.10650647108753522 -0.075309937167912733 0.10665353410877287 -0.0063661711556570874 -0.021437036687577214 0.056876408109175304 -0.065269012025629111 -0.0034797977436991298 -0.044213090242388162 0.084498808535957537 -0.089052412252534519 0.05502021312713623 -0.087562298294036625 0.0041462273760275404 -0.013513003129669479 -0.096365583191315329 0.088060291892006287 -0.085862442810574313 0.061559586928171275 0.0009055841917891415 -0.17831642225384714 -0.045226953500831453 -0.058574827050878887
leaf_weight=21 33 20 20 22 23 27 37 24 26 32 28 27 28 26 34 26 31 22 21 31 33 71 24 21 23 119 2792 20 37 21
leaf_count=21 33 20 20 22 23 27 37 24 26 32 28 27 28 26 34 26 31 22 21 31 33 71 24 21 23 119 2792 20 37 21
internal_value=-6.24058e-11 -0.0126653 -0.0288508 -0.0506303 -0.0172204 0.000371479 0.0180396 0.0543074 -0.000100341 -0.000415105 0.000501122 0.0480358 -0.000362347 -0.0167052 -0.00718196 0.00408866 0.0384792 -0.0283082 0.000125194 -0.0490285 0.000538032 3.89886e-05 -0.0381745 0.000740719 0.0206166 0.0335061 -0.000723673 -0.046672 -0.091925 0.0147427
internal_weight=3720 106 85 65 43 3614 94 57 3520 3493 3307 59 3248 186 160 134 65 69 47 59 3189 3161 57 3104 213 190 2891 99 57 42
internal_count=3720 106 85 65 43 3614 94 57 3520 3493 3307 59 3248 186 160 134 65 69 47 59 3189 3161 57 3104 213 190 2891 99 57 42
is_linear=0
shrinkage=0.05


Tree=250
num_leaves=31
num_cat=0
split_feature=2 4 4 2 4 4 4 4 3 1 5 2 8 2 4 4 9 7 0 7 1 2 7 2 0 4 7 0 9 7
split_gain=6.60928 64.4167 66.4967 60.7687 99.4341 56.2041 50.1458 43.6796 138.897 193.645 77.8003 64.2819 42.3913 190.275 37.5132 85.9647 83.4914 61.8191 83.1142 80.6995 71.9359 96.3766 105.238 79.0143 61.4629 53.9053 59.9022 54.6172 86.3561 61.1656
threshold=12.928571428571431 11.223936175546941 11.533208611452681 13.071428571428573 13.541205301222666 11.866310293411541 13.909566044065995 12.726647078949673 7.1080094473407138 19.500000000000004 13.741398279849726 13.785714285714286 3.5000000000000004 12.500000000000002 13.541205301222666 13.392995622441854 3.5000000000000004 0.50987457551078519 18.500000000000004 0.4690207787425672 22.500000000000004 11.500000000000002 0.73169975857297553 10.071428571428573 7.5000000000000009 13.181933661273421 0.78087021789081945 5.5000000000000009 4.5000000000000009 0.60007563442834455
decision_type=2 2 2 2 2 2 2 2 2 2 2 2 2 2 2 2 2 2 2 2 2 2 2 2 2 2 2 2 2 2
left_child=6 -2 -3 4 -4 -5 14 8 9 10 -7 -10 13 -8 15 16 17 19 20 -1 21 23 -23 -19 -25 26 27 28 -18 -29
right_child=1 2 3 5 -6 7 12 -9 11 -11 -12 -13 -14 -15 -16 -17 25 18 -20 -21 -22 22 -24 24 -26 -27 -28 29 -30 -31
leaf_value=-0.01912269292881006 -0.076981357943553194 0.09293148032389581 -0.0090463806803409881 -0.079205862017856399 0.13538454676216299 0.10411166440356862 0.084488160678973578 -0.00041568602266397125 0.14840215525279443 -0.14991655081510544 -0.030435298312278022 0.042159041485616139 -0.085536227328702807 -0.10335357316902705 0.037856525152188833 -0.088898178323038993 0.036990813910961151 0.077083461940288547 -0.073010931743515861 -0.11107513597951486 -0.047930160837788741 0.14245976629968293 0.0073232865408062939 0.04339876011013985 -0.063515196486217215 0.098064925707876685 -0.048389357072966439 0.0173657060088367 -0.093159376442432412 0.076627017693086108
leaf_weight=290 26 20 26 22 22 22 26 2418 24 20 21 35 32 28 61 28 26 25 27 26 31 34 25 20 41 20 35 209 25 55
leaf_count=290 26 20 26 22 22 22 26 2418 24 20 21 35 32 28 61 28 26 25 27 26 31 34 25 20 41 20 35 209 25 55
internal_value=-9.29132e-11 0.00133393 0.00210815 0.00141218 0.0571511 0.000367894 -0.00332981 0.00105712 0.0302476 -0.0213812 0.0384027 0.0853766 -0.0399345 -0.0129113 -0.000110988 -0.00263664 8.02639e-05 -0.0128574 0.00867253 -0.0266884 0.0212035 0.0359838 0.0851985 0.00222022 -0.0284614 0.018228 0.0136659 0.0205609 -0.0268083 0.0297118
internal_weight=3720 2656 2630 2610 48 2562 1064 2540 122 63 43 59 86 54 978 917 889 519 203 316 176 145 59 86 61 370 350 315 51 264
internal_count=3720 2656 2630 2610 48 2562 1064 2540 122 63 43 59 86 54 978 917 889 519 203 316 176 145 59 86 61 370 350 315 51 264
is_linear=0
shrinkage=0.05


Tree=251
num_leaves=31
num_cat=0
split_feature=1 4 4 0 2 0 4 2 2 7 8 3 3 3 3 2 3 7 0 3 5 7 4 2 3 7 0 1 9 3
split_gain=6.3717 39.7663 47.1888 50.6245 13.3488 12.0663 59.703 60.6005 60.9772 56.3246 67.0247 62.6454 161.911 52.8063 66.8753 51.9259 59.1213 92.8848 76.2833 103.121 137.391 135.291 132.758 160.805 149.132 117.69 115.581 107.456 120.268 87.154
threshold=3.5000000000000004 12.582888572752969 17.2583076554304 16.500000000000004 14.214285714285717 15.500000000000002 9.4102420859156641 12.785714285714286 11.214285714285717 0.76183052268658635 1.5000000000000002 5.563486402641872 6.2602285681426624 2.6367367999823119 3.4364987719369018 13.071428571428573 4.2983939414844778 0.68277881680822305 19.500000000000004 7.4482340508465832 15.980903400726087 0.46568874096961865 15.959855025125981 15.357142857142859 6.0118929750002357 0.38907274732114289 17.500000000000004 8.5000000000000018 2.5000000000000004 4.8452234702013941
decision_type=2 2 2 2 2 2 2 2 2 2 2 2 2 2 2 2 2 2 2 2 2 2 2 2 2 2 2 2 2 2
left_child=1 -1 3 4 -3 13 -7 8 -8 10 -10 -12 -13 -2 -15 -9 17 -17 19 20 21 25 23 24 -23 -18 -22 -21 -29 -20
right_child=5 2 -4 -5 -6 6 7 15 9 -11 11 12 -14 14 -16 16 18 -19 29 27 26 22 -24 -25 -26 -27 -28 28 -30 -31
leaf_value=0.049530543333717758 0.0715976381674409 -0.046282489262521265 0.039856757158413532 -0.10966029284013944 0.0095705999628357269 0.07239081631564806 0.031559360136346123 0.063087300612376288 -0.10661816317588091 0.042011128831654788 0.033562956750392912 -0.17413263068534435 -0.0091544622491145956 -0.061955954752703934 -0.0016173312284945064 -0.0075044012011986384 0.04263123395420345 -0.12949288253090346 -0.096060285856947314 -0.1142847707325762 0.044650379159758169 0.018593917414546014 0.0082049574102124861 0.2490516790321895 0.17441737231399335 -0.086356132229169213 -0.088839825215365958 0.10835207206723484 -0.020690732848431384 0.00081589731142847014
leaf_weight=21 24 20 20 22 23 31 41 39 36 20 30 20 58 47 2001 71 112 20 24 22 31 34 31 21 28 21 34 23 84 711
leaf_count=21 24 20 20 22 23 31 41 39 36 20 30 20 58 47 2001 71 112 20 24 22 31 34 31 21 28 21 34 23 84 711
internal_value=9.8928e-11 -0.0120828 -0.0273049 -0.04797 -0.0164076 0.000354393 0.0037034 0.00229419 -0.0229796 -0.0366144 -0.0475346 -0.02784 -0.0514566 -0.00213797 -0.00300206 0.00626137 0.00451219 -0.0343151 0.00751668 0.0239568 0.0395037 0.0565244 0.096494 0.129469 0.0889658 0.0222648 -0.0251753 -0.0136449 0.00704744 -0.00234741
internal_weight=3720 106 85 65 43 3614 1542 1511 205 164 144 108 78 2072 2048 1306 1267 91 1176 441 312 247 114 83 62 133 65 129 107 735
internal_count=3720 106 85 65 43 3614 1542 1511 205 164 144 108 78 2072 2048 1306 1267 91 1176 441 312 247 114 83 62 133 65 129 107 735
is_linear=0
shrinkage=0.05


Tree=252
num_leaves=31
num_cat=0
split_feature=1 1 4 7 1 7 7 0 4 8 4 4 7 2 2 3 3 3 7 3 3 5 4 8 1 4 4 2 3 7
split_gain=6.4723 18.8098 35.5584 21.6931 13.4155 44.1656 67.3457 49.908 16.3728 56.6469 49.5358 31.6934 39.9672 26.6392 71.3916 47.7923 109.668 96.8172 43.9941 90.067 36.9575 24.2021 28.3819 97.449 63.5286 29.9078 47.0732 59.3678 45.8879 33.1259
threshold=31.500000000000004 28.500000000000004 15.753780806648265 0.49157961408195167 26.500000000000004 0.20042780527416262 0.43536188261105441 17.500000000000004 11.005468809243625 5.5000000000000009 10.049380507584218 11.10378243491982 0.85543657113539207 11.785714285714286 11.071428571428573 6.049399492719167 6.8521807442872449 5.4160256030906444 0.38532528887812006 4.4239607334862976 6.152814630930604 12.08014476930733 11.533208611452681 2.5000000000000004 14.500000000000002 11.672347023524869 11.807206169235227 10.500000000000002 6.0808047693839553 0.31339541316093561
decision_type=2 2 2 2 2 2 2 2 2 2 2 2 2 2 2 2 2 2 2 2 2 2 2 2 2 2 2 2 2 2
left_child=1 4 3 -3 8 -6 -7 -8 9 13 -11 -10 21 14 15 17 -17 18 -1 -20 -16 -13 23 -23 -25 -24 28 -28 -27 -29
right_child=-2 2 -4 -5 5 6 7 -9 11 10 -12 12 -14 -15 20 16 -18 -19 19 -21 -22 22 25 24 -26 26 27 29 -30 -31
leaf_value=-0.048209796299008616 0.022044867186835321 0.029850261464715006 -0.082160793542861946 -0.034786597887674971 -0.045724677294492727 0.11588619412854313 -0.03640848366277559 0.067006072103977202 0.052027459715803463 -0.0035079075467018858 -0.10589814111590386 0.048832026012241847 0.055992595036514103 -0.041213764894653011 0.017016667574644092 -0.11501293106582658 0.021343758894751472 0.096870678722858428 0.091876929998397833 -0.042768604115203578 0.11313836991786957 0.036546335422183177 0.046278538469757352 -0.018362294096085762 -0.11688008757929008 0.0053733516079576124 0.0744237142028632 0.0069331867451976077 -0.089197602200097051 -0.0041228161068429161
leaf_weight=47 33 25 20 27 20 20 28 20 30 21 27 25 32 37 20 29 30 25 23 27 20 39 35 36 30 23 27 1071 29 1844
leaf_count=47 33 25 20 27 20 20 28 20 30 21 27 25 32 37 20 29 30 25 23 27 20 39 35 36 30 23 27 1071 29 1844
internal_value=-1.21272e-10 -0.00019731 -0.0255027 -0.00371118 0.000306699 0.0195899 0.0388001 0.00668091 -0.000174425 -0.011227 -0.0611024 0.000875587 0.000394685 -0.00194786 0.00462607 -0.00873336 -0.045679 0.0091338 -0.0134788 0.0191683 0.0650775 -0.00016851 -0.000559388 -0.0261156 -0.0631431 0.000326516 -0.000210666 0.000622845 -0.0473681 -6.07307e-05
internal_weight=3720 3687 72 52 3615 88 68 48 3527 306 48 3221 3191 258 221 181 59 122 97 50 40 3159 3134 105 66 3029 2994 2942 52 2915
internal_count=3720 3687 72 52 3615 88 68 48 3527 306 48 3221 3191 258 221 181 59 122 97 50 40 3159 3134 105 66 3029 2994 2942 52 2915
is_linear=0
shrinkage=0.05


Tree=253
num_leaves=31
num_cat=0
split_feature=5 7 2 2 5 0 4 2 3 1 8 4 4 5 7 7 0 5 7 5 4 9 3 0 9 5 5 1 4 4
split_gain=6.92847 31.7347 13.8613 9.90035 64.9399 58.8768 131.267 42.4215 40.495 59.763 36.3854 36.284 77.2333 69.3302 39.9105 17.9247 107.549 130.699 82.7404 67.408 66.5859 87.4172 96.9547 64.8542 99.1444 68.0288 116.538 56.5993 50.105 86.8099
threshold=11.647563274155504 0.46235292041081527 8.9285714285714306 11.071428571428573 12.021048871938655 4.5000000000000009 12.53219691637417 10.071428571428573 5.9920582360956711 15.500000000000002 2.5000000000000004 11.382655915535119 11.005468809243625 13.126793414830354 0.35404186965611922 0.60907250044297279 4.5000000000000009 12.878615001663253 0.59571365110824004 14.536859481387646 11.948291405317837 2.5000000000000004 6.6044717895564977 6.5000000000000009 3.5000000000000004 13.249344222509469 13.488134550659803 13.500000000000002 12.957133205317712 13.958390118010717
decision_type=2 2 2 2 2 2 2 2 2 2 2 2 2 2 2 2 2 2 2 2 2 2 2 2 2 2 2 2 2 2
left_child=1 -1 -2 5 -5 10 7 8 9 -7 -4 12 13 14 -9 18 19 -18 -6 -17 21 -19 -23 24 -22 -25 -27 -20 -28 -30
right_child=2 -3 3 4 15 6 -8 11 -10 -11 -12 -13 -14 -15 -16 16 17 20 27 -21 23 22 -24 25 -26 26 28 -29 29 -31
leaf_value=0.021565412827160048 0.031554293133584516 -0.062432477618990984 -0.015845958249909538 0.090525806471705439 0.0011197562463236064 0.096775156100866969 0.1232582113519311 -0.0077762331068515784 -0.027614815250552933 -0.014242223379286854 -0.10785841792821885 -0.067038680524565283 0.074658057936245498 0.033135234205811111 -0.095869178469810232 0.1331731859255921 -0.097438626531511544 0.11182753968707942 0.12581454355862329 0.0063426384702324869 -0.13505217039585113 0.076630007443220724 -0.061916844387139597 0.075518578261137004 0.0031306182551715106 -0.097403646452086323 -0.046523039619482703 0.020228768289089205 0.044615310553382054 -0.0073443766980356463
leaf_weight=23 35 22 21 20 2299 27 20 20 29 22 22 40 21 27 36 22 40 27 22 20 25 23 28 25 27 35 63 30 94 555
leaf_count=23 35 22 21 20 2299 27 20 20 29 22 22 40 21 27 36 22 40 27 22 20 25 23 28 25 27 35 63 30 94 555
internal_value=-1.11791e-10 -0.0195002 0.000238778 -6.23326e-05 0.00069768 -0.00900915 0.000570426 -0.0104825 0.019215 0.0469306 -0.0629221 -0.0265687 -0.0110033 -0.0326767 -0.0644074 0.000158981 -0.00550701 -0.00899742 0.00253046 0.0727777 -0.00507541 0.039079 0.000565069 -0.00925508 -0.0633034 -0.00561451 -0.00832981 0.0648997 -0.00395118 0.000181372
internal_weight=3720 45 3675 3640 3355 285 242 222 78 49 43 144 104 83 56 3335 984 942 2351 42 902 78 51 824 52 772 747 52 712 649
internal_count=3720 45 3675 3640 3355 285 242 222 78 49 43 144 104 83 56 3335 984 942 2351 42 902 78 51 824 52 772 747 52 712 649
is_linear=0
shrinkage=0.05


Tree=254
num_leaves=31
num_cat=0
split_feature=7 7 3 3 3 0 3 4 4 2 3 0 2 0 5 5 0 0 7 3 4 5 7 7 8 3 2 3 5 7
split_gain=6.90025 50.407 97.6807 46.5761 45.1759 42.3545 69.8418 88.9573 120.94 63.8035 61.5306 138.885 103.127 95.2794 60.9155 100.015 81.0781 106.809 85.9457 79.5978 77.7114 86.5823 198.606 92.6648 61.9281 190.098 89.7083 125.401 104.132 86.9863
threshold=0.41856757364393143 0.43179026241201307 6.6278630192806824 10.517558770661152 9.9928543059577493 22.500000000000004 5.7981934789249303 12.726647078949673 11.470296772672315 14.642857142857144 7.2011896187582449 24.500000000000004 16.357142857142858 25.500000000000004 16.249782541634058 16.332466246636233 11.500000000000002 13.500000000000002 0.38907274732114289 5.830951894845299 16.955665422582989 13.550681937761434 0.19167603529873947 0.061435934677514313 1.5000000000000002 7.0050983275386596 11.357142857142859 6.2373681873657283 12.85204994546015 0.22630166601668841
decision_type=2 2 2 2 2 2 2 2 2 2 2 2 2 2 2 2 2 2 2 2 2 2 2 2 2 2 2 2 2 2
left_child=3 2 -2 4 5 14 -7 8 -8 -9 11 -11 -12 -14 16 -16 24 20 -19 -20 21 22 -18 -23 25 -1 28 -28 29 -26
right_child=1 -3 -4 -5 -6 6 7 9 -10 10 12 -13 13 -15 15 -17 17 18 19 -21 -22 23 -24 -25 26 -27 27 -29 -30 -31
leaf_value=-0.0091097355437361523 -0.018761827372785273 0.00063278991294035095 0.10890269233815131 0.071815027083669394 -0.064981713730456511 0.080450731233970549 -0.019776173937134447 -0.08592594203849635 0.14834056736334511 0.044579642217444343 0.093656175008841935 -0.12566958504915238 -0.094334771192592135 0.034602569577002314 -0.13398413609882648 -0.018510353021822343 -0.11741858754484427 0.003099224056504864 0.0008522942307449523 -0.13378748064455778 0.04413532685665858 0.0094195149161598896 0.087600734278007797 -0.10517993314463772 -0.055708607162038487 0.10119937296511364 0.058340536348987372 -0.0070431911488148301 -0.090280363798141486 0.077556927494704719
leaf_weight=90 29 1852 31 21 29 37 20 24 23 23 35 25 23 38 22 127 21 549 21 23 21 22 27 89 24 69 110 220 50 25
leaf_count=90 29 1852 31 21 29 37 20 24 23 23 35 25 23 38 22 127 21 549 21 23 21 22 27 89 24 69 110 220 50 25
internal_value=7.82924e-11 0.00209405 0.0471982 -0.0022145 -0.00308446 -0.0020634 0.0170868 0.00597556 0.0701467 -0.0104492 0.00213025 -0.0440918 0.0252413 -0.0140131 -0.0052086 -0.0355602 -0.00188576 -0.0125294 -0.00228961 -0.0695276 -0.046264 -0.0582035 -0.00209522 -0.0824665 0.0121067 0.0387603 0.0022281 0.0147514 -0.0395162 0.012284
internal_weight=3720 1912 60 1808 1787 1758 248 211 43 168 144 48 96 61 1510 149 1361 773 593 44 180 159 48 111 588 159 429 330 99 49
internal_count=3720 1912 60 1808 1787 1758 248 211 43 168 144 48 96 61 1510 149 1361 773 593 44 180 159 48 111 588 159 429 330 99 49
is_linear=0
shrinkage=0.05


Tree=255
num_leaves=31
num_cat=0
split_feature=5 7 4 7 7 1 0 3 7 3 3 2 7 1 1 1 0 5 3 3 9 7 3 7 7 4 2 4 2 3
split_gain=6.41237 28.3561 13.418 20.4272 12.1669 55.012 45.442 56.4993 29.6594 38.9937 48.2689 23.264 18.5259 43.6875 16.4252 58.3385 100.857 77.4884 66.2648 65.6715 69.4014 56.9826 59.0775 48.7583 61.4181 106.959 39.8632 78.8396 79.6224 94.4467
threshold=11.647563274155504 0.46235292041081527 9.2623245283222833 0.52492508816270844 0.83589943869142747 7.5000000000000009 10.500000000000002 6.7998599425352291 0.81560440812257118 7.8891124493250286 6.9006555934235445 14.357142857142859 0.80441415073514488 13.500000000000002 9.5000000000000018 10.500000000000002 11.500000000000002 14.355719418458262 10.697127036799683 9.8838433152543868 3.5000000000000004 0.78411548783517437 10.517558770661152 0.64272149733980921 0.24647075161353152 14.240840132370948 11.214285714285717 12.761707183731898 13.642857142857144 5.2417736002416664
decision_type=2 2 2 2 2 2 2 2 2 2 2 2 2 2 2 2 2 2 2 2 2 2 2 2 2 2 2 2 2 2
left_child=1 -1 3 -2 8 -6 -7 -8 12 10 11 -10 14 -14 21 16 17 -16 19 -17 -21 22 26 24 -18 -26 -4 28 29 -28
right_child=2 -3 4 -5 5 6 7 -9 9 -11 -12 -13 13 -15 15 18 23 -19 -20 20 -22 -23 -24 -25 25 -27 27 -29 -30 -31
leaf_value=0.020058243033354697 -0.0049182004549286583 -0.059342493489384654 -0.038279921244829901 0.064900667816400526 0.078244108423866615 0.043394916961269993 -0.088976206257939339 0.017409701186877031 0.016292601078748702 0.028996799011593279 -0.10969332669462478 -0.050257046209198658 0.077770454265177258 -0.011724700381358465 0.16636273130774498 0.00034928679242244128 0.042492398342915946 0.038432711568372004 0.086101754856380552 -0.10819548738413845 -0.004260765761137009 -0.089607808068394662 -0.087065894174433889 0.074042908989247827 -0.13526077948510648 0.0063541828095912941 0.11108677597208456 -0.005794010900315099 0.12668673268386296 -0.0062150382174131205
leaf_weight=23 22 22 70 20 27 31 24 26 24 23 21 29 25 30 20 2242 35 29 22 29 36 20 21 21 20 40 22 647 21 78
leaf_count=23 22 22 70 20 27 31 24 26 24 23 21 29 25 30 20 2242 35 29 22 29 36 20 21 21 20 40 22 647 21 78
internal_value=4.51735e-11 -0.0187599 0.000229713 0.0283289 -9.51328e-05 0.0164357 -0.00416709 -0.0336555 -0.00060161 -0.0278667 -0.0455404 -0.0201214 0.000169892 0.0289549 -0.000299475 0.00177192 0.0305024 0.090649 -0.000263511 -0.00108711 -0.0506316 -0.00617668 -0.00423416 0.00509558 -0.0101454 -0.0408508 -0.00215843 0.0011339 0.0381782 0.0195914
internal_weight=3720 45 3675 42 3633 108 81 50 3525 97 74 53 3428 55 3373 2494 165 49 2329 2307 65 879 859 116 95 60 838 768 121 100
internal_count=3720 45 3675 42 3633 108 81 50 3525 97 74 53 3428 55 3373 2494 165 49 2329 2307 65 879 859 116 95 60 838 768 121 100
is_linear=0
shrinkage=0.05


Tree=256
num_leaves=31
num_cat=0
split_feature=5 5 7 9 5 4 4 3 5 3 0 4 7 9 7 5 5 3 3 2 2 3 2 5 3 7 3 5 3 8
split_gain=6.6315 34.1749 83.3419 94.8194 187.615 68.7811 194.082 65.6162 130.045 141.611 87.4628 93.3775 78.1517 70.7168 67.9926 62.247 46.5572 116.699 100.443 44.9394 64.9332 73.7121 60.2527 50.2422 125.844 103.487 45.0515 156.356 54.7233 47.4705
threshold=14.894500689213002 14.483575977798775 0.17578870404090757 2.5000000000000004 14.728193832965118 12.336675256445186 12.884661054350737 7.7613204571190906 14.764147859965599 9.1573542083351871 8.5000000000000018 13.909566044065995 0.60260375364927665 3.5000000000000004 0.41568951044423103 14.791615773296838 14.382378130677905 7.8437108762113441 6.9710282727036583 15.785714285714286 16.214285714285719 6.9006555934235445 15.500000000000002 14.272256765732445 5.5506327395643664 0.55507883563575788 9.1078197694278646 13.775092319049152 8.8653954391235512 5.5000000000000009
decision_type=2 2 2 2 2 2 2 2 2 2 2 2 2 2 2 2 2 2 2 2 2 2 2 2 2 2 2 2 2 2
left_child=1 16 3 -3 -5 -4 -7 10 9 -9 -8 -12 13 14 -13 -14 19 18 -18 22 -21 -22 23 26 -25 -26 28 -28 29 -1
right_child=-2 2 5 4 -6 6 7 8 -10 -11 11 12 15 -15 -16 -17 17 -19 -20 20 21 -23 -24 24 25 -27 27 -29 -30 -31
leaf_value=-0.0024644109884662015 0.0024035693524860516 -0.053522554350396004 0.035029114590866904 -0.012101748454220155 0.16833295392990114 -0.18447451680898666 -0.095517175462172962 0.14823251770436763 -0.07725205252999845 -0.030268364697694779 0.048099592162105138 -0.027940712514377776 -0.14076851059993109 -0.064284228178439665 0.10087481111288071 -0.024387710822047666 0.025451150357171343 -0.058311171256578892 0.1466716469526291 -0.098361899756959512 0.0618546336889267 -0.050657069199794048 0.075263568096690714 0.056829103589057933 -0.017295635106380693 -0.1492880093830603 -0.011227371332546076 0.15141983005133541 -0.079921385131421552 0.025032825123701918
leaf_weight=1103 1620 24 41 34 25 20 49 25 23 20 39 21 27 32 20 20 54 26 25 28 24 37 27 25 33 27 45 22 21 183
leaf_count=1103 1620 24 41 34 25 20 49 25 23 20 39 21 27 32 20 20 54 26 25 28 24 37 27 25 33 27 45 22 21 183
internal_value=-3.91553e-11 -0.00185418 -0.014611 0.030269 0.0643536 -0.0256646 -0.0340715 -0.0231727 0.0194654 0.0688988 -0.0371121 -0.019113 -0.0409572 -0.00858019 0.0348961 -0.0912448 0.00133503 0.033572 0.0638121 -0.000814098 -0.0353251 -0.00639017 0.00125285 -0.000116784 -0.0374212 -0.0766922 0.00219099 0.0421792 0.000141096 0.00144849
internal_weight=3720 2100 420 83 59 337 296 276 68 45 208 159 120 73 41 47 1680 105 79 1575 89 61 1486 1459 85 60 1374 67 1307 1286
internal_count=3720 2100 420 83 59 337 296 276 68 45 208 159 120 73 41 47 1680 105 79 1575 89 61 1486 1459 85 60 1374 67 1307 1286
is_linear=0
shrinkage=0.05


Tree=257
num_leaves=31
num_cat=0
split_feature=7 7 3 7 3 3 0 4 7 5 8 0 8 1 8 7 4 1 9 2 7 0 3 4 5 2 3 2 4 2
split_gain=6.88079 44.4084 86.984 43.2241 66.7999 77.3762 73.5731 65.2487 107.093 134.561 83.3083 75.3405 58.2205 77.7759 57.0472 138.375 56.2403 62.828 47.8385 75.5353 56.8969 47.5808 46.3041 44.8636 56.0729 70.8007 47.6885 67.0722 86.8632 85.1124
threshold=0.41856757364393143 0.43179026241201307 6.6726154385997924 0.3399373058190811 5.9401779675119455 6.414269805898182 8.5000000000000018 17.948171698864105 0.37116367046161153 14.155188953057248 2.5000000000000004 9.5000000000000018 4.5000000000000009 15.500000000000002 5.5000000000000009 0.30242799912791579 11.10378243491982 19.500000000000004 3.5000000000000004 15.642857142857144 0.16126320448096124 13.500000000000002 10.409472136421213 18.49255432513057 16.812504006790494 18.785714285714288 5.0473944244719382 16.785714285714288 15.151068968585912 13.785714285714286
decision_type=2 2 2 2 2 2 2 2 2 2 2 2 2 2 2 2 2 2 2 2 2 2 2 2 2 2 2 2 2 2
left_child=3 2 -2 14 6 -6 -5 8 11 -10 -11 -7 13 21 22 16 -16 18 19 -18 -20 -8 23 26 25 -25 27 28 29 -1
right_child=1 -3 -4 4 5 7 12 -9 9 10 -12 -13 -14 -15 15 -17 17 -19 20 -21 -22 -23 -24 24 -26 -27 -28 -29 -30 -31
leaf_value=-0.03274294885188124 -0.015775973026951155 0.00071953412100243276 0.10462891707817715 0.096432763763836457 -0.11123658533023413 -0.15249980054795742 -0.11985427588224412 0.059592768408003309 0.08620487624599088 0.015754780365574744 -0.10112448940674464 -0.043217739163209562 0.054019123315811157 0.043606921382572342 -0.066047551695789616 0.13860185767213504 0.11293993105108922 -0.028708178946829362 -0.040494417883455758 0.005300601970936571 0.066812889526287708 -0.018150535776563313 0.071083722937674759 -0.14073749452152037 0.0069686974474304428 -0.017751285023987293 0.0039072088895214579 0.058131434543368721 -0.095468230581865085 0.052720402583882622
leaf_weight=137 30 1852 30 21 29 24 23 21 31 31 30 46 28 23 21 24 39 46 30 28 21 23 21 22 37 25 925 24 41 37
leaf_count=137 30 1852 30 21 29 24 23 21 31 31 30 46 28 23 21 24 39 46 30 28 21 23 21 22 37 25 925 24 41 37
internal_value=-1.85751e-10 0.00209109 0.0444265 -0.00221138 -0.0185725 -0.0353557 0.0115803 -0.0233309 -0.0340802 0.00138059 -0.0417268 -0.0806859 -0.00678986 -0.031466 0.00144166 0.0256468 0.0109932 0.0208581 0.0401806 0.0679563 0.00369094 -0.0690024 -0.00254485 -0.00378379 -0.0390734 -0.0753193 -0.00123712 -0.0211472 -0.0299969 -0.0145697
internal_weight=3720 1912 60 1808 330 212 118 183 162 92 61 70 97 69 1478 209 185 164 118 67 51 46 1269 1248 84 47 1164 239 215 174
internal_count=3720 1912 60 1808 330 212 118 183 162 92 61 70 97 69 1478 209 185 164 118 67 51 46 1269 1248 84 47 1164 239 215 174
is_linear=0
shrinkage=0.05


Tree=258
num_leaves=31
num_cat=0
split_feature=1 8 0 3 3 3 7 3 4 7 2 2 8 1 0 0 5 1 3 0 4 2 4 7 7 7 7 5 2 7
split_gain=6.91075 36.952 46.0822 30.5613 12.156 78.0509 79.905 74.5852 88.3467 43.8717 38.1919 147.855 129.855 81.6182 74.5241 107.535 126.331 71.2055 105.533 70.45 133.843 89.6144 69.1621 84.8754 69.0308 52.2652 45.5419 150.1 148.575 130.282
threshold=3.5000000000000004 4.5000000000000009 15.500000000000002 5.8858179594575697 7.3872476993416631 7.322502824789324 0.46568874096961865 7.4817235944894174 13.111006111798998 0.0033648496547645005 14.357142857142859 15.071428571428573 2.5000000000000004 19.500000000000004 3.5000000000000004 10.500000000000002 13.775092319049152 9.5000000000000018 8.3623303810531215 7.5000000000000009 14.44037533637051 13.071428571428573 14.182440443900502 0.50708339050671414 0.41856757364393143 0.31681617810221518 0.41568951044423103 16.071398020343995 18.500000000000004 0.21990763771487346
decision_type=2 2 2 2 2 2 2 2 2 2 2 2 2 2 2 2 2 2 2 2 2 2 2 2 2 2 2 2 2 2
left_child=1 2 3 -1 5 9 -7 8 -6 -2 12 13 17 22 -14 16 -16 18 -9 -19 21 -21 23 -12 -18 -24 27 28 29 -13
right_child=4 -3 -4 -5 7 6 -8 10 -10 -11 11 26 14 -15 15 -17 24 19 -20 20 -22 -23 25 -25 -26 -27 -28 -29 -30 -31
leaf_value=-0.045905270501971247 -0.065947110702594125 0.036688920203596355 -0.077592465077196401 0.035641789822666733 0.029358268635613579 0.0010803435370326043 0.14241773389279841 -0.081765618640929461 -0.094841642603278167 0.0020092687700781152 -0.19117691335470782 0.017916334006521439 -0.091984026535199243 0.010804658276694162 -0.022584570759414314 -0.035011811883499229 0.020590359102124756 0.11879556767451459 0.073748333812691275 0.029224452543023388 -0.050462566688656812 0.14836015452941259 0.021308282337018425 -0.052145256421395718 0.13415255472064019 -0.078467847364289425 -0.0098182344981237075 -0.030540096404675011 -0.07890423818237402 0.10561032410711052
leaf_weight=20 24 28 31 27 21 20 20 24 45 2280 23 90 26 35 51 120 23 39 20 38 29 27 21 21 32 35 341 107 22 80
leaf_count=20 24 28 31 27 21 20 20 24 45 2280 23 90 26 35 51 120 23 39 20 38 29 27 21 21 32 35 341 107 22 80
internal_value=-6.63818e-11 -0.0125835 -0.0302711 0.000940913 0.00036908 0.00250357 0.071749 -0.00357048 -0.0553235 0.00130139 -0.000733522 -0.00735905 0.0112357 -0.0549101 -0.0118189 -0.00259633 0.0341004 0.0440591 -0.0110775 0.0622997 0.03886 0.0787116 -0.0779102 -0.124821 0.0866629 -0.0410518 0.00267124 0.0169151 0.0433615 0.0591841
internal_weight=3720 106 78 47 3614 2344 40 1270 66 2304 1204 775 429 135 252 226 106 177 44 133 94 65 100 44 55 56 640 299 192 170
internal_count=3720 106 78 47 3614 2344 40 1270 66 2304 1204 775 429 135 252 226 106 177 44 133 94 65 100 44 55 56 640 299 192 170
is_linear=0
shrinkage=0.05


Tree=259
num_leaves=31
num_cat=0
split_feature=5 4 4 7 4 5 4 2 0 9 7 7 3 4 3 7 5 0 1 2 7 7 9 3 1 4 1 3 7 8
split_gain=6.73091 31.6422 125.839 65.993 86.0728 50.4674 93.8449 39.3498 77.5605 124.427 162.356 120.436 111.128 161.592 132.059 94.6952 77.2558 107.294 79.5587 58.214 133.158 110.828 87.9643 85.0856 83.8132 71.4593 55.4859 45.0761 50.3919 43.0572
threshold=14.894500689213002 16.069169918940464 15.884582723572414 0.10179469516679256 17.380246052425974 14.60269841420442 16.888714245503976 14.357142857142859 15.500000000000002 2.5000000000000004 0.62603151184095951 0.62883106707098324 6.0670852812140286 15.207003296631548 5.6251980110938913 0.49919894374383444 13.863552379718399 24.500000000000004 10.500000000000002 13.785714285714286 0.57958117373634621 0.45838697673384565 2.5000000000000004 7.1280799525204452 10.500000000000002 13.852950565787983 14.500000000000002 3.3058370287123595 0.030478349190098102 2.5000000000000004
decision_type=2 2 2 2 2 2 2 2 2 2 2 2 2 2 2 2 2 2 2 2 2 2 2 2 2 2 2 2 2 2
left_child=1 2 7 -3 5 6 -5 19 9 10 -9 15 13 14 -10 -11 -14 18 -18 27 21 22 -21 -22 -24 -26 -19 -1 -29 -30
right_child=-2 3 -4 4 -6 -7 -8 8 12 11 -12 -13 16 -15 -16 -17 17 26 -20 20 23 -23 24 -25 25 -27 -28 28 29 -31
leaf_value=0.049699231504076506 0.0024215172802351049 0.047549551890956034 0.088779254410511418 0.018631587798396746 0.035781342734893161 -0.10163455730260805 -0.11645215651020409 -0.04629956873250194 -0.045599297646965298 -0.072671570209786304 0.13530016541481019 -0.16428750203205988 -0.073709682598710066 0.15533852475881577 0.11050325334072114 0.040692867547273637 0.11176548175886275 -0.11544469743967056 -0.00089113472827843259 0.11381921029406722 -0.098079516093379684 0.13332023548291011 0.072074370031003601 0.024116633318621537 -0.093871669156047013 0.030136946056570326 -0.0043758443516233696 0.046127221075703911 0.0049782974731446914 -0.014044390399175793
leaf_weight=41 1620 27 39 36 30 43 20 32 42 70 20 26 50 25 20 25 25 22 42 23 28 34 27 29 26 21 23 49 535 670
leaf_count=41 1620 27 39 36 30 43 20 32 42 70 20 26 50 25 20 25 25 22 42 23 28 34 27 29 26 21 23 49 535 670
internal_value=7.95098e-11 -0.00186803 -0.000129395 -0.0235341 -0.038412 -0.0608949 -0.0296126 -0.00194957 -0.0154208 -0.0411373 0.0235465 -0.0689352 0.00244641 0.0480271 0.00475636 -0.0428388 -0.0220321 0.00103823 0.0411449 0.00188379 0.0278835 0.0556408 0.028413 -0.0359095 0.00186784 -0.0384636 -0.0586762 -0.0018907 -0.00357745 -0.00559863
internal_weight=3720 2100 1944 156 129 99 56 1905 422 173 52 121 249 87 62 95 162 112 67 1483 188 131 97 57 74 47 45 1295 1254 1205
internal_count=3720 2100 1944 156 129 99 56 1905 422 173 52 121 249 87 62 95 162 112 67 1483 188 131 97 57 74 47 45 1295 1254 1205
is_linear=0
shrinkage=0.05


Tree=260
num_leaves=31
num_cat=0
split_feature=3 3 1 0 5 9 9 3 5 9 1 1 4 9 0 4 7 5 4 1 3 2 0 1 9 1 4 3 7 3
split_gain=6.6401 73.637 117.052 89.0416 51.138 81.1222 58.778 49.7287 64.1908 49.2679 38.8336 56.0407 62.804 53.9015 50.3826 78.9515 86.9262 118.287 91.591 48.513 60.3364 48.3065 81.8787 81.3712 84.7771 77.9064 68.5671 59.5631 51.7873 46.5545
threshold=7.9041881604748268 7.7120808136449526 6.5000000000000009 7.5000000000000009 15.980903400726087 3.5000000000000004 4.5000000000000009 7.6110819849777114 15.185886602108505 1.5000000000000002 9.5000000000000018 13.500000000000002 17.820580980611748 2.5000000000000004 19.500000000000004 13.181933661273421 0.39194000381101007 15.185886602108505 16.325033468601372 5.5000000000000009 8.7150663194482352 18.071428571428573 7.5000000000000009 24.500000000000004 3.5000000000000004 17.500000000000004 15.30977326226084 9.0079330116768244 0.46235292041081527 8.5995565750057938
decision_type=2 2 2 2 2 2 2 2 2 2 2 2 2 2 2 2 2 2 2 2 2 2 2 2 2 2 2 2 2 2
left_child=1 7 -3 -4 5 -5 -7 -1 -9 -2 14 12 13 -12 15 -11 17 -17 -18 -16 -21 22 23 24 -13 26 29 -23 -28 -24
right_child=9 2 3 4 -6 6 -8 8 -10 10 11 21 -14 -15 19 16 18 -19 -20 20 -22 27 25 -25 -26 -27 28 -29 -30 -31
leaf_value=0.00046222600012128421 0.061595437782151367 0.14506721808796838 -0.079201431361725555 -0.037848738663726386 0.10785056934691967 0.12690848201513291 0.01467979427959238 3.8307003404309113e-05 -0.094455006695352506 -0.10948934269836173 0.097515436427978178 -0.012401305492489766 -0.040600981935858732 0.022520905981200334 -0.047914804971736412 -0.16673774801194668 0.051509089305996895 -0.0086774912470116688 -0.065702910125255587 -0.025117060989141467 0.089463669648049055 0.084849948924163296 -0.15150380902565444 -0.060524947879215085 0.085528088463287744 -0.011203565862192547 0.037302715295837043 -0.012048244826894787 -0.07373925390697661 -0.057764788330705079
leaf_weight=2589 28 21 20 36 20 20 28 41 32 32 30 39 31 119 23 20 50 29 25 20 27 29 26 24 51 206 21 35 21 27
leaf_count=2589 28 21 20 36 20 20 28 41 32 32 30 39 31 119 23 20 50 29 25 20 27 29 26 24 51 206 21 35 21 27
internal_value=8.6936e-11 0.00120476 0.0359037 0.0174164 0.0359967 0.0188887 0.0614417 -0.000685307 -0.0413834 -0.00370401 -0.00576998 0.000363601 0.024149 0.0376205 -0.0236551 -0.0394691 -0.0213994 -0.0731919 0.0124384 0.0115877 0.0407059 -0.00857455 -0.01481 0.0212779 0.043092 -0.0284779 -0.065936 0.0318587 -0.0182183 -0.10375
internal_weight=3720 2807 145 124 104 84 48 2662 73 913 885 659 180 149 226 156 124 49 75 70 47 479 415 114 90 301 95 64 42 53
internal_count=3720 2807 145 124 104 84 48 2662 73 913 885 659 180 149 226 156 124 49 75 70 47 479 415 114 90 301 95 64 42 53
is_linear=0
shrinkage=0.05


Tree=261
num_leaves=31
num_cat=0
split_feature=8 3 4 0 7 7 0 2 4 3 7 5 5 7 7 5 4 9 5 2 3 5 3 3 0 4 5 3 5 5
split_gain=6.26577 56.2238 174.96 97.1064 140.023 109.036 90.9852 100.501 187.928 118.411 85.5082 84.8913 117.132 100.094 103.103 76.0311 71.7379 70.5571 124.238 74.096 89.3685 65.2175 82.9188 96.0711 52.788 52.084 50.5597 50.7464 47.6895 46.0119
threshold=1.5000000000000002 7.1080094473407138 11.581462411786573 11.500000000000002 0.16775933788214709 0.09073546456230587 16.500000000000004 17.928571428571434 14.799858900113348 7.8437108762113441 0.64006661334987991 14.218677271985952 13.550681937761434 0.40691040802460149 0.7649510975891981 13.71096735550047 14.138390172764355 3.5000000000000004 15.096075002343236 14.071428571428573 8.1064327054328533 14.437606200135077 6.4770657671804592 6.2373681873657283 9.5000000000000018 14.353892941482075 13.102301133964747 5.6778600932125114 14.449851969875201 17.749745411860165
decision_type=2 2 2 2 2 2 2 2 2 2 2 2 2 2 2 2 2 2 2 2 2 2 2 2 2 2 2 2 2 2
left_child=1 11 -3 17 5 -5 -6 8 10 -10 28 12 13 26 24 -14 -17 19 25 -4 -21 -13 23 -23 -15 -19 27 -1 -8 -2
right_child=29 2 3 4 6 -7 7 -9 9 -11 -12 21 15 14 -16 16 -18 18 -20 20 -22 22 -24 -25 -26 -27 -28 -29 -30 -31
leaf_value=0.06027333573216484 0.0019834782077255988 0.11750511146017484 -0.07352369493246079 -0.011067719787359237 -0.048560643228120176 -0.15245325962702436 -0.10289860013062541 -0.057398289856651144 0.20175601054321635 0.051068795751780277 0.0715282279253006 0.064115066090837503 -0.15214080059528351 -0.12336480741298968 0.047156792134046555 -0.018319996045185968 -0.12138660645484925 0.066054249256849287 0.0035456933947496634 0.10311022465643677 -0.036273916519206501 -0.0037559762105432363 -0.05521397060947493 0.086693749719244595 -0.034353978849119608 0.17754031704230744 0.085597005280955096 -0.04336049164886828 0.0013173287113507591 -0.063624350229899082
leaf_weight=21 2613 35 25 25 64 30 23 31 22 32 20 39 25 31 23 52 25 20 43 23 23 215 64 34 36 22 29 27 21 27
leaf_count=21 2613 35 25 25 64 30 23 31 22 32 20 39 25 31 23 52 25 20 43 23 23 215 64 34 36 22 29 27 21 27
internal_value=-3.13961e-11 -0.00320831 0.0100613 0.00119211 -0.0170639 -0.0881871 0.00130125 0.0227184 0.0437661 0.11246 -0.0141944 -0.0130163 -0.0341634 -0.008378 -0.0441827 -0.0763806 -0.0517832 0.032555 0.0632875 -0.00423743 0.0334182 0.00314445 -0.00445253 0.00859459 -0.0755381 0.124452 0.0334717 0.00197931 -0.0531592 0.00131249
internal_weight=3720 1080 459 424 268 55 213 149 118 54 64 621 269 167 90 102 77 156 85 71 46 352 313 249 67 42 77 48 44 2640
internal_count=3720 1080 459 424 268 55 213 149 118 54 64 621 269 167 90 102 77 156 85 71 46 352 313 249 67 42 77 48 44 2640
is_linear=0
shrinkage=0.05


Tree=262
num_leaves=31
num_cat=0
split_feature=2 2 7 5 0 5 7 7 9 4 2 0 3 2 9 3 3 4 4 2 8 0 1 0 5 5 5 5 7 2
split_gain=6.84611 62.7494 98.4521 55.2402 87.898 43.1391 145.054 141.895 84.5765 62.6522 45.1497 42.9796 42.3981 42.202 41.2879 41.202 31.864 75.0895 73.4564 71.2573 60.8928 134.839 182.825 59.9418 46.0151 55.1034 42.0192 65.2649 104.665 110.243
threshold=16.642857142857149 16.785714285714288 0.28755196164259073 16.203624186844724 17.500000000000004 15.820092460196117 0.14262074964333624 0.51743663576415433 4.5000000000000009 15.927495168057996 16.500000000000004 12.500000000000002 8.7150663194482352 15.500000000000002 3.5000000000000004 6.8764608837478525 8.7858106539118186 17.666244232755616 19.780272881875089 17.928571428571434 5.5000000000000009 15.500000000000002 17.500000000000004 21.500000000000004 15.412546750609483 16.270583358154429 15.555068591720476 14.778150898082524 0.50399924115190464 17.642857142857149
decision_type=2 2 2 2 2 2 2 2 2 2 2 2 2 2 2 2 2 2 2 2 2 2 2 2 2 2 2 2 2 2
left_child=3 2 -2 5 12 10 -7 8 9 -8 -1 -9 13 -5 -4 -12 20 24 19 -19 26 -22 23 -23 -18 -26 27 -3 29 -29
right_child=1 16 14 4 -6 6 7 11 -10 -11 15 -13 -14 -15 -16 -17 17 18 -20 -21 21 22 -24 -25 25 -27 -28 28 -30 -31
leaf_value=-0.00038871975777883067 0.14371318781748416 -0.027737324535846708 -0.040645240176291696 -0.030863090325146916 -0.10276320164694507 -0.077402054270108545 0.073671217195012351 0.040680266189433281 0.012446667049080134 0.18936390117509291 -0.0054249970411712478 -0.053945739886590419 -0.065766583613696555 0.058770331875260533 0.058503431933266785 -0.10458290718495847 0.042820443000112264 0.026005513836508211 -0.0093485944743814144 0.14576885947198778 -0.14731592419354811 0.10835242637179116 -0.12648369246585803 -0.0048100802898406987 -0.10338681541721931 0.0072985333997918206 -0.0069113584702226996 0.16333564623325533 -0.010188500042117778 0.017299096328982463
leaf_weight=2623 20 40 21 24 34 27 22 21 20 25 22 28 21 29 21 20 21 23 29 27 23 22 22 25 22 23 371 28 42 24
leaf_count=2623 20 40 21 24 34 27 22 21 20 25 22 28 21 29 21 20 21 23 29 27 23 22 22 25 22 23 371 28 42 24
internal_value=-2.40748e-11 0.00408494 0.0524078 -0.0011263 -0.0362169 0.000223336 0.0269773 0.0512724 0.0985641 0.13521 -0.00121224 -0.0133917 -0.00564152 0.0181816 0.0089291 -0.052643 4.71816e-05 0.0210715 0.0539592 0.0906777 -0.00505922 -0.0424718 -0.00752377 0.0481596 -0.0182942 -0.0468143 0.00175654 0.025755 0.0485177 0.0959342
internal_weight=3720 804 62 2916 108 2808 143 116 67 47 2665 49 74 53 42 42 742 145 79 50 597 92 69 47 66 45 505 134 94 52
internal_count=3720 804 62 2916 108 2808 143 116 67 47 2665 49 74 53 42 42 742 145 79 50 597 92 69 47 66 45 505 134 94 52
is_linear=0
shrinkage=0.05


Tree=263
num_leaves=31
num_cat=0
split_feature=1 8 0 3 1 9 5 5 5 5 3 5 8 7 7 3 4 5 0 8 5 5 4 5 0 0 5 7 7 4
split_gain=7.10018 34.1585 41.883 27.3883 12.6917 65.1818 43.1194 16.3365 16.7582 50.4121 39.6073 76.3856 85.5057 64.8242 139.741 96.482 37.497 28.5225 74.4856 42.6941 32.9034 28.7722 51.0378 30.4345 106.769 84.7774 74.3933 94.3948 81.5179 76.054
threshold=3.5000000000000004 4.5000000000000009 15.500000000000002 6.3919581492782198 4.5000000000000009 3.5000000000000004 14.791615773296838 11.494123187890848 12.493241519892832 12.622654063548714 5.3807416730763977 12.204957873888466 3.5000000000000004 0.67122532536049118 0.45838697673384565 6.9710282727036583 11.326143496166738 12.78901861878987 7.5000000000000009 2.5000000000000004 12.85204994546015 12.951608688134103 12.120126370213166 13.315096015820664 20.500000000000004 9.5000000000000018 13.452649411919372 0.36701249062302155 0.53936024712837305 13.018793629486407
decision_type=2 2 2 2 2 2 2 2 2 2 2 2 2 2 2 2 2 2 2 2 2 2 2 2 2 2 2 2 2 2
left_child=1 2 3 -1 5 6 -2 -6 10 16 11 12 -9 14 15 -12 -10 18 -11 -20 -19 22 -22 24 25 -23 27 29 -29 -25
right_child=4 -3 -4 -5 7 -7 -8 8 9 17 13 -13 -14 -15 -16 -17 -18 20 19 -21 21 23 -24 26 -26 -27 -28 28 -30 -31
leaf_value=-0.03285486551898497 0.014964726160873066 0.034618619789502453 -0.074874486491805128 0.044342905879020691 0.038633117259100631 -0.033171991178312814 0.10304556497527909 -0.070142259434969337 0.10187936365781797 0.03923637580871582 0.040452864700380495 -0.12449826493504501 0.062649910016493365 -0.07027016207575798 0.11761344483605139 -0.081510559036847091 0.0094689256147198059 0.054370066138965611 -0.012932100005093075 -0.10724332753036703 0.0050754364692803594 -0.012107115455667004 -0.090752186129490542 0.080797617563179561 -0.082930198344199568 0.056930254161858762 0.00074189117843039042 -0.1666014274954796 -0.041310921734249273 -0.053768685531048549
leaf_weight=27 33 28 31 20 27 37 24 27 21 25 34 21 22 24 27 31 23 28 21 28 33 71 24 21 23 119 2792 20 37 21
leaf_count=27 33 28 31 20 27 37 24 27 21 25 34 21 22 24 27 31 23 28 21 28 33 71 24 21 23 119 2792 20 37 21
internal_value=2.47852e-11 -0.0127548 -0.0297607 -4.75003e-06 0.000374104 0.018506 0.0520514 -0.000110101 -0.000409576 0.000411765 -0.0150127 -0.0447144 -0.0105213 0.00291077 0.0220014 -0.0177143 0.0535739 -0.000305101 -0.0309929 -0.0668242 0.000407004 -7.09989e-05 -0.035273 0.00057543 0.0188155 0.0311321 -0.000768442 -0.0433629 -0.0852725 0.0135145
internal_weight=3720 106 78 47 3614 94 57 3520 3493 3307 186 70 49 116 92 65 44 3263 74 49 3189 3161 57 3104 213 190 2891 99 57 42
internal_count=3720 106 78 47 3614 94 57 3520 3493 3307 186 70 49 116 92 65 44 3263 74 49 3189 3161 57 3104 213 190 2891 99 57 42
is_linear=0
shrinkage=0.05


Tree=264
num_leaves=31
num_cat=0
split_feature=7 7 3 2 2 4 4 8 4 3 3 8 7 4 1 9 2 7 3 7 4 7 8 7 4 5 1 3 4 5
split_gain=6.60437 40.4229 60.7201 72.2262 82.7932 73.4462 121.796 101.594 97.2234 94.0429 108.35 53.8034 122.793 51.1564 55.0812 43.7503 70.186 51.6544 43.0588 39.2812 51.2885 105.292 105.52 91.4185 71.2982 100.603 69.7926 50.9493 47.4487 70.9686
threshold=0.41856757364393143 0.3399373058190811 4.2983939414844778 10.642857142857144 11.928571428571431 14.156439406523704 13.469162894687928 3.5000000000000004 12.470380020785448 7.8193898190880109 6.6529618637098986 5.5000000000000009 0.30242799912791579 11.160519023970393 19.500000000000004 3.5000000000000004 15.642857142857144 0.16126320448096124 10.409472136421213 0.42915757408335492 18.49255432513057 0.60260375364927665 1.5000000000000002 0.75516464203108058 18.001988546380293 16.227120826509598 17.500000000000004 6.3919581492782198 17.666244232755616 16.164625897012588
decision_type=2 2 2 2 2 2 2 2 2 2 2 2 2 2 2 2 2 2 2 2 2 2 2 2 2 2 2 2 2 2
left_child=1 11 -3 -4 -5 6 8 9 -6 10 -7 18 13 -13 15 16 -15 -17 -1 27 24 26 -23 -24 28 -26 -22 -2 -21 -30
right_child=19 2 3 4 5 7 -8 -9 -10 -11 -12 12 -14 14 -16 17 -18 -19 -20 20 21 22 23 -25 25 -27 -28 -29 29 -31
leaf_value=-0.003700065993204286 -0.0086653383360022606 0.055349437519907951 -0.11609946968965233 0.067248142682589024 -0.08082366629407324 0.010754611950955895 -0.13938243908412529 -0.05226439729902066 0.052329351767324485 -0.038317252695560459 0.14645548947155476 -0.060498477518558504 0.1312784157693386 0.11009032933629657 -0.025625908028577334 -0.037929121002089235 0.0057633885847670693 0.064315076456183493 0.068496227832067588 -0.0013958157744707058 0.11537828608637764 -0.077059649574485689 -0.017313842649661727 0.11779947039626895 -0.14714442849624904 0.0046939445969959104 0.0037406718269700095 0.097977103789647427 0.095801157600456668 -0.018723261542618275
leaf_weight=1248 21 26 20 26 29 38 33 72 26 36 24 22 24 38 46 30 28 21 21 1620 42 33 31 21 20 24 21 24 31 24
leaf_count=1248 21 26 20 26 29 38 33 72 26 36 24 22 24 38 46 30 28 21 21 1620 42 33 31 21 20 24 21 24 31 24
internal_value=-5.16577e-11 -0.0021665 -0.0179886 -0.024261 -0.0177935 -0.0263635 -0.0634425 -0.00716971 -0.0178786 0.0259611 0.063284 0.00136618 0.0248731 0.0110691 0.0207286 0.0389534 0.0658304 0.00417143 -0.00250533 0.00204866 0.000936023 0.0291793 -0.00712834 0.0372511 -0.00149562 -0.0643235 0.0781657 0.0482106 0.00015478 0.0458269
internal_weight=3720 1808 330 304 284 258 88 170 55 98 62 1478 209 185 163 117 66 51 1269 1912 1867 148 85 52 1719 44 63 45 1675 55
internal_count=3720 1808 330 304 284 258 88 170 55 98 62 1478 209 185 163 117 66 51 1269 1912 1867 148 85 52 1719 44 63 45 1675 55
is_linear=0
shrinkage=0.05


Tree=265
num_leaves=31
num_cat=0
split_feature=5 7 4 3 1 4 3 1 7 4 3 4 2 3 3 4 7 5 4 3 0 4 4 3 9 7 5 0 3 5
split_gain=6.28616 25.7508 12.7368 45.8144 43.2336 23.1209 30.1634 13.9206 55.7065 51.6543 51.4698 58.834 75.7028 63.6618 90.0408 58.2614 65.8495 54.5611 67.3952 41.6406 64.0058 48.7307 103.45 86.0718 79.4673 91.1302 77.813 66.2404 68.9719 63.995
threshold=11.647563274155504 0.46235292041081527 9.5334377140290378 5.282495802626058 12.500000000000002 10.049380507584218 5.563486402641872 9.5000000000000018 0.83589943869142747 10.805421097268455 10.517558770661152 12.761707183731898 13.642857142857144 5.2417736002416664 7.3694993859810323 13.018793629486407 0.81560440812257118 13.613576089783146 11.609680379999725 4.6521877213394225 11.500000000000002 17.289398909768494 17.009895004831453 7.4097747539828704 3.5000000000000004 0.23072550352129315 16.359734658383491 8.5000000000000018 8.5509648088763566 13.417928062306226
decision_type=2 2 2 2 2 2 2 2 2 2 2 2 2 2 2 2 2 2 2 2 2 2 2 2 2 2 2 2 2 2
left_child=1 -1 3 -2 -5 6 -4 8 9 -7 11 12 13 -11 17 -13 19 18 -15 20 -17 22 24 -23 29 -26 -25 -27 -29 -21
right_child=2 -3 5 4 -6 7 -8 -9 -10 10 -12 15 -14 14 -16 16 -18 -19 -20 21 -22 23 -24 26 25 27 -28 28 -30 -31
leaf_value=0.018417543610152992 0.085245965644717217 -0.057247701253403317 -0.068599640152284078 0.051320689097046859 -0.044930803376649113 -0.070677590598502468 0.0069615817964076999 0.0021832166654819221 0.058886233113254562 0.070037544315511541 -0.082327476782458164 -0.074047243866053492 0.10873366270376289 0.051379007775159115 0.057726673677098009 0.039295193888247017 -0.093122100510767525 -0.10878760367208584 -0.076869335174560557 -0.059010160748254173 -0.064666339585132779 0.068320339123690219 -0.10950634942754456 0.031106403594215709 -0.082589928860155259 0.059035723018601084 -0.086628989227440056 -0.035071829147636895 0.065596118308603776 0.031220965409833615
leaf_weight=23 20 22 28 20 28 31 25 2618 33 33 21 33 23 21 32 20 21 22 20 22 57 66 23 36 48 33 23 114 20 184
leaf_count=23 20 22 28 20 28 31 25 2618 33 33 21 33 23 21 32 20 21 22 20 22 57 66 23 36 48 33 23 114 20 184
internal_value=1.45661e-10 -0.0185744 0.000227441 0.0216657 -0.00482601 -0.000176719 -0.0329576 0.000312135 -0.0049213 -0.00725313 -0.00499837 -0.00309013 0.025216 0.0102089 -0.0105737 -0.00919616 -0.00598763 -0.0452659 -0.0111812 -0.00315509 -0.0376633 0.00151475 -0.00624913 0.029092 -0.000608004 -0.0218716 -0.0147904 -0.00441968 -0.0200468 0.0215846
internal_weight=3720 45 3675 68 48 3607 53 3554 936 903 872 851 151 128 95 700 667 63 41 646 77 569 444 125 421 215 59 167 134 206
internal_count=3720 45 3675 68 48 3607 53 3554 936 903 872 851 151 128 95 700 667 63 41 646 77 569 444 125 421 215 59 167 134 206
is_linear=0
shrinkage=0.05


Tree=266
num_leaves=31
num_cat=0
split_feature=3 3 1 0 3 5 9 5 9 9 2 2 7 8 5 0 5 0 1 1 1 7 9 8 3 8 1 4 4 2
split_gain=5.96655 64.6005 103.915 78.0068 44.2592 57.3984 44.1931 42.7903 71.3085 52.2489 34.0449 111.987 108.579 125.152 138.73 97.2082 92.8116 110.323 92.7308 77.9002 72.164 68.1753 70.9451 103.685 61.586 49.5336 55.7037 47.095 90.7884 57.17
threshold=7.9041881604748268 7.7120808136449526 6.5000000000000009 7.5000000000000009 7.6110819849777114 15.185886602108505 1.5000000000000002 15.980903400726087 3.5000000000000004 4.5000000000000009 14.357142857142859 15.071428571428573 0.37116367046161153 1.5000000000000002 13.360586727211912 14.500000000000002 14.206885128777538 10.500000000000002 9.5000000000000018 19.500000000000004 19.500000000000004 0.32932882441735312 3.5000000000000004 1.5000000000000002 8.9176119222137604 2.5000000000000004 13.500000000000002 15.334793690251862 14.839296152359312 15.928571428571431
decision_type=2 2 2 2 2 2 2 2 2 2 2 2 2 2 2 2 2 2 2 2 2 2 2 2 2 2 2 2 2 2
left_child=1 4 -3 -4 -1 -6 -2 8 -5 -10 12 20 18 -14 15 -15 -16 -18 -8 25 -12 22 24 -24 -13 -20 -27 28 29 -23
right_child=6 2 3 7 5 -7 10 -9 9 -11 11 21 13 14 16 -17 17 -19 19 -21 -22 27 23 -25 -26 26 -28 -29 -30 -31
leaf_value=0.00045431019206061549 0.058333823829889303 0.13649769794373287 -0.074209834784269332 -0.035230302313963575 0.00014584510723446927 -0.089208211074583238 -0.099714489923225666 0.099342219494283207 0.11958456993103028 0.013772479604397501 -0.093097465532639673 0.029435310773551465 0.10730939855755761 -0.12498304183379963 0.10917850128241949 0.021638827105052771 0.08642272179325422 -0.055390618951059879 0.087433819679300417 -0.071266821239675801 0.0059101126514948333 -0.06532417373812717 -0.022144255375094485 0.086680531478845163 -0.059451317571495715 0.054351367503404614 -0.063656820021569735 -0.0058771342062785975 -0.11723512075841427 0.042894337918614141
leaf_weight=2589 28 21 20 36 41 32 33 20 20 28 63 40 43 26 35 20 24 32 23 28 26 23 33 65 38 20 20 236 31 26
leaf_count=2589 28 21 20 36 41 32 33 20 20 28 63 40 43 26 35 20 24 32 23 28 26 23 33 65 38 20 20 236 31 26
internal_value=2.54812e-11 0.00114202 0.0336423 0.0162232 -0.000628277 -0.0390231 -0.00351112 0.0336142 0.0179646 0.0578609 -0.0054678 -0.0125615 0.00808959 0.0328912 0.00953365 -0.0612344 0.0453065 0.00538653 -0.0279127 -0.00187475 -0.0641739 -0.00322512 0.0217144 0.0500355 -0.0138684 0.0289662 -0.00465273 -0.0171155 -0.0502686 -0.00790211
internal_weight=3720 2807 145 124 2662 73 913 104 84 48 885 581 304 180 137 46 91 56 124 91 89 492 176 98 78 63 40 316 80 49
internal_count=3720 2807 145 124 2662 73 913 104 84 48 885 581 304 180 137 46 91 56 124 91 89 492 176 98 78 63 40 316 80 49
is_linear=0
shrinkage=0.05


Tree=267
num_leaves=31
num_cat=0
split_feature=1 7 8 5 1 9 7 5 5 0 4 1 4 0 0 1 2 3 3 0 7 5 4 2 7 1 7 3 4 5
split_gain=6.35902 32.8385 43.8782 32.1422 12.0037 55.0559 38.2001 15.596 15.3114 82.5783 26.939 16.1083 57.9923 48.0571 56.1439 56.573 82.4215 52.9216 147.593 117.713 75.3225 51.6149 113.077 74.9111 81.6543 84.331 82.8477 102.083 79.3762 37.4678
threshold=3.5000000000000004 0.56555386899886984 4.5000000000000009 14.856784611361913 4.5000000000000009 3.5000000000000004 0.53936024712837305 11.494123187890848 11.96440974647628 10.500000000000002 9.2623245283222833 8.5000000000000018 10.436263422837783 13.500000000000002 11.500000000000002 7.5000000000000009 15.214285714285717 7.8437108762113441 6.9710282727036583 9.5000000000000018 0.39194000381101007 16.535016453803546 16.602551520606543 16.214285714285719 0.62883106707098324 6.5000000000000009 0.26189852928807206 5.8716429111612793 15.516833353730119 15.051173405337753
decision_type=2 2 2 2 2 2 2 2 2 2 2 2 2 2 2 2 2 2 2 2 2 2 2 2 2 2 2 2 2 2
left_child=1 2 3 -1 5 6 -2 -6 9 -9 -10 12 -12 14 15 17 -17 18 19 -14 -19 22 23 24 26 -26 -15 -28 -25 -16
right_child=4 -3 -4 -5 7 -7 -8 8 10 -11 11 -13 13 21 29 16 -18 20 -20 -21 -22 -23 -24 28 25 -27 27 -29 -30 -31
leaf_value=-0.054373626916536272 0.086303644218752473 -0.054391131689772013 0.069494512565433972 0.022830257965968208 0.037738092436834625 -0.029506985692156332 0.0041224957945255134 -0.087060519400984054 0.048856477758714129 0.034373087992259702 -0.091504494100809103 0.0012100173253227538 -0.048460564494598658 0.050645823619867629 -0.032264393912628295 -0.09346807166860488 0.029960226586886813 -0.10388181250203739 0.11536125940355389 0.092851695977151399 0.022970952808856967 -0.048484006667775775 0.081571394328098262 -0.12184048424596372 0.13835552817453509 0.015788281703781753 0.032439070837251074 -0.088393117351965478 0.0045616643434321438 -0.11235387545564901
leaf_weight=28 31 32 20 26 27 37 26 28 28 28 20 2803 56 38 40 38 21 22 33 20 25 35 53 23 23 36 29 44 27 23
leaf_count=28 31 32 20 26 27 37 26 28 28 28 20 2803 56 38 40 38 21 22 33 20 25 35 53 23 23 36 29 44 27 23
internal_value=-1.19412e-11 -0.0120708 0.00622994 -0.0172014 0.00035404 0.0179877 0.0488175 -0.000116858 -0.000409467 -0.0263437 1.30873e-05 -0.00038809 -0.00778 -0.00492251 -0.0199939 -0.00783062 -0.049536 0.00794255 0.0270657 -0.0112731 -0.0364069 0.00868088 0.0160097 0.000215301 0.0160384 0.0635687 -0.00922543 -0.0403913 -0.0535833 -0.0615034
internal_weight=3720 106 74 54 3614 94 57 3520 3493 56 3437 3409 606 586 278 215 59 156 109 76 47 308 273 220 170 59 111 73 50 63
internal_count=3720 106 74 54 3614 94 57 3520 3493 56 3437 3409 606 586 278 215 59 156 109 76 47 308 273 220 170 59 111 73 50 63
is_linear=0
shrinkage=0.05


Tree=268
num_leaves=31
num_cat=0
split_feature=7 7 7 2 8 8 0 3 7 8 7 5 7 5 3 5 9 7 7 2 7 2 1 2 9 3 7 7 5 2
split_gain=6.10975 12.1658 10.245 36.054 22.5238 37.713 34.8339 26.1245 14.8389 28.5316 23.0321 121.783 25.2314 48.4239 58.0719 73.6188 35.7487 22.2071 52.1354 46.2373 22.9431 34.6263 40.5605 40.3969 18.9418 55.5474 63.2805 59.7188 69.1914 48.8716
threshold=1.0000000180025095e-35 0.0078373048667990525 0.040506361211769308 11.785714285714286 4.5000000000000009 5.5000000000000009 14.500000000000002 7.1514234347336147 0.053857989274094055 2.5000000000000004 0.065758681759227611 14.382378130677905 0.099120481556777815 14.02487730182297 7.5671594595926281 15.068807265785582 3.5000000000000004 0.10997748931255542 0.11758336274351622 14.928571428571431 0.12348188893391697 20.357142857142858 12.500000000000002 20.071428571428573 2.5000000000000004 2.8743499452978107 0.19167603529873947 0.17259510097495093 13.71096735550047 9.071428571428573
decision_type=2 2 2 2 2 2 2 2 2 2 2 2 2 2 2 2 2 2 2 2 2 2 2 2 2 2 2 2 2 2
left_child=-1 -2 3 -3 6 -6 -5 -8 9 -4 11 -10 13 16 15 -15 -12 19 -19 -14 -20 23 -23 24 25 -22 27 28 -27 -28
right_child=1 2 8 4 5 -7 7 -9 10 -11 12 -13 17 14 -16 -17 -18 18 20 -21 21 22 -24 -25 -26 26 29 -29 -30 -31
leaf_value=0.025690416667772376 -0.031870858545104665 0.075393515788018714 -0.061958403832146104 -0.044942528881677768 0.074635444240023704 -0.018329972252249718 0.057722503272287375 -0.018489778276694856 -0.048583622759377415 0.007153840831597336 -0.026963485067798977 0.11596508803574934 0.068907529378638546 -0.13709273141622544 0.012562859339279035 -0.024066031789954971 0.062365220797558629 -0.065782057940959926 0.043960390786329906 -0.01966842312652331 0.071634275500069969 0.094259900138491684 0.0023354589939117432 -0.06814331519503454 0.0021843609257921727 0.044376539235765289 -0.081258301436901104 -0.12374065216808093 -0.068782167136669167 -0.0019705891745912213
leaf_weight=23 30 20 28 41 24 20 22 23 22 32 21 23 34 25 31 34 24 30 30 26 22 21 28 22 2278 22 20 21 35 688
leaf_count=23 30 20 28 41 24 20 22 23 22 32 21 23 34 25 31 34 24 30 30 26 22 21 28 22 2278 22 20 21 35 688
internal_value=3.94416e-11 -0.000159827 9.96036e-05 0.0128967 0.00328183 0.0323784 -0.0116048 0.0187696 -0.000446193 -0.0250985 -1.83249e-05 0.0355191 -0.000487018 -0.021671 -0.0428457 -0.0719587 0.0206785 0.000385681 -0.000176438 0.0305246 0.000441124 2.75733e-05 0.0417316 -0.000629923 -0.000148622 -0.00672602 -0.00891931 -0.0516621 -0.0251069 -0.00421036
internal_weight=3720 3697 3667 150 130 44 86 45 3517 60 3457 45 3412 135 90 59 45 3277 3217 60 3187 3157 49 3108 3086 808 786 78 57 708
internal_count=3720 3697 3667 150 130 44 86 45 3517 60 3457 45 3412 135 90 59 45 3277 3217 60 3187 3157 49 3108 3086 808 786 78 57 708
is_linear=0
shrinkage=0.05


Tree=269
num_leaves=31
num_cat=0
split_feature=5 7 2 8 4 4 3 7 7 7 1 0 5 3 7 9 0 5 2 4 1 4 4 4 0 1 5 4 0 9
split_gain=6.06848 22.0893 11.8619 9.15114 77.6873 72.4756 153.568 58.7414 47.2266 114.407 296.051 66.3709 75.7455 100.323 74.1005 65.0511 53.8243 66.9004 95.7829 72.8427 67.0527 68.0837 134.265 99.1943 88.6316 85.3196 65.2704 63.4637 61.4707 76.9081
threshold=11.647563274155504 0.46235292041081527 8.9285714285714306 1.5000000000000002 9.8990604432868619 11.533208611452681 6.8521807442872449 0.54832137687450644 0.16775933788214709 0.23901393792885686 14.500000000000002 11.500000000000002 14.692097314451379 6.1314952764820871 0.072912235634577174 3.5000000000000004 3.5000000000000004 16.737414395340434 19.357142857142858 18.740961113212084 4.5000000000000009 15.884582723572414 16.087548268455233 15.095849167072556 16.500000000000004 21.500000000000004 14.856784611361913 12.884661054350737 12.500000000000002 3.5000000000000004
decision_type=2 2 2 2 2 2 2 2 2 2 2 2 2 2 2 2 2 2 2 2 2 2 2 2 2 2 2 2 2 2
left_child=1 -1 -2 4 -4 6 7 -6 11 10 -10 -7 13 -13 -14 -12 -11 19 -19 20 -18 23 -23 27 -25 26 -24 -22 -28 -30
right_child=2 -3 3 -5 5 8 -8 -9 9 16 15 12 14 -15 -16 -17 17 18 -20 -21 21 22 25 24 -26 -27 28 -29 29 -31
leaf_value=0.016011244107199753 0.029192633458546231 -0.054068419201807542 -0.096952530809424148 0.0015465139524900398 0.037885189104464749 0.017100912974826223 0.13561347507197283 -0.067576382989468789 0.18680937221007687 0.074254596270620823 -0.076665290631353855 -0.011206499593598504 0.035361641403791069 -0.1536965107917786 -0.05797544955392369 0.045431161671876913 0.050963737327782879 0.12791922328372796 -0.015651709203106854 -0.09878517848749957 -0.044124660548654257 0.11550676031728034 -0.066631047569570098 -0.1163770503839668 0.00090245660394430163 -0.10223753217607737 0.095240360383804026 0.0020761646286108241 0.072456611763863338 -0.054123492911458015
leaf_weight=23 35 22 22 2585 31 58 29 23 28 20 24 21 37 30 50 20 42 21 26 24 112 27 21 49 24 20 26 221 21 28
leaf_count=23 35 22 22 2585 31 58 29 23 28 20 24 21 37 30 50 20 42 21 26 24 112 27 21 49 24 20 26 221 21 28
internal_value=-1.59503e-10 -0.0182499 0.000223468 -5.50814e-05 -0.00397937 -0.0019993 0.0428069 -0.00703363 -0.00591395 -0.000230084 0.0597128 -0.0277794 -0.0466422 -0.0950242 -0.0182804 -0.0211669 -0.00655836 -0.00899984 0.048497 -0.0133939 -0.00992624 -0.0145845 0.0150843 -0.0250344 -0.0778194 -0.00828985 0.0112826 -0.0134629 0.0330984 0.000125123
internal_weight=3720 45 3675 3640 1055 1033 83 54 950 754 72 196 138 51 87 44 682 662 47 615 591 549 143 406 73 116 96 333 75 49
internal_count=3720 45 3675 3640 1055 1033 83 54 950 754 72 196 138 51 87 44 682 662 47 615 591 549 143 406 73 116 96 333 75 49
is_linear=0
shrinkage=0.05


Tree=270
num_leaves=31
num_cat=0
split_feature=1 4 7 0 3 3 7 3 4 7 7 7 7 9 7 5 4 5 7 4 5 3 2 7 4 0 4 7 4 4
split_gain=6.34015 31.8298 42.5069 42.3023 10.6449 67.4566 68.2235 65.3621 76.2432 39.9811 34.3689 32.7067 88.3867 57.8573 111.327 65.0836 69.5601 54.1733 50.1398 97.2164 84.9723 63.5525 61.8505 48.4413 81.4516 110.557 96.1935 84.9319 113.118 96.9581
threshold=3.5000000000000004 12.582888572752969 0.56909947381703241 17.500000000000004 7.3872476993416631 7.322502824789324 0.46568874096961865 7.4817235944894174 13.111006111798998 0.0033648496547645005 0.011325859094010101 0.68869329779548794 0.6553990435939302 2.5000000000000004 0.76991215837875371 15.944473916882545 16.632462483228867 15.20290594617944 0.55148601329062019 15.436440819826364 13.877489674208368 8.5995565750057938 16.500000000000004 0.2794752572107948 11.905087281127644 27.500000000000004 17.444833100412477 0.21990763771487346 12.761707183731898 14.240840132370948
decision_type=2 2 2 2 2 2 2 2 2 2 2 2 2 2 2 2 2 2 2 2 2 2 2 2 2 2 2 2 2 2
left_child=1 -1 3 -3 5 9 -7 8 -6 -2 -9 12 18 14 -13 16 -15 -14 23 20 -20 -22 -21 24 -12 26 27 28 -26 -30
right_child=4 2 -4 -5 7 6 -8 10 -10 -11 11 13 17 15 -16 -17 -18 -19 19 22 21 -23 -24 -25 25 -27 -28 -29 29 -31
leaf_value=0.043070293679123836 -0.062964163844784107 0.027959434936443969 -0.080448172986507416 -0.060061486455656232 0.02688681958686738 0.0014264803379774094 0.13202461164444687 0.061243600601499727 -0.088492160795463459 0.0019090822659097941 -0.069988891400862493 0.13754437678307294 -0.10777621106667952 5.4198819398880004e-05 0.00096209135812682072 -0.054542692324944908 0.088552507678805681 -0.013219707565648215 0.066905101675850662 0.12929481717829522 -0.082930757147014922 0.027183461375534537 0.030712220454361384 -0.020063616756859158 0.11649805443361401 0.1124861548134784 -0.048132653963385209 0.081112817739662918 -0.074653136552799315 0.014537998847139008
leaf_weight=21 24 39 25 21 21 20 20 22 45 2280 32 25 33 125 37 42 27 28 24 26 38 20 41 373 20 26 66 46 42 111
leaf_count=21 24 39 25 21 21 20 20 22 45 2280 32 25 33 125 37 42 27 28 24 26 38 20 41 373 20 26 66 46 42 111
internal_value=1.8335e-11 -0.0120528 -0.0256715 -0.00284789 0.000353515 0.00235093 0.0667255 -0.00333306 -0.0517807 0.00123332 -0.000677296 -0.0018298 -0.00620295 0.0139887 0.0560356 0.000551028 0.0157743 -0.0643732 -0.00210077 0.0242878 -0.0122192 -0.0449603 0.0689682 -0.00759225 0.0059699 0.0137856 0.00478134 0.020728 0.00467195 -0.00994584
internal_weight=3720 106 85 60 3614 2344 40 1270 66 2304 1204 1182 926 256 62 194 152 61 865 149 82 58 67 716 343 311 285 219 173 153
internal_count=3720 106 85 60 3614 2344 40 1270 66 2304 1204 1182 926 256 62 194 152 61 865 149 82 58 67 716 343 311 285 219 173 153
is_linear=0
shrinkage=0.05


Tree=271
num_leaves=31
num_cat=0
split_feature=7 7 3 3 1 2 2 3 3 3 5 2 5 1 5 2 1 1 4 1 4 0 5 4 4 8 1 1 4 1
split_gain=6.54495 11.0625 8.73014 57.5995 71.3636 34.6318 74.9602 103.257 192.81 74.4353 85.455 90.0697 73.1242 74.1144 52.2986 190.857 177.332 116.869 155.317 70.4171 77.6322 119.519 67.1073 64.601 61.693 111.102 118.702 87.803 75.5511 87.086
threshold=1.0000000180025095e-35 0.0078373048667990525 7.3872476993416631 7.4817235944894174 13.500000000000002 13.642857142857144 13.357142857142859 6.4697085957258951 5.0896720822428172 7.2011896187582449 13.231738944049093 14.357142857142859 15.339917042936726 11.500000000000002 14.931187728976022 14.928571428571431 8.5000000000000018 14.500000000000002 15.02019856418557 16.500000000000004 15.753780806648265 20.500000000000004 14.878195276123019 14.879960130557428 16.866225122501195 5.5000000000000009 19.500000000000004 20.500000000000004 18.323573397838395 23.500000000000004
decision_type=2 2 2 2 2 2 2 2 2 2 2 2 2 2 2 2 2 2 2 2 2 2 2 2 2 2 2 2 2 2
left_child=-1 -2 5 4 -4 6 -3 8 -8 10 11 -7 13 -11 22 16 -16 18 -18 -17 21 -21 -12 -19 27 26 -26 -22 29 -28
right_child=1 2 3 -5 -6 9 7 -9 -10 12 14 -13 -14 -15 15 19 17 23 -20 20 24 -23 -24 -25 25 -27 28 -29 -30 -31
leaf_value=0.026589646935462952 -0.030404404774308204 -0.0012360087719447991 0.010302803864081701 -0.00071808180840797324 -0.092271833064464431 0.14412684643810444 0.019447697807724276 0.044668790735304359 -0.16802961158100516 0.026088769752532243 -0.0069660701945962371 0.0010521208020773801 0.0031418897068271274 0.15641355187011263 -0.032432487881497336 0.01102028949685217 0.25927594633772971 0.0021614691411907024 0.066755049133842642 -0.022952577881515029 0.10365656648690885 -0.17265171952545644 -0.089654730432308649 0.099672366785151623 -0.082009028665283146 -0.12875934585251592 0.13842302295176878 -0.021880308501422405 -0.03836008840799332 0.00083037938760674522
leaf_weight=23 30 944 30 1221 39 22 24 20 32 20 436 22 39 24 38 377 20 33 22 40 26 20 26 35 34 22 23 30 25 23
leaf_count=23 30 944 30 1221 39 22 24 20 32 20 436 22 39 24 38 377 20 33 22 40 26 20 26 35 34 22 23 30 25 23
internal_value=1.51302e-10 -0.000165421 8.19664e-05 -0.00322969 -0.0476742 0.0018792 -0.00508198 -0.052853 -0.0876822 0.00711163 0.00412265 0.0725895 0.0529908 0.097175 0.00167343 0.00966998 0.0606862 0.0928545 0.158432 -0.00250809 -0.0234966 -0.0728523 -0.0116195 0.0523509 -0.00731434 -0.026592 -0.00518553 0.0364047 0.0316032 0.0696267
internal_weight=3720 3697 3667 1290 69 2377 1020 76 56 1357 1274 44 83 44 1230 768 148 110 42 620 243 60 462 68 183 127 105 56 71 46
internal_count=3720 3697 3667 1290 69 2377 1020 76 56 1357 1274 44 83 44 1230 768 148 110 42 620 243 60 462 68 183 127 105 56 71 46
is_linear=0
shrinkage=0.05


Tree=272
num_leaves=31
num_cat=0
split_feature=7 7 7 2 2 4 8 5 3 7 2 7 7 4 4 5 2 2 7 7 2 7 4 2 2 1 2 1 7 7
split_gain=5.90682 9.98393 8.57624 33.1633 21.0301 43.7107 37.306 42.9751 23.3539 13.2265 24.6457 16.2764 15.393 47.276 48.92 48.3902 45.4739 37.9405 21.9187 45.5398 40.6713 21.5582 82.7254 113.327 23.122 47.6192 36.0434 40.0173 24.023 169.3
threshold=1.0000000180025095e-35 0.0078373048667990525 0.040506361211769308 11.785714285714286 18.357142857142858 16.6754410112679 4.5000000000000009 15.389047006981789 6.7188434378884914 0.050315332460686611 15.071428571428573 0.056450228405314364 0.099120481556777815 17.128770209001882 15.753780806648265 14.091144628211245 14.785714285714286 12.642857142857144 0.10997748931255542 0.11758336274351622 14.928571428571431 0.13711425348255882 14.108016738453204 16.214285714285719 20.357142857142858 15.500000000000002 19.642857142857149 14.500000000000002 0.19167603529873947 0.20042780527416262
decision_type=2 2 2 2 2 2 2 2 2 2 2 2 2 2 2 2 2 2 2 2 2 2 2 2 2 2 2 2 2 2
left_child=-1 -2 3 -3 5 6 7 8 -5 10 -4 -11 13 14 15 17 -17 -13 20 -20 -14 22 -21 -24 26 -26 28 -28 -23 -30
right_child=1 2 9 4 -6 -7 -8 -9 -10 11 -12 12 18 -15 -16 16 -18 -19 19 21 -22 24 23 -25 25 -27 27 -29 29 -31
leaf_value=0.025260162353515626 -0.028884185204903285 0.071725449627265334 -0.060451122127473361 -0.082041435092687617 0.049727879576385026 -0.072871134318411343 0.054373307178417846 0.045928996205329899 -0.0056314916908740999 0.036597045163313545 0.014015508107841017 -0.014935785279992751 0.066299464685075429 -0.068820913474668163 0.062658937492718308 -0.010206962737344928 -0.10299743051114291 0.071853101588785648 -0.06151574149727821 0.08453136025106206 -0.016774274609409844 -0.01567679682947842 -0.10613353833556177 0.060171085347731912 0.081940265536308288 -0.017748890558014745 -0.0025522159653957243 -0.093396740813146945 0.11930728286504746 -0.00011590051928792604
leaf_weight=23 30 20 25 20 20 20 30 20 20 30 20 34 34 33 24 31 23 20 30 34 26 229 20 21 25 23 27 22 30 2756
leaf_count=23 30 20 25 20 20 20 30 20 20 30 20 34 34 33 24 31 23 20 30 34 26 229 20 21 25 23 27 22 30 2756
internal_value=-5.30441e-12 -0.00015715 7.7868e-05 0.0117864 0.00256504 -0.00601002 0.00884801 -0.0139146 -0.0438365 -0.000421502 -0.0273548 -7.24236e-05 -0.00039203 -0.0152933 -0.00191134 -0.0162603 -0.0497288 0.0172082 0.000358261 -0.000200196 0.0303008 0.000376982 0.0268665 -0.0209531 -0.000261422 0.0341725 -0.000800858 -0.0433396 -0.000109516 0.00117006
internal_weight=3720 3697 3667 150 130 110 90 60 40 3517 45 3472 3442 165 132 108 54 54 3277 3217 60 3187 75 41 3112 48 3064 49 3015 2786
internal_count=3720 3697 3667 150 130 110 90 60 40 3517 45 3472 3442 165 132 108 54 54 3277 3217 60 3187 75 41 3112 48 3064 49 3015 2786
is_linear=0
shrinkage=0.05


Tree=273
num_leaves=31
num_cat=0
split_feature=1 1 0 4 1 7 7 0 4 8 4 4 7 5 7 5 7 4 3 7 4 4 3 4 7 1 5 8 3 3
split_gain=5.80606 16.3266 33.4036 51.5059 13.6103 35.6141 56.7287 45.3731 11.8501 48.0368 38.3621 27.9856 30.1641 25.4199 47.9449 64.7301 52.3699 34.2328 74.0692 78.0596 34.8936 43.1569 50.2129 26.7273 96.0613 109.341 105.411 79.9219 77.9207 70.8885
threshold=31.500000000000004 28.500000000000004 16.500000000000004 14.156439406523704 26.500000000000004 0.20042780527416262 0.43536188261105441 17.500000000000004 11.005468809243625 5.5000000000000009 10.049380507584218 11.10378243491982 0.85543657113539207 12.578170000187608 0.67122532536049118 12.392946940495635 0.36701249062302155 11.533208611452681 6.7753052997456846 0.54832137687450644 11.672347023524869 11.807206169235227 6.0808047693839553 12.82836191910218 0.23901393792885686 8.5000000000000018 14.449851969875201 5.5000000000000009 6.2602285681426624 7.2506157373997331
decision_type=2 2 2 2 2 2 2 2 2 2 2 2 2 2 2 2 2 2 2 2 2 2 2 2 2 2 2 2 2 2
left_child=1 4 3 -3 8 -6 -7 -8 9 -1 -11 -10 13 14 15 16 -13 18 19 -15 -19 22 -22 24 25 -23 27 -26 -28 -27
right_child=-2 2 -4 -5 5 6 7 -9 11 10 -12 12 -14 17 -16 -17 -18 20 -20 -21 21 23 -24 -25 26 29 28 -29 -30 -31
leaf_value=-0.0010599512096075702 0.020879440461144302 0.004278981038147495 0.017707275782294318 -0.10519521900198676 -0.03894602507352829 0.10770529650151731 -0.033608106683407517 0.064996147453784944 0.048758106914659344 -0.0048494801634833933 -0.094954734930285709 -0.036493576977115409 0.048539998778142038 -0.022048235229319996 -0.042587744370102883 0.11186465260883172 0.069667083273331321 0.05357814924170573 0.022686528872985109 -0.14334796191680999 0.0069438322531906044 0.1543668803843585 -0.096628891363739977 -0.0016474422179463283 0.0027228122555285868 -0.011845041032541883 -0.12680107471346855 0.092490652511859769 -0.014275023946538568 0.093590298265218738
leaf_weight=258 33 21 29 22 20 20 28 20 30 21 27 26 32 36 20 24 21 30 39 21 22 22 25 2539 171 44 25 29 40 25
leaf_count=258 33 21 29 22 20 20 28 20 30 21 27 26 32 36 20 24 21 30 39 21 22 22 25 2539 171 44 25 29 40 25
internal_value=-6.96739e-11 -0.000186879 -0.0237629 -0.0517311 0.000282684 0.0197055 0.0369559 0.007477 -0.000201922 -0.00960485 -0.0555337 0.000691371 0.000239475 -0.0002498 0.0257931 0.0450553 0.0109399 -0.00102226 -0.0304091 -0.0667376 -7.30216e-05 -0.00062011 -0.048148 0.0001515 0.0129816 0.0573038 -0.00223848 0.0157391 -0.0575543 0.0263562
internal_weight=3720 3687 72 43 3615 88 68 48 3527 306 48 3221 3191 3159 91 71 47 3068 96 57 2972 2942 47 2895 356 91 265 200 65 69
internal_count=3720 3687 72 43 3615 88 68 48 3527 306 48 3221 3191 3159 91 71 47 3068 96 57 2972 2942 47 2895 356 91 265 200 65 69
is_linear=0
shrinkage=0.05


Tree=274
num_leaves=31
num_cat=0
split_feature=1 4 7 0 7 7 3 0 3 7 4 5 2 4 4 8 2 2 0 2 7 7 3 7 3 0 0 0 7 0
split_gain=5.78954 28.8284 38.9086 38.6599 9.84239 98.8164 44.4422 48.5898 42.6968 111.111 68.1918 100.845 65.6149 40.6909 68.2902 100.289 112.449 70.1557 99.6056 82.0187 102.442 99.5269 77.37 75.0319 91.967 113.995 110.922 68.6401 59.0928 55.4456
threshold=3.5000000000000004 12.582888572752969 0.56909947381703241 17.500000000000004 0.37116367046161153 0.34366373378045939 7.1846397000161089 11.500000000000002 4.4239607334862976 0.45838697673384565 11.99404619804521 14.931187728976022 13.357142857142859 10.581361185473959 11.736031821760465 5.5000000000000009 11.642857142857144 13.500000000000002 3.5000000000000004 11.642857142857144 0.59276329513865866 0.50399924115190464 5.4072262055600424 0.79956766740021901 7.9372539331937713 9.5000000000000018 13.500000000000002 13.500000000000002 0.42219642541193952 15.500000000000002
decision_type=2 2 2 2 2 2 2 2 2 2 2 2 2 2 2 2 2 2 2 2 2 2 2 2 2 2 2 2 2 2
left_child=1 -1 3 -3 5 -2 7 -7 9 -6 -11 12 -12 29 15 16 -15 19 -19 20 -16 28 -23 24 25 -24 -27 -18 -21 -10
right_child=4 2 -4 -5 8 6 -8 -9 13 10 11 -13 -14 14 17 -17 27 18 -20 21 -22 22 23 -25 -26 26 -28 -29 -30 -31
leaf_value=0.040942281271730156 0.00090633553170984421 0.026809099755990204 -0.076885212659835819 -0.057337023920956111 0.10444384754324954 0.020209089666604996 -0.088132296830770521 -0.061090651955455544 -0.060974959613846948 0.065830536331567505 0.0041392663686439912 0.046935874718197046 -0.096309224717520389 0.0040429949139555296 0.087686916068196299 -0.054786274675279856 0.16616974249482155 0.10803329620672308 0.0029992303067185107 -0.027222867811528537 -0.027900675735322806 0.043376583030278033 -0.13012731107572714 0.03552985421248845 0.021441935414546417 0.048690618388354784 -0.081747791378830495 0.059211712023243317 -0.12404902056994616 0.010050649031996726
leaf_weight=21 1450 39 25 21 36 34 42 40 61 36 29 42 37 60 36 26 24 23 1212 26 41 44 45 35 38 28 39 40 40 50
leaf_count=21 1450 39 25 21 36 34 42 40 61 36 29 42 37 60 36 26 24 23 1212 26 41 44 45 35 38 28 39 40 40 50
internal_value=3.254e-11 -0.0115176 -0.0244783 -0.00264204 0.000337815 -0.00264616 -0.0470524 -0.0237367 0.00261951 0.0258766 0.00623475 -0.0136305 -0.0521728 0.000378464 0.0022333 0.0344979 0.0532187 -0.000778325 0.00495533 -0.0198134 0.0261403 -0.0318081 -0.0162168 -0.0303904 -0.0457717 -0.0685764 -0.0272362 0.099321 -0.0859054 -0.0289814
internal_weight=3720 106 85 60 3614 1566 116 74 2048 180 144 108 66 1868 1757 150 124 1607 1235 372 77 295 229 185 150 112 67 64 66 111
internal_count=3720 106 85 60 3614 1566 116 74 2048 180 144 108 66 1868 1757 150 124 1607 1235 372 77 295 229 185 150 112 67 64 66 111
is_linear=0
shrinkage=0.05


Tree=275
num_leaves=31
num_cat=0
split_feature=5 7 4 8 4 2 3 7 1 1 3 7 4 4 4 5 7 3 4 0 4 5 3 7 0 3 7 1 3 7
split_gain=6.26528 21.0866 12.4343 42.0644 20.4146 27.9556 12.9981 16.818 32.8696 50.0792 32.0333 25.8892 41.8544 75.2893 76.1298 33.0134 22.2214 88.7074 100.956 73.1598 103.727 65.007 87.0759 53.3726 50.2984 49.251 22.3633 21.4652 21.3174 59.4203
threshold=11.647563274155504 0.46235292041081527 9.5334377140290378 2.5000000000000004 10.049380507584218 10.785714285714286 11.039964297125545 0.83589943869142747 7.5000000000000009 19.500000000000004 6.2773186580969478 0.81274868348893181 16.789653788949249 15.701852789321551 13.958390118010717 13.488134550659803 0.75516464203108058 4.3861253103502671 17.948171698864105 15.500000000000002 16.359430279893179 13.488134550659803 6.320789582985741 0.74586146239992679 10.500000000000002 6.4475909122267234 0.79458368534168577 13.500000000000002 4.0059303218556899 0.09073546456230587
decision_type=2 2 2 2 2 2 2 2 2 2 2 2 2 2 2 2 2 2 2 2 2 2 2 2 2 2 2 2 2 2
left_child=1 -1 3 -2 5 -4 7 11 -9 10 -10 16 13 14 15 -13 23 -18 19 24 21 -21 -23 28 27 -25 -24 -19 29 -6
right_child=2 -3 4 -5 6 -7 -8 8 9 -11 -12 12 -14 -15 -16 -17 17 18 -20 20 -22 22 26 25 -26 -27 -28 -29 -30 -31
leaf_value=0.014931086217984557 -0.028572433327253052 -0.053539610112255269 -0.062770727376143143 0.052350288842405591 0.063830255791544915 0.010497896729604057 -0.038026338612491439 0.067803614062291614 -0.072837944477796554 0.065474486836920615 0.0069089099326554472 0.049688742345287688 -0.089458081088960181 0.070776373857568783 -0.10479909779131413 -0.04007115844637156 0.11616731284186244 0.023060817728119513 0.11049497248161406 -0.027855472108349207 -0.076779127791523946 0.16155242580920459 0.070334038413351493 -0.10803914043036374 -0.077679874747991567 0.00037249788641929632 -0.0035423398017883304 -0.037919347926422403 0.0013486848909931926 -0.028028794412095683
leaf_weight=23 26 22 30 42 20 23 22 27 20 23 34 21 20 22 25 20 20 31 21 20 20 20 21 22 41 20 20 27 2870 147
leaf_count=23 26 22 30 42 20 23 22 27 20 23 34 21 20 22 25 20 20 31 21 20 20 20 21 22 41 20 20 27 2870 147
internal_value=-1.81589e-10 -0.0185435 0.000227063 0.0214092 -0.000172269 -0.0309749 0.000287084 0.000525729 0.0203342 0.00368906 -0.022627 -7.5227e-05 -0.0241668 -0.00932792 -0.0360293 0.00590342 0.000708476 0.0153297 0.0062041 -0.00474644 0.0251933 0.0503717 0.0760199 -0.000435958 -0.035291 -0.0564146 0.0342968 -0.0053265 0.000338195 -0.0170277
internal_weight=3720 45 3675 68 3607 53 3554 3532 104 77 54 3428 108 88 66 41 3320 241 221 200 101 81 61 3079 99 42 41 58 3037 167
internal_count=3720 45 3675 68 3607 53 3554 3532 104 77 54 3428 108 88 66 41 3320 241 221 200 101 81 61 3079 99 42 41 58 3037 167
is_linear=0
shrinkage=0.05


Tree=276
num_leaves=31
num_cat=0
split_feature=5 2 4 7 3 7 4 7 3 3 3 4 4 0 7 7 3 3 3 7 3 4 7 5 1 4 5 3 3 1
split_gain=5.65442 20.2926 11.6518 17.5537 11.4985 15.8515 11.699 68.1058 38.4495 88.5158 24.4043 17.3767 22.9703 79.9714 15.7258 149.341 80.0032 67.4354 97.6888 80.2858 72.791 69.0942 68.413 53.9045 51.6622 50.738 48.204 42.7133 104.085 60.4741
threshold=11.647563274155504 9.7857142857142865 9.2623245283222833 0.52492508816270844 11.039964297125545 0.85828653656682741 19.964664922053675 0.66120064304911452 6.6726154385997924 8.2404345701402164 10.697127036799683 19.577981262407199 19.094209991429775 15.500000000000002 0.70353679262213464 0.71027590819666775 9.5518634432290366 9.6164541529708618 9.2517693680451902 0.40691040802460149 9.1078197694278646 15.5939316892352 0.69554457121156443 16.561232523093434 14.500000000000002 14.324538393890881 12.549407847706847 7.8437108762113441 8.081430667864316 11.500000000000002
decision_type=2 2 2 2 2 2 2 2 2 2 2 2 2 2 2 2 2 2 2 2 2 2 2 2 2 2 2 2 2 2
left_child=1 -1 3 -2 5 6 10 8 -8 -10 11 12 14 -14 17 -16 23 18 20 -20 22 25 -4 26 -23 -19 -17 -28 -29 -30
right_child=2 -3 4 -5 -6 -7 7 -9 9 -11 -12 -13 13 -15 15 16 -18 21 19 -21 -22 24 -24 -25 -26 -27 27 28 29 -31
leaf_value=-0.051947198634628544 -0.0044197456403212111 0.015221942961215974 0.00023444940898155334 0.060302384942770008 -0.036125020818276836 0.040632262701789545 -0.042806674650421851 -0.096945781083334071 0.112115477360785 -0.025607705701674734 0.054073355453354982 0.04073234575872238 -0.09839714756608009 0.022687249472364786 0.1224465428058196 -0.073944626748561865 0.09570977701382205 -0.041961556592503113 0.015428321063518526 0.13141669829189778 -0.091870004074140033 0.049492502792014018 -0.086384686438933669 0.073481989311783222 -0.056532572507858286 -0.1392676354164169 -0.0090289926115483376 0.10935339081500257 -0.060386535730855222 0.02884413017468019
leaf_weight=22 22 23 2565 20 22 24 27 21 20 28 21 26 25 30 27 24 22 37 37 25 22 27 23 23 20 21 404 28 29 55
leaf_count=22 22 23 2565 20 22 24 27 21 20 28 21 26 25 30 27 24 22 37 37 25 22 27 23 23 20 21 404 28 29 55
internal_value=7.31805e-11 -0.0176163 0.00021571 0.0264003 -8.70023e-05 0.000132559 -0.000138417 -0.0173578 0.00492685 0.031777 0.000335103 9.88593e-06 -0.000297543 -0.0323511 0.000222654 0.00747792 0.00217167 -0.00137627 0.000168279 0.0621978 -0.00130522 -0.0406814 -0.00053535 -0.00148346 0.00437545 -0.0771931 -0.00467643 -0.00145465 0.0258671 -0.00196169
internal_weight=3720 45 3675 42 3633 3611 3587 96 75 48 3491 3470 3444 55 3389 612 585 2777 2672 62 2610 105 2588 563 47 58 540 516 112 84
internal_count=3720 45 3675 42 3633 3611 3587 96 75 48 3491 3470 3444 55 3389 612 585 2777 2672 62 2610 105 2588 563 47 58 540 516 112 84
is_linear=0
shrinkage=0.05


Tree=277
num_leaves=31
num_cat=0
split_feature=3 3 1 0 3 2 4 2 2 9 0 4 2 2 8 7 2 7 5 5 7 1 9 8 4 4 1 8 4 5
split_gain=5.66951 52.9163 89.9679 67.5099 41.1666 51.024 40.421 88.4911 51.6594 39.9112 31.09 56.9326 29.2341 97.5742 95.4864 92.9689 87.7698 115.649 82.583 75.2065 65.1632 64.0237 63.4112 88.0396 56.4457 81.0495 49.0537 72.2678 52.5023 45.859
threshold=7.9041881604748268 7.7120808136449526 6.5000000000000009 7.5000000000000009 7.6110819849777114 14.357142857142859 16.359430279893179 14.785714285714286 13.642857142857144 1.5000000000000002 26.500000000000004 16.632462483228867 14.357142857142859 15.071428571428573 1.5000000000000002 0.35404186965611922 11.214285714285717 0.60007563442834455 13.39463387661471 14.342249449893037 0.32932882441735312 19.500000000000004 3.5000000000000004 1.5000000000000002 16.388885950776508 17.948171698864105 13.500000000000002 3.5000000000000004 12.556942897831636 15.152395609213285
decision_type=2 2 2 2 2 2 2 2 2 2 2 2 2 2 2 2 2 2 2 2 2 2 2 2 2 2 2 2 2 2
left_child=1 4 -3 -4 10 -6 7 8 -5 -2 -1 -12 14 21 15 -11 -16 26 -19 -20 22 -14 24 -24 -15 -26 27 -18 -28 -25
right_child=9 2 3 6 5 -7 -8 -9 -10 12 11 -13 13 20 16 -17 17 18 19 -21 -22 -23 23 29 25 -27 28 -29 -30 -31
leaf_value=0.0014481434333150963 0.055349927635065146 0.12623205341043928 -0.069808863094076509 0.050293877348303796 0.018684743824773111 -0.0686090281470976 -0.024913045406341552 0.10736715955393655 -0.058511541141197089 -0.010467718448489906 -0.072114663036205826 0.021334765359227147 -0.087275618705011548 -0.067687573540827328 -0.10406541417945514 0.10050908139623378 -0.058603793978691102 -0.033709966568719774 0.15164720364238904 0.032317127239319586 -0.016720668012512069 0.0059807072321955979 -0.018494503290364239 0.020992694156510491 0.083329330921173103 -0.045308181783184409 -0.0044732944782951787 0.053380970999269806 -0.092379065752938028 0.11079823923381893
leaf_weight=2522 28 21 20 24 26 47 25 35 20 32 39 28 63 29 22 46 25 21 23 31 316 26 33 21 25 24 29 34 41 44
leaf_count=2522 28 21 20 24 26 47 25 35 20 32 39 28 63 29 22 46 25 21 23 31 316 26 33 21 25 24 29 34 41 44
internal_value=-4.45066e-11 0.00111323 0.0305279 0.0143199 -0.000488994 -0.0375181 0.0304985 0.0480338 0.000836869 -0.00342261 0.000555087 -0.0330612 -0.00528208 -0.0118555 0.00728095 0.0549801 -0.0091816 0.00105097 0.0504241 0.0831429 -0.00314062 -0.0600322 0.0212417 0.0480168 -0.0123988 0.0203232 -0.0276543 0.0059298 -0.055961 0.0817841
internal_weight=3720 2807 145 124 2662 73 104 79 44 913 2589 67 885 581 304 78 226 204 75 54 492 89 176 98 78 49 129 59 70 65
internal_count=3720 2807 145 124 2662 73 104 79 44 913 2589 67 885 581 304 78 226 204 75 54 492 89 176 98 78 49 129 59 70 65
is_linear=0
shrinkage=0.05


Tree=278
num_leaves=31
num_cat=0
split_feature=1 3 3 0 3 3 7 3 4 7 5 7 1 1 0 0 3 7 4 0 7 7 1 7 7 8 4 2 5 2
split_gain=5.75208 27.9356 60.3205 69.5962 9.56145 55.6022 60.6482 52.2345 64.9685 37.1215 29.9358 29.7087 28.1217 76.0201 85.9092 51.6665 44.2127 113.267 82.3169 43.7925 41.1265 69.9079 86.0681 70.8268 92.8936 85.8175 68.3327 70.141 92.1895 103.878
threshold=3.5000000000000004 5.4072262055600424 6.152814630930604 15.500000000000002 7.3872476993416631 7.322502824789324 0.46568874096961865 7.4817235944894174 13.111006111798998 0.0033648496547645005 15.277022562709979 0.011325859094010101 9.5000000000000018 6.5000000000000009 17.500000000000004 8.5000000000000018 8.632716948732428 0.27426826952026812 14.912685315578861 19.500000000000004 0.68869329779548794 0.64486619353600794 14.500000000000002 0.54253745833155109 0.43907863847878786 1.5000000000000002 18.810705281048129 15.071428571428573 16.071398020343995 17.357142857142858
decision_type=2 2 2 2 2 2 2 2 2 2 2 2 2 2 2 2 2 2 2 2 2 2 2 2 2 2 2 2 2 2
left_child=1 -1 -3 -4 5 9 -7 8 -6 -2 -10 -9 13 14 15 -13 17 -15 -19 -18 21 23 -23 24 26 -25 27 -14 29 -29
right_child=4 2 3 -5 7 6 -8 11 10 -11 -12 12 20 16 -16 -17 19 18 -20 -21 -22 22 -24 25 -26 -27 -28 28 -30 -31
leaf_value=-0.055386637896299364 -0.060643970842162769 0.076135164534761796 0.028351249089164123 -0.08145171492188065 0.026151106045359657 -0.00089225746691226962 0.12224204018712044 0.056786868856711831 -0.12024047854154006 0.0018662414055409485 -0.038658057322556325 0.034327767509967091 -0.0099036050714679663 0.034211029005902158 0.076036405680995234 -0.047357524885815017 -0.035713420878603776 -0.16739438621757122 -0.047619211848359558 0.049604133917905746 0.023192346895589157 -0.13966090217232704 -0.011516857166823588 0.12456534747034312 -0.046489477681147084 0.015275022605570352 -0.056920492867144151 0.076783716658299625 -0.022981835622340442 -0.020065017663747881
leaf_weight=27 24 21 31 27 21 20 20 22 23 2280 22 32 204 21 38 49 53 26 32 21 188 20 38 23 111 82 41 110 56 37
leaf_count=27 24 21 31 27 21 20 20 22 23 2280 22 32 204 21 38 49 53 26 32 21 188 20 38 23 111 82 41 110 56 37
internal_value=5.37962e-11 -0.0114803 0.00352571 -0.0227639 0.000336721 0.00222977 0.0606749 -0.00315721 -0.0464672 0.00121509 -0.0803557 -0.000783079 -0.0018546 -0.0159611 0.0140114 -0.0150868 -0.039273 -0.0652865 -0.101312 -0.0115017 0.00236184 -0.00306218 -0.0557045 0.0015361 -0.0055413 0.0392148 0.00460434 0.0108022 0.03161 0.0524068
internal_weight=3720 106 79 58 3614 2344 40 1270 66 2304 45 1204 1182 272 119 81 153 79 58 74 910 722 58 664 559 105 448 407 203 147
internal_count=3720 106 79 58 3614 2344 40 1270 66 2304 45 1204 1182 272 119 81 153 79 58 74 910 722 58 664 559 105 448 407 203 147
is_linear=0
shrinkage=0.05


Tree=279
num_leaves=31
num_cat=0
split_feature=8 3 3 4 6 0 0 5 7 5 1 1 7 9 9 1 5 1 1 1 3 3 7 5 4 4 3 1 4 2
split_gain=5.89394 44.1333 110.453 107.434 92.1525 103.872 141.856 125.46 120.562 95.4553 78.4875 130.711 77.3465 65.6373 162.053 56.2707 51.5881 81.925 79.9682 65.8192 59.1715 71.3682 72.2616 59.6222 58.1933 66.7818 61.0922 132.692 58.7811 167.999
threshold=1.5000000000000002 6.8660656232559525 6.7506613432632312 11.581462411786573 1.0000000180025095e-35 11.500000000000002 16.500000000000004 14.492146989661423 0.16775933788214709 14.289641590903711 14.500000000000002 11.500000000000002 0.40110557586878148 3.5000000000000004 4.5000000000000009 16.500000000000004 14.272256765732445 10.500000000000002 13.500000000000002 23.500000000000004 6.4770657671804592 6.2373681873657283 0.11758336274351622 15.353289723986984 18.242098451106127 17.053665462376184 4.3369947901195163 19.500000000000004 15.498894984979 14.500000000000002
decision_type=2 2 2 2 2 2 2 2 2 2 2 2 2 2 2 2 2 2 2 2 2 2 2 2 2 2 2 2 2 2
left_child=1 2 16 12 5 10 7 -7 -8 -10 11 -5 -3 15 -15 -11 17 -1 -19 -20 21 22 23 -18 25 26 -24 28 29 -28
right_child=-2 3 -4 4 -6 6 8 -9 9 13 -12 -13 -14 14 -16 -17 20 18 19 -21 -22 -23 24 -25 -26 -27 27 -29 -30 -31
leaf_value=0.016105871885083618 0.0012729503836200104 0.017270808343006216 -0.11761237531900406 0.030342791693390544 -0.073092561387098756 -0.17215863146952221 -0.067728716593135049 -0.030463710408963143 0.10266466307881716 0.10119396332078255 0.0051435656002944427 0.16903903543949128 0.14840662158517676 -0.1064400060661137 0.069965385337886599 -0.0028314920428853772 -0.11897372677922249 -0.1041761319908357 -0.0039923559618438341 -0.091656133905053144 -0.058771199321199674 0.077668398243652015 -0.047681301459670068 0.00030756965279579165 -0.062870837889966516 0.10885821864718484 0.030802594293125499 -0.063442360121628336 0.0014516834417978924 0.20620843537151812
leaf_weight=80 2640 23 24 53 39 21 37 61 37 26 84 25 22 30 23 26 20 43 91 28 32 37 32 22 21 21 43 29 30 20
leaf_count=80 2640 23 24 53 39 21 37 61 37 26 84 25 22 30 23 26 20 43 91 28 32 37 32 22 21 21 43 29 30 20
internal_value=1.34151e-11 -0.00311166 -0.0126192 0.00763355 0.00045029 0.00723084 -0.0122895 -0.0667514 0.0126595 0.0336058 0.0386803 0.0747967 0.0813817 0.00927074 -0.0298867 0.0491812 -0.00802933 -0.0252925 -0.0457361 -0.0246191 0.00557876 0.0130668 0.00302365 -0.056493 0.0157772 0.025215 0.0138091 0.0299377 0.0590562 0.086487
internal_weight=3720 1080 573 507 462 423 261 82 179 142 162 78 45 105 53 52 549 242 162 119 307 275 238 42 196 175 154 122 93 63
internal_count=3720 1080 573 507 462 423 261 82 179 142 162 78 45 105 53 52 549 242 162 119 307 275 238 42 196 175 154 122 93 63
is_linear=0
shrinkage=0.05


Tree=280
num_leaves=31
num_cat=0
split_feature=7 7 5 5 1 0 4 5 7 2 3 9 0 9 5 9 5 0 3 7 9 7 3 5 8 2 3 2 5 9
split_gain=6.09362 9.05175 8.8302 19.6258 12.4017 46.4172 50.2293 89.3624 66.7516 76.4651 79.045 68.2048 103.577 61.2981 89.6234 113.494 103.785 83.0373 65.8359 64.5125 63.7848 61.9269 86.2679 60.5365 56.7221 54.5971 51.7047 50.0812 47.4706 46.697
threshold=1.0000000180025095e-35 0.0078373048667990525 11.494123187890848 11.786868193925459 8.5000000000000018 24.500000000000004 17.2583076554304 16.127563391103511 0.64272149733980921 15.500000000000002 5.1269595556932535 2.5000000000000004 15.500000000000002 2.5000000000000004 14.437606200135077 4.5000000000000009 15.215399592920923 18.500000000000004 5.830951894845299 0.41856757364393143 3.5000000000000004 0.36351628482193138 7.4354363883846331 15.61114557499099 3.5000000000000004 12.785714285714286 7.4097747539828704 14.928571428571431 15.965178317552272 3.5000000000000004
decision_type=2 2 2 2 2 2 2 2 2 2 2 2 2 2 2 2 2 2 2 2 2 2 2 2 2 2 2 2 2 2
left_child=-1 -2 -3 -4 5 6 7 8 13 10 -10 -12 -13 19 17 16 29 18 20 24 -15 25 -23 -18 -5 -20 28 -17 -8 -16
right_child=1 2 3 4 -6 -7 26 -9 9 -11 11 12 -14 14 15 27 23 -19 21 -21 -22 22 -24 -25 -26 -27 -28 -29 -30 -31
leaf_value=0.025656469295854158 -0.027512710765004156 0.027545131653033458 -0.040428893454372887 -0.05415399706234103 0.001738361593540018 0.032950830880145075 0.0029422536877722577 -0.10377259391049545 0.070882613318307072 0.078886271934760249 0.049243989845980773 -0.10198992926627398 0.023395301188741412 0.016664318333972583 -0.069785965521904567 0.066650887157905986 0.036542627618958552 -0.065273829466766783 0.017127753658728165 -0.10406165096908809 0.13339796042442323 -0.010862961014111838 0.12126944111216637 -0.07970117688888595 0.046707247607409956 -0.095583669273626243 -0.017469364723988943 -0.026493918366970556 0.088900709607534933 -0.16876365347550468
leaf_weight=23 30 29 30 46 2813 72 29 27 28 38 23 40 28 22 22 27 24 27 22 40 25 30 21 21 20 21 49 31 36 26
leaf_count=23 30 29 30 46 2813 72 29 27 28 38 23 40 28 22 22 27 24 27 22 40 25 30 21 21 20 21 49 31 36 26
internal_value=6.13504e-11 -0.000159616 6.41622e-05 -0.0001549 0.000179972 -0.00533418 -0.00914679 -0.0148487 -0.0107234 0.0171368 -0.00258154 -0.0251859 -0.0503607 -0.0210153 -0.0100693 -0.0380237 -0.0722564 0.0150565 0.0304389 -0.0539567 0.0787567 0.00628003 0.0435445 -0.0177045 -0.02359 -0.0379174 0.0213136 0.0168666 0.05055 -0.123399
internal_weight=3720 3697 3667 3638 3608 795 723 609 582 157 119 91 68 425 319 151 93 168 141 106 47 94 51 45 66 43 114 58 65 48
internal_count=3720 3697 3667 3638 3608 795 723 609 582 157 119 91 68 425 319 151 93 168 141 106 47 94 51 45 66 43 114 58 65 48
is_linear=0
shrinkage=0.05


Tree=281
num_leaves=31
num_cat=0
split_feature=7 2 5 4 0 8 4 1 7 3 5 0 7 1 7 3 4 0 5 4 7 7 4 7 3 2 3 1 1 3
split_gain=6.1047 39.7947 85.2323 41.7694 45.2559 56.3194 90.9477 37.234 19.1066 23.122 9.69813 8.61639 45.2743 84.0945 67.0199 26.7209 15.611 36.6573 36.8 23.2895 17.0658 145.172 94.3368 65.6109 61.3783 204.152 147.884 60.3417 108.417 82.7877
threshold=0.81274868348893181 17.928571428571434 15.542089947645099 11.272171093664431 20.500000000000004 2.5000000000000004 14.324538393890881 10.500000000000002 0.80441415073514488 6.5683222471843683 11.494123187890848 28.500000000000004 0.18508465995502846 10.500000000000002 0.56329881469711995 10.889049979098727 20.136743845965263 12.500000000000002 17.414868073586483 19.780272881875089 0.70353679262213464 0.71027590819666775 17.948171698864105 0.68869329779548794 5.1130086194780811 13.357142857142859 5.5506327395643664 18.500000000000004 14.500000000000002 6.7188434378884914
decision_type=2 2 2 2 2 2 2 2 2 2 2 2 2 2 2 2 2 2 2 2 2 2 2 2 2 2 2 2 2 2
left_child=8 2 3 -2 5 7 -7 -5 10 -10 -1 15 -13 -14 -15 16 19 -18 -19 20 23 -22 24 -12 25 -23 -26 28 -28 -30
right_child=1 -3 -4 4 -6 6 -8 -9 9 -11 11 12 13 14 -16 -17 17 18 -20 -21 21 22 -24 -25 26 -27 27 -29 29 -31
leaf_value=0.029953980610352357 -0.058701664030551916 0.059304889477789405 -0.082149627040091322 0.044955347329378129 -0.049594419002532961 0.11784549345893246 -0.007675736204341606 -0.039329058495595266 -0.001338796617611396 0.072942805141210557 -0.00025381602975818146 0.04401121369252603 0.039867877836028742 -0.14424897516146304 -0.021450443327426912 0.051786747097969058 0.032197265056046573 -0.076312012707485888 0.0078713673920858471 0.054217858165502557 0.12399742083194165 0.14015637662793909 0.097728058819969502 -0.058046136081218724 -0.11752931591003174 -0.04340283608797825 -0.010321652238715942 -0.040130743595796665 0.15147703430127532 0.022037246848146123
leaf_weight=27 25 20 38 20 25 31 27 38 22 20 2761 24 24 20 25 25 22 34 21 20 26 28 24 50 31 33 134 74 21 30
leaf_count=27 25 20 38 20 25 31 27 38 22 20 2761 24 24 20 25 25 22 34 21 20 26 28 24 50 31 33 134 74 21 30
internal_value=2.89474e-13 -0.00800188 -0.0146006 0.000862446 0.0114235 0.0245739 0.0594132 -0.0102655 0.000512707 0.0340334 0.000105101 -0.000130067 -0.0151413 -0.0357161 -0.0760276 0.000288664 -0.000100412 -0.0223503 -0.0441693 0.000429674 9.47535e-05 0.00974424 0.00182269 -0.00128178 -0.00473494 0.0408539 -0.0143243 -0.00197159 0.0132921 0.075336
internal_weight=3720 224 204 166 141 116 58 58 3496 42 3454 3427 93 69 45 3334 3309 77 55 3232 3212 401 375 2811 351 61 290 259 185 51
internal_count=3720 224 204 166 141 116 58 58 3496 42 3454 3427 93 69 45 3334 3309 77 55 3232 3212 401 375 2811 351 61 290 259 185 51
is_linear=0
shrinkage=0.05


Tree=282
num_leaves=31
num_cat=0
split_feature=5 0 4 0 4 5 7 7 1 0 5 4 3 1 0 0 9 7 2 5 7 2 2 2 7 5 3 9 5 5
split_gain=5.90958 20.7498 10.4633 72.9412 13.6497 39.7255 13.2624 64.7452 49.5037 45.1871 55.2731 66.0354 150.387 102.132 66.4051 55.7606 83.6404 56.7385 89.7418 132.259 65.5305 53.2976 47.0131 76.3434 86.3265 103.279 139.195 109.118 69.0283 68.0669
threshold=11.647563274155504 10.500000000000002 9.4102420859156641 15.500000000000002 10.049380507584218 13.126793414830354 0.60907250044297279 0.59571365110824004 13.500000000000002 4.5000000000000009 12.78901861878987 11.948291405317837 5.1130086194780811 15.500000000000002 16.500000000000004 6.5000000000000009 3.5000000000000004 0.64272149733980921 14.500000000000002 15.034129845682815 0.65139058313193499 13.071428571428573 19.928571428571434 17.214285714285719 0.70353679262213464 14.091144628211245 7.8709834806319448 4.5000000000000009 13.293683305632028 16.186972267486535
decision_type=2 2 2 2 2 2 2 2 2 2 2 2 2 2 2 2 2 2 2 2 2 2 2 2 2 2 2 2 2 2
left_child=1 -1 3 -2 5 -4 7 -6 -9 21 -11 12 -12 14 -14 16 -13 18 -17 -20 -19 -8 23 24 25 -22 27 -27 -26 -30
right_child=2 -3 4 -5 6 -7 9 8 -10 10 11 15 13 -15 -16 17 -18 20 19 -21 22 -23 -24 -25 28 26 -28 -29 29 -31
leaf_value=0.016706049992618235 -0.026759498092261233 -0.051215488528427867 0.0095842427721149048 0.087800042175998294 0.0010862958309519656 -0.070623475427810972 -0.0086128387324236055 0.11201542724865368 0.015200814364417906 -0.053314044103026398 0.14989143010567538 -0.12462483096122741 0.10089521253550496 -0.06523585947174014 -0.017654275894165041 -0.11672714634665422 0.00017266373695998358 0.074695153867027589 0.079963214993476875 -0.068907080389357903 -0.14153932465807251 0.091685416262883401 -0.06801382819259609 0.036435469561912404 0.07939862062533698 -0.025881254441208312 -0.11442394374773419 0.11448229610919954 -0.0093748746856007602 0.070311350221263946
leaf_weight=22 33 23 38 24 2445 26 27 23 31 60 22 25 27 33 21 28 29 28 25 37 23 26 27 114 27 45 29 20 353 29
leaf_count=22 33 23 38 24 2445 26 27 23 31 60 22 25 27 33 21 28 29 28 25 37 23 26 27 114 27 45 29 20 353 29
internal_value=7.98613e-11 -0.0180094 0.000220523 0.0214761 -0.000114349 -0.0230001 0.000297776 0.00228234 0.0564367 -0.00440311 -0.00678299 -0.00381922 0.0339637 0.00247713 0.0490298 -0.00845765 -0.057604 -0.00507689 -0.0424316 -0.00887874 -0.000239588 0.0405901 -0.00338527 -0.000658757 -0.00869819 -0.0465702 -0.023333 0.0173075 0.0021356 -0.0033254
internal_weight=3720 45 3675 57 3618 64 3554 2499 54 1055 1002 942 103 81 48 839 54 785 90 62 695 53 667 640 526 117 94 65 409 382
internal_count=3720 45 3675 57 3618 64 3554 2499 54 1055 1002 942 103 81 48 839 54 785 90 62 695 53 667 640 526 117 94 65 409 382
is_linear=0
shrinkage=0.05


Tree=283
num_leaves=31
num_cat=0
split_feature=1 8 4 4 1 4 8 3 5 3 0 3 2 4 3 3 3 0 5 4 8 7 4 5 3 3 3 3 7 1
split_gain=5.72679 41.0309 68.2022 78.698 70.4305 99.6891 64.314 112.652 122.202 110.598 74.9637 155.177 83.437 132.09 94.7084 99.1165 59.4874 57.8972 52.6875 52.3269 52.0235 48.4135 46.7217 43.9643 41.9864 105.292 75.1074 66.5372 41.262 32.5194
threshold=19.500000000000004 5.5000000000000009 18.810705281048129 19.577981262407199 21.500000000000004 16.830384385516528 3.5000000000000004 4.6136443605586201 16.020390956454992 4.0708019567928604 17.500000000000004 6.2373681873657283 12.500000000000002 14.839296152359312 6.049399492719167 8.1998838551588875 7.1280799525204452 11.500000000000002 13.775092319049152 14.324538393890881 1.5000000000000002 0.45395952301533443 12.911293469759967 14.393939691747052 6.2163376255910707 7.1580790187099312 5.2417736002416664 7.5922891596811164 0.22430453485630661 23.500000000000004
decision_type=2 2 2 2 2 2 2 2 2 2 2 2 2 2 2 2 2 2 2 2 2 2 2 2 2 2 2 2 2 2
left_child=-1 2 4 -4 5 24 9 -8 19 -6 12 -12 -11 17 -15 20 -13 -14 -3 22 -16 28 -9 -18 26 -26 -2 -27 -20 -21
right_child=1 18 3 -5 6 -7 7 8 -10 10 11 16 13 14 15 -17 23 -19 21 29 -22 -23 -24 -25 25 27 -28 -29 -30 -31
leaf_value=-0.0011155925843366384 0.037975505312206226 0.026974201555314822 -0.10675510260517951 0.015121774690655563 -0.10523428457922168 0.13474985620249874 0.12806789005796115 -0.0045947496918961406 0.12202491873786564 -0.033632164198111318 -0.11860255756088206 0.079997774958610546 0.042050409396844256 0.084432480173806349 -0.01254234818572348 0.06021588018962315 -0.080056298170238738 0.14123973115797966 -0.031432219021595445 0.07850826915353537 -0.11612205896699042 -0.0025583847630314713 -0.090691058108439818 0.011123547980036492 0.11979352580383421 -0.057174650082985556 -0.067707934667324207 0.04233100295989841 -0.12139720305800439 -0.0022909368991597813
leaf_weight=2811 40 38 27 26 28 23 24 40 21 61 37 20 28 24 22 21 20 31 26 20 27 41 26 39 32 24 29 56 25 33
leaf_count=2811 40 38 27 26 28 23 24 40 21 61 37 20 28 24 22 21 20 31 26 20 27 41 26 39 32 24 29 56 25 33
internal_value=-7.55855e-11 0.00344987 0.00778944 -0.0469664 0.0117868 0.0366984 0.00205119 0.0279815 0.0108238 -0.00982749 -0.00173236 -0.0341004 0.0158129 0.0355263 -0.00127994 -0.0306671 0.00547656 0.0941668 -0.0225542 -0.00879994 -0.0696169 -0.0430115 -0.0385115 -0.0197849 0.0242388 0.0431405 -0.00644217 0.0124793 -0.0755327 0.0281993
internal_weight=3720 909 779 53 726 204 522 164 140 358 330 116 214 153 94 70 79 59 130 119 49 92 66 59 181 112 69 80 51 53
internal_count=3720 909 779 53 726 204 522 164 140 358 330 116 214 153 94 70 79 59 130 119 49 92 66 59 181 112 69 80 51 53
is_linear=0
shrinkage=0.05


Tree=284
num_leaves=31
num_cat=0
split_feature=7 2 5 5 5 4 2 7 9 7 3 5 3 7 3 5 5 1 1 1 4 5 7 7 3 0 4 4 8 4
split_gain=5.78506 35.5781 78.5152 40.5131 41.8845 65.8434 64.99 32.8834 20.6432 16.1856 21.1783 9.43051 8.70863 95.9861 81.9555 56.1457 76.1841 46.5129 106.278 74.9472 46.4986 45.5359 43.1942 99.1536 75.1889 42.9818 56.4036 106.176 87.979 82.6702
threshold=0.81274868348893181 17.928571428571434 15.542089947645099 15.051173405337753 14.637273632418633 12.470380020785448 13.071428571428573 0.83285073720353064 3.5000000000000004 0.80441415073514488 6.5683222471843683 11.494123187890848 4.9809159608975344 0.75964736878861505 4.898979485566362 14.988470496022531 15.324396605496306 9.5000000000000018 16.500000000000004 12.500000000000002 14.685789108264272 14.820459052377052 0.16390499329608632 0.20957504761969256 4.3369947901195163 7.5000000000000009 12.336675256445186 13.673239150671566 2.5000000000000004 11.533208611452681
decision_type=2 2 2 2 2 2 2 2 2 2 2 2 2 2 2 2 2 2 2 2 2 2 2 2 2 2 2 2 2 2
left_child=9 2 3 4 5 8 -7 -8 -2 11 -11 -1 13 14 15 21 20 -18 19 -19 -17 22 24 -24 -13 -25 29 -28 -29 -27
right_child=1 -3 -4 -5 -6 6 7 -9 -10 10 -12 12 -14 -15 -16 16 17 18 -20 -21 -22 -23 23 25 -26 26 27 28 -30 -31
leaf_value=0.029558109505860894 -0.014922435241269655 0.055851443447172647 -0.078861603211905607 0.052358853098966422 -0.072481820529893701 0.10986971020698549 -0.040000867130963701 0.047661537341773509 -0.080952595770359043 -0.0025016200474717401 0.068589310590177782 0.074133792562144141 0.0010473611639397573 0.084763978900653986 -0.076428458025289137 0.023286520317196847 -0.045216512940824037 0.012302633345127108 -0.030944344057486608 0.13736719980066561 0.12981294478688921 -0.07883831256379685 -0.12415819437730879 -0.061916385016271051 -0.040769715420901777 0.00081891396548599009 -0.072385825460840922 0.078794423211365941 -0.045031599643138742 0.11514735321203869
leaf_weight=27 29 20 38 31 23 20 23 20 20 22 20 35 2832 28 43 20 40 25 52 23 21 27 21 35 24 64 58 32 26 21
leaf_count=27 29 20 38 31 23 20 23 20 20 22 20 35 2832 28 43 20 40 25 52 23 21 27 21 35 24 64 58 32 26 21
internal_value=2.35178e-10 -0.00778958 -0.0140289 0.00081232 -0.0110243 0.00159645 0.0354064 0.000772344 -0.0418735 0.000499104 0.0313512 0.000123948 -0.000107952 -0.00560685 -0.0100696 -0.00462413 0.0179063 0.00035175 0.0185791 0.0722294 0.0778488 -0.0165134 -0.0111882 -0.0200454 0.0273934 -0.0107811 -0.00187698 -0.0245498 0.0232862 0.0290648
internal_weight=3720 224 204 166 135 112 63 43 49 3496 42 3454 3427 595 567 524 181 140 100 48 41 343 316 257 59 236 201 116 58 85
internal_count=3720 224 204 166 135 112 63 43 49 3496 42 3454 3427 595 567 524 181 140 100 48 41 343 316 257 59 236 201 116 58 85
is_linear=0
shrinkage=0.05


Tree=285
num_leaves=31
num_cat=0
split_feature=5 0 5 2 4 4 2 4 2 2 7 5 8 4 4 4 9 8 4 2 4 0 0 8 4 4 3 1 1 2
split_gain=5.65933 19.376 10.4252 61.1746 94.2709 68.7848 113.902 64.3346 38.2044 61.2533 33.3439 30.0208 25.5329 19.0649 29.1468 49.8368 49.4672 83.6518 20.4159 15.254 60.7774 59.7323 75.7564 124.203 95.131 81.1 75.8105 64.4171 93.2146 79.9355
threshold=11.647563274155504 10.500000000000002 12.65415813906198 12.214285714285717 11.807206169235227 11.382655915535119 11.357142857142859 10.855392144112175 10.071428571428573 10.928571428571431 0.52492508816270844 12.78901861878987 2.5000000000000004 10.049380507584218 11.10378243491982 11.005468809243625 3.5000000000000004 2.5000000000000004 11.223936175546941 12.928571428571431 13.909566044065995 16.500000000000004 14.500000000000002 3.5000000000000004 13.541205301222666 13.392995622441854 4.0708019567928604 11.500000000000002 8.5000000000000018 11.928571428571431
decision_type=2 2 2 2 2 2 2 2 2 2 2 2 2 2 2 2 2 2 2 2 2 2 2 2 2 2 2 2 2 2
left_child=1 -1 3 5 -5 7 -7 8 10 -10 -2 12 -4 -13 15 16 17 -15 -16 20 21 22 24 -24 25 26 -20 28 -28 -29
right_child=2 -3 11 4 -6 6 -8 -9 9 -11 -12 13 -14 14 18 -17 -18 -19 19 -21 -22 -23 23 -25 -26 -27 27 29 -30 -31
leaf_value=0.015922659279947932 0.0033760549252231918 -0.0497120234305444 -0.0006764254931892668 -0.0063631896779912977 0.14016177664910043 0.010491380236438804 -0.12766142910718919 0.10119196880608797 -0.069026826073726025 0.028851595328700158 0.086722572743892667 -0.030510027781128886 -0.066055890335701403 0.053077579775582188 -0.047224682828654413 0.093045298924500308 0.055002048422789412 -0.071139337122440346 -0.077049395171625013 0.0016990051885028329 -0.046869671842958559 -0.036439787316087047 0.14056843926127141 -0.020851951973004778 0.065316682273987681 -0.10064289466194486 0.0052382072966013641 0.022577374729073861 0.11834146234172363 -0.044439960606396205
leaf_weight=22 30 23 28 23 21 37 25 20 33 31 20 50 32 23 23 22 36 33 31 2599 83 95 26 22 48 23 56 88 27 90
leaf_count=22 30 23 28 23 21 37 25 20 33 31 20 50 32 23 23 22 36 33 31 2599 83 95 26 22 48 23 56 88 27 90
internal_value=-2.77144e-11 -0.017624 0.000215804 0.0102907 0.0635692 -0.00166973 -0.0452154 0.0184783 0.00396708 -0.021617 0.0367147 -0.000488122 -0.0355455 0.00013512 0.000595949 0.0254408 0.00927456 -0.0201217 -0.000286118 5.25229e-05 -0.00721269 -0.000707685 0.00755156 0.0665841 -0.000254395 -0.0102462 -0.00312589 0.0056543 0.0420308 -0.0113078
internal_weight=3720 45 3675 240 44 196 62 134 114 64 50 3435 60 3375 3325 114 92 56 3211 3188 589 506 411 48 363 315 292 261 83 178
internal_count=3720 45 3675 240 44 196 62 134 114 64 50 3435 60 3375 3325 114 92 56 3211 3188 589 506 411 48 363 315 292 261 83 178
is_linear=0
shrinkage=0.05


Tree=286
num_leaves=31
num_cat=0
split_feature=1 0 0 0 7 4 5 5 5 8 5 0 7 0 7 5 9 5 5 1 1 5 3 3 5 3 7 7 7 7
split_gain=5.8473 35.5997 63.653 64.0239 93.0193 54.366 55.2997 104.274 57.3095 61.8447 107.047 73.7301 136.98 80.0899 65.7466 63.916 49.4513 86.7247 83.7049 81.6124 91.7185 107.271 85.7054 66.2742 59.1726 57.8765 60.6215 46.7502 43.565 41.344
threshold=19.500000000000004 24.500000000000004 22.500000000000004 20.500000000000004 0.36701249062302155 19.094209991429775 13.08245578241417 13.249344222509469 13.39463387661471 5.5000000000000009 13.613576089783146 5.5000000000000009 0.38268451244590385 6.5000000000000009 0.42586622601456398 16.203624186844724 2.5000000000000004 14.791615773296838 14.262087888153529 25.500000000000004 21.500000000000004 15.378322375108199 7.1514234347336147 5.9281411203561278 14.806968296024168 5.1869800370506471 0.27015960959192747 0.56002766149172967 0.34366373378045939 0.41568951044423103
decision_type=2 2 2 2 2 2 2 2 2 2 2 2 2 2 2 2 2 2 2 2 2 2 2 2 2 2 2 2 2 2
left_child=-1 2 3 5 -5 6 27 -8 -9 10 -10 12 -12 -13 -11 16 17 18 -15 20 25 24 23 -21 -22 -18 -27 28 -2 -4
right_child=1 -3 29 4 -6 -7 7 8 9 14 11 13 -14 15 -16 -17 19 -19 -20 22 21 -23 -24 -25 -26 26 -28 -29 -30 -31
leaf_value=-0.0011272699204222167 -0.015286658134530574 -0.026180600179717517 0.1011981806584767 0.039792575426399711 -0.093425711028670019 -0.055489271280891976 0.12794925771653651 -0.0713486222922802 0.12227755427360534 -0.069979804027371292 -0.015835043517026037 -0.071069435428442629 0.15523193445056679 0.0012944163311095465 0.023321452396256586 0.080545383560306882 0.11743099868297578 0.033334327808448243 -0.13539549941197038 0.051311313477344814 -0.026408525457715288 -0.10528683019801975 -0.010556827725044319 0.16404479537159206 0.068798785159985221 0.074543651362711738 -0.041551533276620117 0.02730470407340262 -0.10223382860422135 0.015274616490517343
leaf_weight=2811 34 91 28 20 38 33 20 20 25 41 22 29 25 21 35 34 20 35 24 32 51 32 28 22 24 22 23 27 25 28
leaf_count=2811 34 91 28 20 38 33 20 20 25 41 22 29 25 21 35 34 20 35 24 32 51 32 28 22 24 22 23 27 25 28
internal_value=-6.30333e-11 0.00348598 0.0067863 0.00300519 -0.0474884 0.00716517 0.0102465 0.0157501 0.0117784 0.0148289 0.0216092 0.0159409 0.075158 0.0089303 -0.0270121 0.0152346 0.00858623 -0.0256951 -0.0716069 0.0193835 -0.000185741 -0.0286434 0.0604312 0.0972398 0.00405781 0.0466599 0.0152061 -0.0271903 -0.0521287 0.0582364
internal_weight=3720 909 818 762 58 704 671 585 565 545 469 444 47 397 76 368 334 80 45 254 172 107 82 54 75 65 45 86 59 56
internal_count=3720 909 818 762 58 704 671 585 565 545 469 444 47 397 76 368 334 80 45 254 172 107 82 54 75 65 45 86 59 56
is_linear=0
shrinkage=0.05


Tree=287
num_leaves=31
num_cat=0
split_feature=8 3 4 6 0 7 0 2 4 7 3 9 5 2 5 5 7 7 5 7 2 3 5 3 3 4 5 3 3 5
split_gain=5.77692 40.8265 117.536 77.6312 86.5148 114.872 91.5938 89.7858 118.577 85.701 71.6345 66.5989 86.1872 64.2967 63.1 100.061 79.6504 82.0927 65.6809 63.3399 63.0313 60.1834 58.5914 71.4296 70.8462 48.1171 43.6518 41.7729 41.6873 39.6824
threshold=1.5000000000000002 7.1080094473407138 11.581462411786573 1.0000000180025095e-35 11.500000000000002 0.16775933788214709 16.500000000000004 17.928571428571434 14.799858900113348 0.09073546456230587 7.9041881604748268 3.5000000000000004 14.931187728976022 14.642857142857144 14.218677271985952 13.550681937761434 0.40691040802460149 0.7649510975891981 13.71096735550047 0.31681617810221518 14.071428571428573 8.1737093054208803 14.437606200135077 6.4770657671804592 6.2373681873657283 12.356983091313497 13.102301133964747 5.6778600932125114 5.3117078709447698 17.749745411860165
decision_type=2 2 2 2 2 2 2 2 2 2 2 2 2 2 2 2 2 2 2 2 2 2 2 2 2 2 2 2 2 2
left_child=1 14 -3 4 11 9 -7 8 13 -6 -10 20 -13 -8 15 16 26 25 -17 -20 -4 -22 -16 24 -24 28 27 -1 -18 -2
right_child=29 2 3 -5 5 6 7 -9 10 -11 -12 12 -14 -15 22 18 17 -19 19 -21 21 -23 23 -25 -26 -27 -28 -29 -30 -31
leaf_value=0.055121488886929693 0.0018833810158408581 0.096291031024551832 -0.06545125505198604 -0.067230368915357094 -0.0015447706873105331 -0.044895148759001288 0.062524757176064524 -0.050663990279038756 0.18275956049561504 -0.13146975085139276 0.056893553240941121 0.12492011332431355 0.019664366725014478 -0.043331506801769143 0.060284945492943137 -0.13910503220558165 -0.046787279196407489 0.043725581596726959 0.012514425351701934 -0.081076671780707932 0.092564900478591103 -0.02450928269397645 -0.0032025248921194746 -0.051819740839709999 0.074470317243214915 -0.0030441290565899441 0.079927764516644961 -0.038904166773513514 -0.14198423254749049 -0.059044991378430972
leaf_weight=21 2613 35 23 38 22 58 26 27 20 30 26 37 41 32 39 25 23 23 29 48 23 21 215 64 34 21 29 27 23 27
leaf_count=21 2613 35 23 38 22 58 26 27 20 30 26 37 41 32 39 25 23 23 29 48 23 21 215 64 34 21 29 27 23 27
internal_value=-6.48452e-11 -0.00308061 0.00822695 0.000957508 0.0076703 -0.0106907 0.00741594 0.0305766 0.0516679 -0.0765015 0.111618 0.0381876 0.0695934 0.0041213 -0.0114384 -0.0296704 -0.00583796 -0.0377776 -0.0686901 -0.0458281 0.00162566 0.0366886 0.00249459 -0.00470612 0.00740341 -0.0657563 0.0314941 0.00223206 -0.0943858 0.00126025
internal_weight=3720 1080 459 424 386 241 189 131 104 52 46 145 78 58 621 269 167 90 102 77 67 44 352 313 249 67 77 48 46 2640
internal_count=3720 1080 459 424 386 241 189 131 104 52 46 145 78 58 621 269 167 90 102 77 67 44 352 313 249 67 77 48 46 2640
is_linear=0
shrinkage=0.05


Tree=288
num_leaves=31
num_cat=0
split_feature=7 2 4 8 5 9 0 7 5 7 3 5 2 7 7 8 5 0 7 8 0 2 7 4 4 3 3 8 3 8
split_gain=5.97131 33.6094 71.4304 68.1863 73.0025 66.6432 44.1879 37.7064 63.0072 14.0424 19.5561 9.29397 8.15242 66.2042 77.7469 74.0588 50.0841 73.1305 49.161 108.974 51.4599 48.0984 86.9992 60.7645 65.4813 58.5157 113.509 66.5015 53.9502 46.524
threshold=0.81274868348893181 17.928571428571434 16.725429451197371 3.5000000000000004 15.096075002343236 3.5000000000000004 8.5000000000000018 0.82329845595141093 13.863552379718399 0.80441415073514488 6.5683222471843683 11.494123187890848 16.642857142857149 0.75516464203108058 0.72224782604995996 2.5000000000000004 16.203624186844724 17.500000000000004 0.78411548783517437 2.5000000000000004 10.500000000000002 16.785714285714288 0.28755196164259073 15.806088748560191 16.069169918940464 8.7858106539118186 9.1078197694278646 3.5000000000000004 8.3380933893703837 3.5000000000000004
decision_type=2 2 2 2 2 2 2 2 2 2 2 2 2 2 2 2 2 2 2 2 2 2 2 2 2 2 2 2 2 2
left_child=9 2 3 4 6 -5 -2 -8 -9 11 -11 -1 16 14 21 -15 18 29 -13 -20 -21 22 -14 -23 -25 28 -27 -28 -26 -18
right_child=1 -3 -4 5 -6 -7 7 8 -10 10 -12 12 13 15 -16 -17 17 -19 19 20 -22 23 -24 24 25 26 27 -29 -30 -31
leaf_value=0.029377935771588926 0.063880942619982214 0.053941226787865164 -0.083872015774250033 0.0035875744021990723 0.099208737079364562 -0.10057824826134104 0.030603576637804511 -0.11218948543071748 0.01043109494176778 -0.0032863969914615158 0.065027501508593558 0.0012117981326372307 0.1328810603916645 0.13514455668628217 -0.066828913688659661 0.0035876729242179705 -0.044115943763707137 -0.09697280079126358 -0.12774615253632268 0.056968933603037966 -0.041740008551747573 -0.040678712087018148 0.0034467933951197447 0.089372244088546104 0.00066549326194617804 0.1300997242331505 -0.039600088875237353 0.060575474798679356 -0.063391944517691937 0.038922856219353215
leaf_weight=27 21 20 31 34 24 28 24 20 22 22 20 2502 20 20 40 23 37 33 24 23 31 77 37 23 378 25 37 30 36 31
leaf_count=27 21 20 31 34 24 28 24 20 22 22 20 2502 20 20 40 23 37 33 24 23 31 77 37 23 378 25 37 30 36 31
internal_value=-1.38217e-10 -0.00791398 -0.0139782 -0.00145389 0.0220062 -0.0434551 0.000708966 -0.0193912 -0.0479597 0.000507074 0.029244 0.000157638 -7.25773e-05 0.00455054 0.00086671 0.0647769 -0.00135898 -0.0358988 -6.83858e-06 -0.039097 0.000302689 0.00495091 0.0488623 0.000820629 0.00686118 0.00311067 0.0391799 0.00525464 -0.00490472 -0.00626002
internal_weight=3720 224 204 173 111 62 87 66 42 3496 42 3454 3427 746 703 43 2681 101 2580 78 54 663 57 606 529 506 92 67 414 68
internal_count=3720 224 204 173 111 62 87 66 42 3496 42 3454 3427 746 703 43 2681 101 2580 78 54 663 57 606 529 506 92 67 414 68
is_linear=0
shrinkage=0.05


Tree=289
num_leaves=31
num_cat=0
split_feature=0 3 3 0 8 7 5 5 7 0 8 4 4 7 8 1 7 7 5 4 7 1 1 4 0 1 2 3 4 5
split_gain=5.89237 36.8938 83.9782 35.0486 75.0691 91.5724 67.5556 63.9546 48.0174 33.5663 118.27 149.955 172.594 103.932 38.206 30.8984 48.3765 38.7327 148.056 93.9898 124.272 130.33 152.489 165.587 123.274 97.9501 81.1194 79.3718 64.8594 57.4504
threshold=13.500000000000002 2.8743499452978107 3.3058370287123595 14.500000000000002 4.5000000000000009 0.38907274732114289 14.711238397240932 13.476572262979916 0.42915757408335492 15.500000000000002 5.5000000000000009 12.82836191910218 14.858027099328728 0.46235292041081527 1.5000000000000002 3.5000000000000004 0.42219642541193952 0.53158523097013355 16.912558006388416 12.957133205317712 0.67501476378565517 17.500000000000004 14.500000000000002 14.156439406523704 23.500000000000004 14.500000000000002 15.928571428571431 6.6044717895564977 12.53219691637417 14.999472908476461
decision_type=2 2 2 2 2 2 2 2 2 2 2 2 2 2 2 2 2 2 2 2 2 2 2 2 2 2 2 2 2 2
left_child=-1 -2 -3 4 6 -6 7 -4 -8 10 11 -5 14 -14 -13 16 -11 -17 19 28 24 22 23 -22 25 26 -21 -23 -19 -27
right_child=1 2 3 9 5 -7 8 -9 -10 15 -12 12 13 -15 -16 17 -18 18 -20 20 21 27 -24 -25 -26 29 -28 -29 -30 -31
leaf_value=-0.002102247108724877 -0.059728812240064148 0.090210520282939632 0.042034494344677244 0.07899096263397952 0.14507440179586412 0.0069527874390284232 -0.0091055188179016127 -0.062582040236641975 0.083377457968890678 0.011794610924663999 -0.11767134832011328 -0.051544358084599173 0.08463098041247577 -0.044909120053052906 -0.14009911952347592 -0.0036737966397117766 -0.096861589029431344 -0.00075410099518371794 -0.10644148803502321 0.1892880330991113 0.11433929843561991 -0.098686173154662049 0.12160444330228003 -0.023690491037193648 0.0067266070564824436 -0.024415839612483978 0.075686291443804898 -0.0021051830970324004 -0.086333179177233474 0.087391079962253579
leaf_weight=1758 24 27 21 40 24 24 25 48 32 21 27 21 32 30 29 918 20 123 25 33 28 36 38 97 63 20 30 52 27 27
leaf_count=1758 24 27 21 40 24 24 25 48 32 21 27 21 32 30 29 918 20 123 25 33 28 36 38 97 63 20 30 52 27 27
internal_value=6.3178e-11 0.00188366 0.00264667 0.0014095 0.0228039 0.0760136 0.00253355 -0.0307422 0.0428147 -0.000733634 -0.0212395 -0.0041102 -0.0337892 0.0219503 -0.102906 0.00162231 -0.0412084 0.00277989 0.0126705 0.0178583 0.0298925 0.0074196 0.0338926 0.00722818 0.0624978 0.0944394 0.135192 -0.0416156 -0.0161583 0.0398137
internal_weight=3720 1962 1938 1911 174 48 126 69 57 1737 179 152 112 62 50 1558 41 1517 599 574 424 251 163 125 173 110 63 88 150 47
internal_count=3720 1962 1938 1911 174 48 126 69 57 1737 179 152 112 62 50 1558 41 1517 599 574 424 251 163 125 173 110 63 88 150 47
is_linear=0
shrinkage=0.05


Tree=290
num_leaves=31
num_cat=0
split_feature=1 1 9 0 9 5 7 4 0 4 4 1 7 2 2 5 4 5 5 0 0 4 5 2 3 4 4 0 4 9
split_gain=5.92825 33.55 58.7818 157.799 100.439 95.4365 40.087 47.1528 36.708 28.239 39.2999 37.9582 80.3803 72.0359 54.656 48.5763 69.9484 47.7759 44.6471 44.2107 138.848 81.8463 75.0148 60.4296 127.337 62.5037 59.9943 52.5149 93.8266 73.6196
threshold=19.500000000000004 21.500000000000004 3.5000000000000004 8.5000000000000018 4.5000000000000009 14.692097314451379 0.6553990435939302 13.111006111798998 17.500000000000004 19.577981262407199 18.810705281048129 22.500000000000004 0.49582585643233962 15.071428571428573 14.785714285714286 16.043660705057096 16.830384385516528 16.249782541634058 16.737414395340434 10.500000000000002 11.500000000000002 15.5939316892352 14.654020148029447 12.785714285714286 5.4772255750516559 14.494493810713779 15.5939316892352 14.500000000000002 11.10378243491982 3.5000000000000004
decision_type=2 2 2 2 2 2 2 2 2 2 2 2 2 2 2 2 2 2 2 2 2 2 2 2 2 2 2 2 2 2
left_child=-1 2 3 -2 5 -4 7 -5 -9 10 11 12 13 -3 -14 16 19 -17 -19 23 -21 22 27 24 -13 -25 -27 -22 -29 -30
right_child=1 9 4 6 -6 -7 -8 8 -10 -11 -12 15 14 -15 -16 17 -18 18 -20 20 21 -23 -24 25 -26 26 -28 28 29 -31
leaf_value=-0.0011350454260611999 0.086960136867833868 -0.11496774162001469 0.034979637811581296 -0.079881736458363869 0.0059544596019424972 0.16874938483039539 -0.096356336772441875 -0.036265431770256588 0.057222597088132592 0.054572074611981713 -0.063385886698961266 0.094186771884560594 0.079126197383517324 0.0011471042578870599 -0.036366996666765773 0.097214146316051492 -0.065739019173197452 -0.029563332987683162 0.064454236876664933 -0.12285580759247144 0.034948660482962933 -0.065014642597855749 0.054668360827611645 0.13099819194702875 -0.0597011409557947 -0.016512570977211 0.095285560786724094 0.054986994087018751 -0.13824738115072252 -0.021523758407149998
leaf_weight=2811 33 34 30 22 79 24 24 21 21 21 27 20 21 22 20 25 40 28 23 24 45 37 77 21 41 30 20 22 22 35
leaf_count=2811 33 34 30 22 79 24 24 21 21 21 27 20 21 22 20 25 40 28 23 24 45 37 77 21 41 30 20 22 22 35
internal_value=1.84117e-10 0.00351003 0.0189355 -0.00628236 0.041878 0.0944329 -0.0412483 -0.0205828 0.0104786 -0.00247175 -0.00436122 -0.00173574 -0.0304057 -0.0693512 0.0227881 0.00371718 -0.00274024 0.0405925 0.0128367 0.00365558 -0.00823278 0.00332585 0.0159059 0.0272522 -0.00924609 0.0586098 0.0282067 -0.00816428 -0.0327223 -0.066575
internal_weight=3720 909 254 121 133 54 88 64 42 655 634 607 97 56 41 510 434 76 51 394 262 238 201 132 61 71 50 124 79 57
internal_count=3720 909 254 121 133 54 88 64 42 655 634 607 97 56 41 510 434 76 51 394 262 238 201 132 61 71 50 124 79 57
is_linear=0
shrinkage=0.05


Tree=291
num_leaves=31
num_cat=0
split_feature=5 0 5 4 4 4 5 5 2 2 2 5 7 8 5 4 4 3 3 3 2 3 3 8 2 5 0 7 4 0
split_gain=5.68972 17.6735 9.65876 57.5218 51.0162 61.8605 66.1895 61.0835 44.764 35.0486 30.7696 26.6046 25.7918 23.0431 19.0308 18.4497 22.9647 16.2429 15.618 85.1921 64.384 80.4156 85.2518 56.3043 54.725 48.2114 77.78 67.6638 73.2963 104.986
threshold=11.647563274155504 10.500000000000002 12.65415813906198 12.582888572752969 11.326143496166738 10.855392144112175 12.493241519892832 12.271820427177964 12.357142857142859 9.9285714285714306 10.928571428571431 12.78901861878987 0.4690207787425672 2.5000000000000004 12.85204994546015 10.049380507584218 10.436263422837783 6.6939916200667469 5.7569833370313974 5.6778600932125114 11.357142857142859 5.9120538692049323 5.9401779675119455 2.5000000000000004 11.642857142857144 13.69509551906698 9.5000000000000018 0.20957504761969256 13.773943201303686 15.500000000000002
decision_type=2 2 2 2 2 2 2 2 2 2 2 2 2 2 2 2 2 2 2 2 2 2 2 2 2 2 2 2 2 2
left_child=1 -1 3 4 5 6 7 9 10 -2 -6 13 -11 -4 -13 17 -17 -16 19 25 23 -22 -23 -20 -24 26 -18 -28 29 -29
right_child=2 -3 11 -5 8 -7 -8 -9 -10 12 -12 14 -14 -15 15 16 18 -19 20 -21 21 22 24 -25 -26 -27 27 28 -30 -31
leaf_value=0.014367714761333032 0.045992603767081169 -0.048317134704278869 -0.0003382529531206404 0.080140376778749328 -0.016424172974768139 0.089515076264739035 0.079588303909353592 -0.090263289780843831 0.027872300511226057 0.01216711437702179 -0.097797772460258933 0.039771521377066771 -0.062996899513971236 -0.062448294926434757 -0.05665685755235178 0.047957521185278899 -0.027887499758314033 0.0019746791039194382 6.31953661258404e-05 0.077610463486650058 -0.049313444344372286 0.092930256798863409 0.064948609657585629 -0.080817979248240593 -0.00093605351906107738 -0.003349123014159368 -0.021150348984104183 0.046856485338260728 -0.015151394477912359 0.17160778893874243
leaf_weight=22 32 23 28 26 21 25 23 21 20 25 26 30 21 32 27 25 48 21 39 39 82 25 32 48 2092 744 28 48 21 26
leaf_count=22 32 23 28 26 21 25 23 21 20 25 26 30 21 32 27 25 48 21 39 39 82 25 32 48 2092 744 28 48 21 26
internal_value=-1.23618e-10 -0.0176712 0.000216382 0.00991388 0.00138169 0.0178632 0.0031804 -0.0145709 -0.0347792 0.00580777 -0.0614394 -0.000461172 -0.0221469 -0.0334636 0.000125538 -0.000230032 0.00021802 -0.0310056 -0.000146738 0.00523793 -0.00236286 -0.000717308 0.00113699 -0.0445609 5.65591e-05 0.0021532 0.0260931 0.0471587 0.0672919 0.090688
internal_weight=3720 45 3675 240 214 147 122 99 67 78 47 3435 46 60 3375 3345 3297 48 3272 954 2318 2231 2149 87 2124 915 171 123 95 74
internal_count=3720 45 3675 240 214 147 122 99 67 78 47 3435 46 60 3375 3345 3297 48 3272 954 2318 2231 2149 87 2124 915 171 123 95 74
is_linear=0
shrinkage=0.05


Tree=292
num_leaves=31
num_cat=0
split_feature=7 2 5 7 4 3 5 2 7 3 5 3 7 3 5 3 7 7 8 5 5 3 7 7 3 8 8 1 4 7
split_gain=5.69262 30.6045 63.7376 34.8594 59.7642 27.671 20.8493 42.7982 12.8741 17.6324 8.99585 8.95426 85.7447 70.4061 47.9617 67.8566 61.5757 112.966 117.159 66.8238 40.6218 38.553 38.2562 87.3559 65.5364 41.3743 115.084 125.038 103.37 111.31
threshold=0.81274868348893181 17.928571428571434 15.542089947645099 0.83285073720353064 12.761707183731898 7.5498344352707463 13.752833182006231 14.642857142857144 0.80441415073514488 6.5683222471843683 11.494123187890848 4.9809159608975344 0.75964736878861505 4.898979485566362 14.988470496022531 4.7759317216145121 0.64006661334987991 0.37463955187973802 2.5000000000000004 15.555068591720476 14.820459052377052 5.0896720822428172 0.16390499329608632 0.20957504761969256 4.3369947901195163 1.5000000000000002 2.5000000000000004 21.500000000000004 12.53219691637417 0.49582585643233962
decision_type=2 2 2 2 2 2 2 2 2 2 2 2 2 2 2 2 2 2 2 2 2 2 2 2 2 2 2 2 2 2
left_child=8 2 3 6 -5 -6 -2 -8 10 -10 -1 12 13 14 20 16 17 19 -19 -16 22 -13 24 -24 -12 -25 -27 28 -28 -30
right_child=1 -3 -4 4 5 -7 7 -9 9 -11 11 21 -14 -15 15 -17 -18 18 -20 -21 -22 -23 23 25 -26 26 27 -29 29 -31
leaf_value=0.028908354595855432 0.0082635222324009602 0.051298285573720938 -0.07192762478401786 -0.023629369768427638 0.093523133718050447 0.018234415222769199 -0.094386048971310921 0.0010609227853516738 -0.0028782870276534761 0.061988730244338514 0.069174923471042093 0.04217960777958589 0.079771826575909352 -0.07136548799137736 0.040139294103268656 0.092486049652099611 -0.073771567778153857 0.17004744686186313 0.012742630058321462 -0.051962309054754401 -0.074667222583149048 0.00027693048751441983 -0.11682998543782604 -0.047945205574589117 -0.038099882424770234 0.072627743836059119 0.002001482598921832 0.062007193782312037 -0.02779045923854466 -0.17420621946454051
leaf_weight=27 29 20 38 41 26 23 23 24 22 20 35 56 28 43 31 25 22 20 29 54 27 2776 21 56 24 43 51 34 27 25
leaf_count=27 29 20 38 41 26 23 23 24 22 20 35 56 28 43 31 25 22 20 29 54 27 2776 21 56 24 43 51 34 27 25
internal_value=-7.80515e-11 -0.0077271 -0.0135139 -0.000142084 0.0209132 0.0581835 -0.025076 -0.0456472 0.0004951 0.0280108 0.000160515 -6.59785e-05 -0.00564189 -0.00985985 -0.00481263 0.0160111 0.00375554 0.0164839 0.0769487 -0.0183723 -0.0158013 0.00110551 -0.0107716 -0.0191072 0.0255377 -0.0104115 0.00126564 -0.0211327 -0.0485769 -0.0981827
internal_weight=3720 224 204 166 90 49 76 47 3496 42 3454 3427 595 567 524 181 156 134 49 85 343 2832 316 257 59 236 180 137 103 52
internal_count=3720 224 204 166 90 49 76 47 3496 42 3454 3427 595 567 524 181 156 134 49 85 343 2832 316 257 59 236 180 137 103 52
is_linear=0
shrinkage=0.05


Tree=293
num_leaves=31
num_cat=0
split_feature=5 2 4 0 4 5 2 1 3 5 5 4 3 5 1 0 5 8 4 4 2 7 5 5 5 1 4 5 3 4
split_gain=5.70463 17.383 9.05818 63.1898 10.5877 32.7008 11.3959 51.2415 20.4201 14.2308 18.5256 51.8525 42.6612 20.7177 53.0517 54.8344 36.9634 38.5265 35.4794 24.8946 43.0769 27.2486 23.2405 32.0509 26.5924 155.796 79.2076 36.8655 60.83 56.9453
threshold=11.647563274155504 9.7857142857142865 9.4102420859156641 15.500000000000002 10.049380507584218 13.126793414830354 10.357142857142859 11.500000000000002 5.3363086938623168 12.021048871938655 12.493241519892832 10.855392144112175 6.2163376255910707 12.754271047234429 16.500000000000004 12.500000000000002 12.951608688134103 4.5000000000000009 12.82836191910218 10.728784271740423 10.928571428571431 0.51743663576415433 13.008593190174411 13.05677546761016 13.249344222509469 17.500000000000004 12.695463085608299 13.488134550659803 5.1130086194780811 13.751684704271552
decision_type=2 2 2 2 2 2 2 2 2 2 2 2 2 2 2 2 2 2 2 2 2 2 2 2 2 2 2 2 2 2
left_child=1 -1 3 -2 5 -4 7 -6 -9 -8 11 -11 -13 14 15 -12 17 18 -15 21 -21 -18 -22 -24 25 26 -25 28 -26 -30
right_child=2 -3 4 -5 6 -7 9 8 -10 10 13 12 -14 16 -16 -17 19 -19 -20 20 22 -23 23 24 27 -27 -28 -29 29 -31
leaf_value=-0.049468838711353866 -0.024902103796149745 0.012698624056318534 0.0093123972415924076 0.081725157983601096 -0.0314880546746832 -0.063459021798693213 0.039013280816700149 0.0080792262972820376 0.070445424573762072 -0.089563892375339169 0.097381427884101868 -0.0542089172594604 0.036953650189168526 -0.025821902249988756 -0.030243808243955884 -0.0072610050794624159 -0.0016990742087364197 0.015952073237193481 -0.10560862645506859 -0.051683080010116102 0.047610821401198898 0.080836630612611773 -0.056243932120501994 -0.080508893176361368 -0.086801558877191237 0.12768600053602347 0.034199945935431651 0.0010714267049290629 0.017114462442439075 -0.056424347609281549
leaf_weight=22 33 23 38 24 33 26 23 21 35 22 31 21 33 38 28 21 20 28 22 40 26 20 25 27 31 27 34 2831 77 40
leaf_count=22 33 23 38 24 33 26 23 21 35 22 31 21 33 38 28 21 20 28 22 40 26 20 25 27 31 27 34 2831 77 40
internal_value=-1.192e-10 -0.0176944 0.000216665 0.0199936 -9.49112e-05 -0.020251 0.000268057 0.0179342 0.0470581 -0.000185707 -0.00044764 -0.0248595 0.00150154 0.000103548 0.025244 0.055122 -0.000508513 -0.0324769 -0.055077 0.000371167 -0.00012532 0.0395688 0.000536101 0.000140259 0.000599863 0.0276884 -0.0165728 -0.000200336 -0.0245271 -0.00802701
internal_weight=3720 45 3675 57 3618 64 3554 89 56 3465 3442 76 54 3366 80 52 3286 88 60 3198 3158 40 3118 3092 3067 88 61 2979 148 117
internal_count=3720 45 3675 57 3618 64 3554 89 56 3465 3442 76 54 3366 80 52 3286 88 60 3198 3158 40 3118 3092 3067 88 61 2979 148 117
is_linear=0
shrinkage=0.05


Tree=294
num_leaves=31
num_cat=0
split_feature=0 3 3 0 1 7 8 7 9 0 7 1 7 1 3 4 5 2 5 5 7 7 5 1 3 4 4 4 4 7
split_gain=5.55995 32.0572 77.8065 31.5245 70.9074 116.156 61.741 87.4964 56.0654 30.9452 106.977 92.3032 123.505 165.187 119.978 103.182 75.1683 111.875 48.5701 135.965 110.053 72.2668 66.7495 29.8878 33.8641 35.9182 44.8528 78.0169 103.571 85.6742
threshold=13.500000000000002 2.8743499452978107 3.3058370287123595 14.500000000000002 9.5000000000000018 0.41147502190175195 4.5000000000000009 0.42915757408335492 3.5000000000000004 11.500000000000002 0.36351628482193138 15.500000000000002 0.56909947381703241 21.500000000000004 7.6749437720912281 14.40785398969893 15.051173405337753 13.214285714285717 13.564993993474966 14.155188953057248 0.19167603529873947 0.056450228405314364 15.743093133239752 28.500000000000004 9.9928543059577493 19.780272881875089 17.009895004831453 17.337805258350489 17.872574649303058 0.3327253615499145
decision_type=2 2 2 2 2 2 2 2 2 2 2 2 2 2 2 2 2 2 2 2 2 2 2 2 2 2 2 2 2 2
left_child=9 -2 -3 4 5 -4 7 8 -6 23 18 14 13 -13 15 -12 17 -14 20 -20 -11 -21 -23 24 25 26 -1 -28 -29 -30
right_child=1 2 3 -5 6 -7 -8 -9 -10 10 11 12 16 -15 -16 -17 -18 -19 19 21 -22 22 -24 -25 -26 -27 27 28 29 -31
leaf_value=0.007025075010027252 -0.055602339018757142 0.08682585978552837 0.16538541316986086 -0.00068238370230975826 -0.010833002720028163 0.007617630596671786 0.056223238964338562 0.034243227466940883 -0.11782216596603395 -0.076724277002116051 0.00081738905551341869 0.20258882964844815 -0.045982600494541906 0.014732704043388369 0.069921584613621232 -0.10198521925055462 -0.08451699770987034 0.11536035101328578 -0.15511129642355032 0.050381247486386983 0.074694618706901875 -0.082409326961663157 0.024002996459603312 -0.042700798910211876 -0.037075617704905715 0.067811253666877749 -0.082843239146929537 0.069558432325720787 -0.10520074011551009 0.0026215519370703863
leaf_weight=1078 24 27 20 1737 24 28 37 40 25 24 52 22 22 25 28 46 20 21 29 21 24 56 20 37 51 22 39 36 27 58
leaf_count=1078 24 27 20 1737 24 28 37 40 25 24 52 22 22 25 28 46 20 21 29 21 24 56 20 37 51 22 39 36 27 58
internal_value=2.34741e-10 0.00182976 0.00254099 0.00135015 0.0216405 0.0733542 0.00194002 -0.0206272 -0.0654193 -0.00204208 -0.0140705 0.00785962 0.0413262 0.102665 -0.0213572 -0.0474369 -0.00443476 0.0328128 -0.0438149 -0.0601197 -0.00101483 -0.0317202 -0.0544061 0.00161642 0.00286718 0.00448391 0.00335854 -0.0213447 -0.00152286 -0.0316279
internal_weight=3720 1962 1938 1911 174 48 126 89 49 1758 410 236 110 47 126 98 63 43 174 126 48 97 76 1348 1311 1260 1238 160 121 85
internal_count=3720 1962 1938 1911 174 48 126 89 49 1758 410 236 110 47 126 98 63 43 174 126 48 97 76 1348 1311 1260 1238 160 121 85
is_linear=0
shrinkage=0.05


Tree=295
num_leaves=31
num_cat=0
split_feature=7 7 2 7 5 4 4 3 5 7 3 7 2 1 1 1 3 0 8 0 5 2 2 4 8 7 0 8 8 5
split_gain=5.62837 86.6183 43.8845 42.5319 84.4123 106.698 63.5058 65.3706 45.5445 43.7912 45.815 65.737 58.5281 51.6399 40.9586 68.6206 103.239 96.5075 67.9466 57.0554 133.639 102.796 86.9435 85.2566 96.7146 105.454 79.2706 98.601 116.742 69.5073
threshold=0.27015960959192747 0.2794752572107948 19.928571428571434 0.23072550352129315 13.03097174621135 12.53219691637417 15.095849167072556 6.9710282727036583 14.856784611361913 0.22430453485630661 4.9617585208318564 0.15565847947566844 13.500000000000002 16.500000000000004 7.5000000000000009 10.500000000000002 6.8033605141660898 14.500000000000002 3.5000000000000004 18.500000000000004 13.231738944049093 13.785714285714286 14.785714285714286 16.888714245503976 4.5000000000000009 0.12017825400367711 14.500000000000002 2.5000000000000004 4.5000000000000009 12.878615001663253
decision_type=2 2 2 2 2 2 2 2 2 2 2 2 2 2 2 2 2 2 2 2 2 2 2 2 2 2 2 2 2 2
left_child=2 -2 3 9 -5 -6 8 -8 -7 10 11 13 -13 -1 -12 16 18 -18 -16 20 29 -21 -23 24 25 -24 -22 -28 -29 -17
right_child=1 -3 -4 4 5 6 7 -9 -10 -11 14 12 -14 -15 15 19 17 -19 -20 21 26 22 23 -25 -26 -27 27 28 -30 -31
leaf_value=0.027284564061847053 -0.070076700415876186 -8.4923697790503208e-05 0.058836145085446982 0.10388620012922078 -0.098089196942746648 0.029825495736617032 -0.062244006272020015 0.042193616458004519 0.12401838650306066 -0.06220176187654336 -0.022093736879797956 -0.12547286975383759 -0.023368399636819959 -0.040920039692095352 0.14730231669442406 -0.013053165003657342 -0.08303479925644669 0.051363485668073687 0.032224190883014515 0.057770663232076913 0.011190482158369075 -0.12819961048662662 -0.079764914856507232 -0.10393458633124829 0.097184370849281554 0.053444061614573005 0.010562385083773197 0.19717410499300891 0.032001055628061291 -0.12068471371506651
leaf_weight=64 45 2497 34 28 20 33 29 31 21 30 124 25 32 49 29 40 22 34 23 32 240 24 39 25 20 24 39 23 20 24
leaf_count=64 45 2497 34 28 20 33 29 31 21 30 124 25 32 49 29 40 22 34 23 32 240 24 39 25 20 24 39 23 20 24
internal_value=-1.15358e-10 -0.00132396 0.00285697 0.00119325 0.0249295 0.00843112 0.0271189 -0.00828457 0.0664561 -0.00272251 -0.000848166 -0.0243734 -0.0681511 -0.00229088 0.00426602 0.00923351 0.0456714 -0.00143584 0.0964024 0.00207842 0.0125754 -0.0226279 -0.0421185 -0.0229894 0.00139173 -0.0290186 0.0256915 0.0681336 0.120349 -0.053415
internal_weight=3720 2542 1178 1144 162 134 114 60 54 982 952 170 57 113 782 658 108 56 52 550 386 164 132 108 83 63 322 82 43 64
internal_count=3720 2542 1178 1144 162 134 114 60 54 982 952 170 57 113 782 658 108 56 52 550 386 164 132 108 83 63 322 82 43 64
is_linear=0
shrinkage=0.05


Tree=296
num_leaves=31
num_cat=0
split_feature=7 7 3 0 0 3 3 9 7 4 3 3 1 7 7 1 5 7 1 5 7 0 7 2 5 9 7 0 0 3
split_gain=5.91188 9.48808 9.22607 42.1565 70.3721 71.9259 22.7874 57.331 12.17 15.868 13.0236 87.866 35.9862 101.803 89.1419 81.7281 170.904 81.7038 91.8507 114.133 89.3979 121.557 224.199 118.517 65.0263 104.954 54.8515 52.3011 51.3791 49.9935
threshold=1.0000000180025095e-35 0.0078373048667990525 3.50509832753866 11.500000000000002 13.500000000000002 2.8743499452978107 3.7859388972001922 3.5000000000000004 0.016561504864339455 13.986592323369248 5.7383418445233572 5.6778600932125114 11.500000000000002 0.6487464738147366 0.56329881469711995 12.500000000000002 14.316178486548731 0.64006661334987991 19.500000000000004 14.554050132928563 0.4690207787425672 11.500000000000002 0.52176338884580831 14.642857142857144 13.564993993474966 2.5000000000000004 0.78087021789081945 20.500000000000004 15.500000000000002 5.061526214398941
decision_type=2 2 2 2 2 2 2 2 2 2 2 2 2 2 2 2 2 2 2 2 2 2 2 2 2 2 2 2 2 2
left_child=-1 -2 3 -3 -5 -6 7 -4 9 -8 11 12 13 14 27 16 -14 20 -19 -20 24 -22 -23 -24 -17 28 -15 29 -26 -10
right_child=1 2 6 4 5 -7 8 -9 10 -11 -12 -13 15 26 -16 17 -18 18 19 -21 21 22 23 -25 25 -27 -28 -29 -30 -31
leaf_value=0.025270982702141221 -0.028161811381578444 0.066142087455453552 -0.075140913891972916 -0.08314257228658313 -0.048935799430245945 0.06106121325421901 0.059167674668133267 0.023102046049165506 -0.0027724896410578174 -0.0011349686111013094 -0.0020622671374360339 0.09052212560099776 -0.15020009655106281 0.11225547045469285 -0.084809717370404145 0.037253767142693205 0.024495697287576543 -0.065793612676675481 0.10203605682953545 -0.049534168287559799 -0.022102017620125335 0.22211981754411353 -0.039923652013142907 0.1184520382256735 -0.13490470436712107 0.0016141987231094391 0.021521611944321666 -0.05313395727425814 -0.02639494873583317 0.046199574298225347
leaf_weight=23 30 29 33 21 23 42 20 27 114 24 2513 29 28 36 27 75 28 82 23 27 37 22 27 21 24 160 31 28 20 96
leaf_count=23 30 29 33 21 23 42 20 27 114 24 2513 29 28 36 27 75 28 82 23 27 37 22 27 21 24 160 31 28 20 96
internal_value=1.02838e-10 -0.000157217 7.18904e-05 0.0140102 -0.00356914 0.0221392 -0.000379378 -0.0309316 0.000145574 0.0262753 -0.000187869 0.00484995 0.00210769 0.0152104 0.00128861 -0.00547088 -0.0628522 0.000732507 -0.0332248 0.0201881 0.0123448 0.0512001 0.0899456 0.0293657 -0.00255666 -0.0171928 0.0702741 0.0110561 -0.0855821 0.0196147
internal_weight=3720 3697 3667 115 86 65 3552 60 3492 44 3448 935 906 332 265 574 56 518 132 50 386 107 70 48 279 204 67 238 44 210
internal_count=3720 3697 3667 115 86 65 3552 60 3492 44 3448 935 906 332 265 574 56 518 132 50 386 107 70 48 279 204 67 238 44 210
is_linear=0
shrinkage=0.05


Tree=297
num_leaves=31
num_cat=0
split_feature=0 7 7 8 5 5 7 7 3 4 1 0 5 4 2 3 4 4 4 4 0 2 1 5 7 4 7 2 4 7
split_gain=5.57023 36.5435 95.147 120.112 53.9962 80.9051 148.667 99.1672 54.0784 47.469 57.8751 108.832 82.2386 70.4785 67.2153 53.559 63.2447 85.5738 38.8495 34.0187 23.2917 52.7459 59.9165 73.684 91.8582 63.601 66.8192 47.6367 22.8436 19.9389
threshold=22.500000000000004 0.20641003797401616 0.12807275798618264 4.5000000000000009 14.355719418458262 13.69509551906698 0.52492508816270844 0.50987457551078519 7.5922891596811164 16.789653788949249 19.500000000000004 24.500000000000004 15.496290301695408 14.039910658381514 17.642857142857149 8.9402779406149566 17.337805258350489 18.175661619254967 15.02019856418557 14.655120353839704 20.500000000000004 18.071428571428573 15.500000000000002 13.877489674208368 0.53615226711019826 12.611393190199843 0.49582585643233962 16.357142857142858 9.0017859607528106 0.37116367046161153
decision_type=2 2 2 2 2 2 2 2 2 2 2 2 2 2 2 2 2 2 2 2 2 2 2 2 2 2 2 2 2 2
left_child=20 2 3 -2 5 7 -7 -3 -9 10 11 -6 13 -13 -14 16 -11 -18 -12 -4 28 22 23 -22 27 -24 -27 -25 -1 -30
right_child=1 4 19 -5 9 6 -8 8 -10 15 18 12 14 -15 -16 -17 17 -19 -20 -21 21 -23 25 24 -26 26 -28 -29 29 -31
leaf_value=-0.039754546029227122 -0.040224200836001117 0.079047970201354484 0.045859337598085408 0.084863533535307012 -0.11739691754705028 0.0074956477564923907 0.17929454957135024 -0.11572974491864443 -0.0021292477507482877 0.10060702615107101 0.049741575076724547 0.010878653265535831 0.09551023034886881 -0.099137544470864369 -0.029549452910820645 -0.057022308957363876 -0.070440786866390187 0.055195051936827826 -0.036036417717960754 0.13808014251291753 -0.084956721739754798 0.03775633624509761 0.021257743760943415 0.016671293448995463 0.088123580669203116 -0.033444671891629696 -0.13274455515784211 -0.081121448706835519 -0.003835283068138746 0.0045119294813992655
leaf_weight=35 61 20 20 28 38 34 20 20 22 24 33 24 22 37 21 21 23 33 22 20 21 38 20 33 31 36 32 20 1266 1645
leaf_count=35 61 20 20 28 38 34 20 20 22 24 33 24 22 37 21 21 23 33 22 20 21 38 20 33 31 36 32 20 1266 1645
internal_value=-2.65205e-11 0.00467998 0.027917 -0.000870756 -0.00256054 0.0263816 0.0711249 -0.0125884 -0.0562247 -0.0138266 -0.0281154 -0.0449817 -0.0185223 -0.0558525 0.0344346 0.0140436 0.0326983 0.00359462 0.0154304 0.0919697 -0.000799883 -0.0160886 -0.0266902 -0.00118606 0.0197566 -0.0571214 -0.080174 -0.0202316 0.00039893 0.000881709
internal_weight=3720 543 129 89 414 116 54 62 42 298 197 142 104 61 43 101 80 56 55 40 3177 231 193 105 84 88 68 53 2946 2911
internal_count=3720 543 129 89 414 116 54 62 42 298 197 142 104 61 43 101 80 56 55 40 3177 231 193 105 84 88 68 53 2946 2911
is_linear=0
shrinkage=0.05


Tree=298
num_leaves=31
num_cat=0
split_feature=7 7 3 3 2 2 2 2 4 2 0 3 1 0 1 7 7 4 9 0 8 5 3 4 1 5 3 5 4 3
split_gain=5.55702 8.27412 8.50422 43.3159 65.7038 64.3739 40.1482 51.209 42.4351 61.2733 44.5753 38.9639 63.4541 65.5353 34.402 49.9772 105.283 96.4594 80.829 89.4527 87.4118 182.521 80.7676 76.0972 68.6436 65.5594 63.9143 62.0318 136.341 57.8912
threshold=1.0000000180025095e-35 0.0078373048667990525 7.3872476993416631 7.6749437720912281 12.500000000000002 11.500000000000002 13.071428571428573 16.785714285714288 15.806088748560191 14.357142857142859 18.500000000000004 7.8193898190880109 11.500000000000002 9.5000000000000018 9.5000000000000018 0.28375172070308757 0.56002766149172967 13.628526087437541 2.5000000000000004 18.500000000000004 1.5000000000000002 14.828526163035525 8.4571745635211268 17.444833100412477 21.500000000000004 16.535016453803546 8.081430667864316 16.020390956454992 16.325033468601372 9.3018171865464705
decision_type=2 2 2 2 2 2 2 2 2 2 2 2 2 2 2 2 2 2 2 2 2 2 2 2 2 2 2 2 2 2
left_child=-1 -2 -3 4 5 -4 -6 8 9 -8 -11 12 -5 -14 -13 17 18 -16 19 -17 21 -20 26 27 29 -25 -22 28 -19 -24
right_child=1 2 3 11 6 -7 7 -9 -10 10 -12 14 13 -15 15 16 -18 23 20 -21 22 -23 24 25 -26 -27 -28 -29 -30 -31
leaf_value=0.024500799632590751 -0.026304190739368401 0.0018353534915782654 -0.028963653929531576 0.077445319702937498 -0.10136721802964098 0.097896371050737799 0.017072527339825266 -0.078365930689400759 0.037543334066867828 -0.11176884723110841 -0.016211390106574349 -0.018918251651636464 -0.065095581784844411 0.036706789383708048 -0.037769773207148728 -0.12620774829073955 0.015620176626114752 0.045091181185463791 0.14297654318312805 0.002377525894414811 -0.03377170393553873 -0.042017052620649337 0.065085262243690739 -0.066819390505552287 -0.078691439460153167 0.054633756726980211 -0.15321451081406504 -0.016346322000026704 0.18086609780788421 -0.037624139435913251
leaf_weight=23 30 2377 20 42 21 20 39 38 32 26 23 235 25 43 49 38 278 71 24 21 24 30 34 25 23 20 21 20 25 23
leaf_count=23 30 2377 20 42 21 20 39 38 32 26 23 235 25 43 49 38 278 71 24 21 24 30 34 25 23 20 21 20 25 23
internal_value=-6.3584e-11 -0.000152426 6.15236e-05 -0.003207 -0.0234685 0.0344664 -0.0364148 -0.0277819 -0.0117636 -0.0296934 -0.0669153 0.000936108 0.0291246 -0.000720553 -0.00229046 0.00309181 -0.00527716 0.0236556 -0.0296867 -0.0804401 -0.0129579 0.0402023 -0.0359231 0.0423502 -0.00577949 -0.0128402 -0.0895117 0.0637603 0.0804492 0.0236411
internal_weight=3720 3697 3667 1290 219 40 179 158 120 88 49 1071 110 68 961 726 516 210 238 59 179 54 125 161 80 45 45 116 96 57
internal_count=3720 3697 3667 1290 219 40 179 158 120 88 49 1071 110 68 961 726 516 210 238 59 179 54 125 161 80 45 45 116 96 57
is_linear=0
shrinkage=0.05


Tree=299
num_leaves=31
num_cat=0
split_feature=3 3 5 0 7 8 7 7 7 7 7 0 4 3 3 1 3 7 3 8 8 2 5 2 0 0 8 4 5 4
split_gain=5.77774 61.2761 53.377 32.6573 40.2648 38.3586 61.0241 93.4351 59.336 133.511 58.6936 47.5562 42.7087 41.4065 54.8478 39.8343 30.3612 50.7207 65.953 108.548 37.3601 54.042 97.2732 89.3414 26.1906 62.1304 40.6676 31.1673 51.7725 32.5693
threshold=8.7858106539118186 8.9176119222137604 15.542089947645099 4.5000000000000009 0.45838697673384565 3.5000000000000004 0.13223914543186535 0.60007563442834455 0.7346427192240329 0.56909947381703241 0.73169975857297553 24.500000000000004 14.879960130557428 9.2027405893447192 9.6164541529708618 13.500000000000002 8.1998838551588875 0.12017825400367711 8.2649574551113449 1.0000000180025095e-35 3.5000000000000004 14.928571428571431 14.342249449893037 17.071428571428573 26.500000000000004 29.500000000000004 3.5000000000000004 20.931808402111059 17.071658533067275 18.898102492529613
decision_type=2 2 2 2 2 2 2 2 2 2 2 2 2 2 2 2 2 2 2 2 2 2 2 2 2 2 2 2 2 2
left_child=16 2 -2 4 -3 6 -5 11 9 13 -9 12 -8 -7 -15 -14 24 -18 -19 -20 21 22 -21 -23 27 26 -26 28 -1 -30
right_child=1 3 -4 5 -6 8 7 10 -10 -11 -12 -13 15 14 -16 -17 17 18 19 20 -22 23 -24 -25 25 -27 -28 -29 29 -31
leaf_value=0.0019992190922282554 0.010422302422023589 -0.085880533652380117 0.10861750984191894 -0.06785010607226899 0.010178513899445534 -0.049652255428108305 0.11485608287510418 -0.082450467854356169 -0.032592766359448432 0.13516636097005436 0.0089161246840376417 -0.025198845386505127 -0.009916283296687263 0.08250439704528878 -0.01024825673651051 0.078889434039592754 0.036750525726299541 -0.10060634246239296 0.079403038265613415 -0.076813943424661246 -0.0063384753919538406 -0.1633918914605271 0.065542112787564596 -0.020896730301055044 -0.021966349779693195 0.038770657191397967 -0.10321040653313202 0.058295725161830583 -0.082199797431627919 -0.0031160324164058849
leaf_weight=2821 31 24 25 38 20 22 21 39 37 28 32 25 28 28 37 23 38 26 26 28 87 22 21 22 43 27 24 24 30 23
leaf_count=2821 31 24 25 38 20 22 21 39 37 28 32 25 28 28 37 23 38 26 26 28 87 22 21 22 43 27 24 24 30 23
internal_value=-1.51688e-10 0.0052588 0.0542594 -0.00156716 -0.0422173 0.00342895 -0.0106298 0.00231283 0.0224823 0.0402021 -0.0412712 0.0342145 0.0548441 0.00963894 0.0297067 0.0301334 -0.000738361 -0.0167962 -0.0255668 -0.0160957 -0.02989 -0.0519221 -0.0158042 -0.0921443 0.000710707 -0.0252638 -0.0510687 0.00155322 0.00107938 -0.0478804
internal_weight=3720 458 56 402 44 358 206 168 152 115 71 97 72 87 65 51 3262 270 232 206 180 93 49 44 2992 94 67 2898 2874 53
internal_count=3720 458 56 402 44 358 206 168 152 115 71 97 72 87 65 51 3262 270 232 206 180 93 49 44 2992 94 67 2898 2874 53
is_linear=0
shrinkage=0.05


end of trees

feature_importances:
discount_ratio=1564
rolling_std_7=1429
ema_7=1299
ema_28=1274
rolling_mean_7=970
lag_7=828
lag_28=826
day_of_week=477
month=306
is_event=27

parameters:
[boosting: gbdt]
[objective: regression]
[metric: rmse]
[tree_learner: serial]
[device_type: cpu]
[data_sample_strategy: bagging]
[data: ]
[valid: ]
[num_iterations: 300]
[learning_rate: 0.05]
[num_leaves: 31]
[num_threads: 0]
[seed: 42]
[deterministic: 0]
[force_col_wise: 0]
[force_row_wise: 0]
[histogram_pool_size: -1]
[max_depth: -1]
[min_data_in_leaf: 20]
[min_sum_hessian_in_leaf: 0.001]
[bagging_fraction: 1]
[pos_bagging_fraction: 1]
[neg_bagging_fraction: 1]
[bagging_freq: 0]
[bagging_seed: 400]
[bagging_by_query: 0]
[feature_fraction: 1]
[feature_fraction_bynode: 1]
[feature_fraction_seed: 30056]
[extra_trees: 0]
[extra_seed: 12879]
[early_stopping_round: 0]
[early_stopping_min_delta: 0]
[first_metric_only: 0]
[max_delta_step: 0]
[lambda_l1: 0]
[lambda_l2: 0]
[linear_lambda: 0]
[min_gain_to_split: 0]
[drop_rate: 0.1]
[max_drop: 50]
[skip_drop: 0.5]
[xgboost_dart_mode: 0]
[uniform_drop: 0]
[drop_seed: 17869]
[top_rate: 0.2]
[other_rate: 0.1]
[min_data_per_group: 100]
[max_cat_threshold: 32]
[cat_l2: 10]
[cat_smooth: 10]
[max_cat_to_onehot: 4]
[top_k: 20]
[monotone_constraints: ]
[monotone_constraints_method: basic]
[monotone_penalty: 0]
[feature_contri: ]
[forcedsplits_filename: ]
[refit_decay_rate: 0.9]
[cegb_tradeoff: 1]
[cegb_penalty_split: 0]
[cegb_penalty_feature_lazy: ]
[cegb_penalty_feature_coupled: ]
[path_smooth: 0]
[interaction_constraints: ]
[verbosity: -1]
[saved_feature_importance_type: 0]
[use_quantized_grad: 0]
[num_grad_quant_bins: 4]
[quant_train_renew_leaf: 0]
[stochastic_rounding: 1]
[linear_tree: 0]
[max_bin: 255]
[max_bin_by_feature: ]
[min_data_in_bin: 3]
[bin_construct_sample_cnt: 200000]
[data_random_seed: 175]
[is_enable_sparse: 1]
[enable_bundle: 1]
[use_missing: 1]
[zero_as_missing: 0]
[feature_pre_filter: 1]
[pre_partition: 0]
[two_round: 0]
[header: 0]
[label_column: ]
[weight_column: ]
[group_column: ]
[ignore_column: ]
[categorical_feature: ]
[forcedbins_filename: ]
[precise_float_parser: 0]
[parser_config_file: ]
[objective_seed: 16083]
[num_class: 1]
[is_unbalance: 0]
[scale_pos_weight: 1]
[sigmoid: 1]
[boost_from_average: 1]
[reg_sqrt: 0]
[alpha: 0.9]
[fair_c: 1]
[poisson_max_delta_step: 0.7]
[tweedie_variance_power: 1.5]
[lambdarank_truncation_level: 30]
[lambdarank_norm: 1]
[label_gain: ]
[lambdarank_position_bias_regularization: 0]
[eval_at: ]
[multi_error_top_k: 1]
[auc_mu_weights: ]
[num_machines: 1]
[local_listen_port: 12400]
[time_out: 120]
[machine_list_filename: ]
[machines: ]
[gpu_platform_id: -1]
[gpu_device_id: -1]
[gpu_device_id_list: ]
[gpu_use_dp: 0]
[num_gpu: 1]

end of parameters

pandas_categorical:[]
